DROP DATABASE IF EXISTS online_clothing_store;

CREATE DATABASE online_clothing_store;
 
USE online_clothing_store; 

###Customers table creation and data import start###
-- MySQL dump 10.13  Distrib 8.0.30, for Win64 (x86_64)
--
-- Host: 127.0.0.1    Database: online_clothing_store
-- ------------------------------------------------------
-- Server version	8.0.30

/*!40101 SET @OLD_CHARACTER_SET_CLIENT=@@CHARACTER_SET_CLIENT */;
/*!40101 SET @OLD_CHARACTER_SET_RESULTS=@@CHARACTER_SET_RESULTS */;
/*!40101 SET @OLD_COLLATION_CONNECTION=@@COLLATION_CONNECTION */;
/*!50503 SET NAMES utf8 */;
/*!40103 SET @OLD_TIME_ZONE=@@TIME_ZONE */;
/*!40103 SET TIME_ZONE='+00:00' */;
/*!40014 SET @OLD_UNIQUE_CHECKS=@@UNIQUE_CHECKS, UNIQUE_CHECKS=0 */;
/*!40014 SET @OLD_FOREIGN_KEY_CHECKS=@@FOREIGN_KEY_CHECKS, FOREIGN_KEY_CHECKS=0 */;
/*!40101 SET @OLD_SQL_MODE=@@SQL_MODE, SQL_MODE='NO_AUTO_VALUE_ON_ZERO' */;
/*!40111 SET @OLD_SQL_NOTES=@@SQL_NOTES, SQL_NOTES=0 */;

--
-- Table structure for table `customers`
--

DROP TABLE IF EXISTS `customers`;
/*!40101 SET @saved_cs_client     = @@character_set_client */;
/*!50503 SET character_set_client = utf8mb4 */;
CREATE TABLE `customers` (
  `customer_id` bigint NOT NULL AUTO_INCREMENT,
  `firstname` varchar(255) NOT NULL,
  `middlename` varchar(255) DEFAULT NULL,
  `lastname` varchar(255) NOT NULL,
  `mobile_number` varchar(15) NOT NULL,
  `email` varchar(255) NOT NULL,
  `username` varchar(255) NOT NULL,
  `address` varchar(255) NOT NULL,
  `state` varchar(255) NOT NULL,
  `points` int DEFAULT '0',
  `password` varchar(255) NOT NULL,
  `registeredAt` datetime DEFAULT NULL,
  `updatedAt` datetime DEFAULT NULL,
  PRIMARY KEY (`customer_id`),
  UNIQUE KEY `uq_mobile` (`mobile_number`),
  UNIQUE KEY `uq_email` (`email`),
  UNIQUE KEY `uq_username` (`username`),
  CONSTRAINT `check_password_length` CHECK ((char_length(`password`) >= 11))
) ENGINE=InnoDB AUTO_INCREMENT=53 DEFAULT CHARSET=utf8mb4 COLLATE=utf8mb4_0900_ai_ci;
/*!40101 SET character_set_client = @saved_cs_client */;

--
-- Dumping data for table `customers`
--

LOCK TABLES `customers` WRITE;
/*!40000 ALTER TABLE `customers` DISABLE KEYS */;
INSERT INTO `customers` VALUES (1,'Jefferson',NULL,'Celia','8-216-730-5674','Celia_Jefferson315953505@deavo.com','hclogg1','Mrs. Irene Clifton, Balfe 435, Escondido - 2578, Ukraine','Colorado',57,'da907091-fb02-425e-8641-54adb517b475','2022-08-18 14:29:00','2022-09-14 19:27:44'),(2,'Taylor',NULL,'Natalie','1-638-146-4682','Natalie_Taylor1128561663@liret.org','aneeves2','Mrs. Natalie Taylor, Calshot   1656, Bridgeport - 8146, Paraguay','Florida',549,'8817bbcc-7d67-422a-938a-e332cdea6059','2020-11-19 20:57:00','2021-05-25 10:57:00'),(3,'Mcleod',NULL,'Dasha','7-043-120-5021','Dasha_Mcleod811731433@nimogy.biz','ajorden3','Ms. Dasha Mcleod, Angrave    8417, Reno - 4783, Macedonia','Indiana',671,'4ee3f8de-bf00-4852-851e-b9f6d3e40c15','2020-09-29 02:09:00','2021-01-07 19:25:00'),(4,'Amstead',NULL,'Lorraine','7-238-747-8576','Lorraine_Amstead947525046@liret.org','tperkin4','Mrs. Lorraine Amstead, Abbots   6331, Fort Lauderdale - 3006, Switzerland','Massachusetts',775,'c87c0d88-1ab1-40aa-bc6b-7a3c0ecaeb7c','2021-08-16 13:08:00','2021-06-11 04:10:00'),(5,'Ashwell',NULL,'Charlotte','8-182-402-5785','Charlotte_Ashwell1354196650@infotech44.tech','pceller5','Ms. Charlotte Ashwell, Dutton   4945, Long Beach - 1131, Suriname','South Dakota',629,'b0e0f19b-3466-4204-946f-04ce095f3245','2021-04-01 23:16:00','2022-01-13 13:24:00'),(6,'Powell',NULL,'Sadie','7-557-284-1560','Sadie_Powell743909159@gembat.biz','ptrevenu6','Ms. Sadie Powell, Monroe 2010, Irving - 6725, Cabo Verde','Maryland',918,'01d876b1-f5de-452c-8259-7328f9f3ff0d','2020-12-18 20:02:00','2021-11-03 07:32:00'),(7,'Vernon',NULL,'Peter','2-117-405-2823','Peter_Vernon1690529955@mafthy.com','kyarwood7','Mr. Peter Vernon, Elia   1655, Albuquerque - 2478, Antigua and Barbuda','Oklahoma',417,'329c51b8-b419-4224-9456-e629231c95fe','2020-09-26 16:03:00','2021-02-23 08:31:00'),(8,'James',NULL,'Martin','0-645-487-6256','Martin_James1784238693@muall.tech','jclarae8','Mr. Martin James, Dunstans  2681, Saint Paul - 3823, Haiti','North Dakota',453,'9d1920ac-9416-43d6-9864-026c650096c5','2022-05-16 11:35:00','2021-07-22 21:53:00'),(9,'Bradshaw',NULL,'Julius','7-302-104-2262','Julius_Bradshaw629508784@atink.com','neagling9','Mr. Julius Bradshaw, Abbots   5981, London - 5341, Sudan, South','Wyoming',199,'64f14fbb-08ad-481b-a3fe-11b8e13b4a3a','2022-06-16 14:21:00','2021-12-20 01:43:00'),(10,'Reynolds',NULL,'Nate','5-028-710-4353','Nate_Reynolds726989293@irrepsy.com','hgiovannettia','Mr. Nate Reynolds, Bellenden   1130, Albuquerque - 6571, Romania','Washington',36,'a2cf05bd-18e3-4eb0-aa49-d172dced62da','2021-09-03 09:22:00','2021-06-23 02:36:00'),(11,'Jackson',NULL,'Ada','3-585-672-4020','Ada_Jackson742015217@jiman.org','skingstonb','Mrs. Ada Jackson, Blue Anchor  5958, Oklahoma City - 4608, Jamaica','New York',662,'63bd0065-e388-4d02-a11d-b79024990217','2022-08-20 16:13:00','2022-03-14 01:34:00'),(12,'Robinson',NULL,'Madison','0-120-681-5025','Madison_Robinson1811348111@extex.org','mtutchingsc','Mrs. Madison Robinson, Boadicea   5624, Arlington - 3248, Nauru','Alabama',945,'6da7a49e-74a7-4068-bf63-179339a3497a','2022-05-06 01:54:00','2022-02-04 18:58:00'),(13,'Ashley',NULL,'Harmony','6-381-856-3366','Harmony_Ashley1403241443@gembat.biz','bflandersd','Miss Harmony Ashley, Bury  2473, Arlington - 1331, Cambodia','Colorado',208,'349709ea-0cdb-4982-ab7f-cc04735b5770','2021-01-09 02:06:00','2022-06-08 19:22:00'),(14,'Holmes',NULL,'Luke','1-538-441-4315','Luke_Holmes283102671@muall.tech','ccaswalle','Mr. Luke Holmes, Chalcot  9762, Philadelphia - 5438, Nauru','Kansas',587,'595ac95f-a607-4ff5-bbec-980c97e8de01','2022-03-06 06:34:00','2021-06-07 18:07:00'),(15,'Cork',NULL,'Mike','3-756-178-6081','Mike_Cork811916536@dionrab.com','ebraithwaitf','Mr. Mike Cork, Bletchley   4207, Ontario - 2713, Samoa','Massachusetts',483,'ca1d2c01-14a3-4770-a738-c68d7fefd956','2021-02-10 16:06:00','2020-11-22 10:37:00'),(16,'Grant',NULL,'Eduardo','6-207-357-3220','Eduardo_Grant1574723449@zorer.org','cprateng','Mr. Eduardo Grant, Arline    8366, Lancaster - 0062, Mali','Nevada',769,'a9e8ce4b-1bd4-4cd1-8344-b1026523b27a','2021-04-24 15:10:00','2021-06-19 04:39:00'),(17,'Yarwood',NULL,'Leroy','0-678-418-7454','Leroy_Yarwood1826583849@ovock.tech','rsemechikh','Mr. Leroy Yarwood, Magnolia 9336, Arlington - 4210, Micronesia','Tennessee',590,'e3194df2-cd17-4c81-a439-434b99bead68','2022-07-06 14:42:00','2021-07-20 05:50:00'),(18,'Faulkner',NULL,'Ethan','0-108-026-3342','Ethan_Faulkner1037477455@tonsy.org','pjaksici','Mr. Ethan Faulkner, Coley  5275, Henderson - 0513, Laos','Delaware',173,'f167feb3-f5b2-4dcb-aa00-393bbd6d65f2','2021-10-07 18:01:00','2022-05-13 04:18:00'),(19,'Bryson',NULL,'Chad','3-063-113-5210','Chad_Bryson793880885@bauros.biz','mglyssannej','Mr. Chad Bryson, Glenwood 2580, Las Vegas - 6466, Papua New Guinea','Maine',686,'eca18a3d-6809-40e8-a8f6-d412931336c3','2022-05-19 06:01:00','2021-06-08 13:28:00'),(20,'Moore',NULL,'Sylvia','2-812-673-8673','Sylvia_Moore226352998@nimogy.biz','cbeniank','Mrs. Sylvia Moore, Berriman  6765, Los Angeles - 5536, Burundi','New Jersey',295,'5d843ea1-0312-4a77-a615-c023ae163029','2022-03-25 15:15:00','2021-06-24 18:16:00'),(21,'Asher',NULL,'George','1-080-380-1814','George_Asher944710814@joiniaa.com','wgarmansl','Mr. George Asher, Parkfield  3880, Bucharest - 5548, Moldova','Massachusetts',92,'24ba2575-80f2-4cee-94fd-d7358a4fb3c1','2021-06-26 00:43:00','2022-03-20 02:46:00'),(22,'Thompson',NULL,'Boris','4-063-425-3710','Boris_Thompson38674223@qater.org','pbremeyerm','Mr. Boris Thompson, Marischal  3349, Ontario - 2088, East Timor (Timor-Leste)','New Jersey',216,'a5a46860-7f90-4084-aabb-811dbd39cdb7','2020-12-28 22:45:00','2020-09-20 13:44:00'),(23,'Asher',NULL,'Cedrick','2-852-422-1717','Cedrick_Asher31534034@elnee.tech','jgillinghamsn','Mr. Cedrick Asher, Clerkenwell 6375, Santa Ana - 5081, Bhutan','Missouri',766,'c122dde0-e163-487a-a0c1-5e7bc1a3650f','2022-02-10 13:13:00','2022-03-05 19:02:00'),(24,'Lyon',NULL,'Andrea','6-366-438-3728','Andrea_Lyon747209295@vetan.org','ctearo','Miss Andrea Lyon, Cam  9144, New York - 1545, Namibia','New Hampshire',971,'d76724cd-8b5e-4c5d-968c-b115e5d836e2','2022-06-30 18:02:00','2021-12-25 14:59:00'),(25,'Ranks',NULL,'Erick','3-463-684-8861','Erick_Ranks231824371@qater.org','dmaccrossanp','Mr. Erick Ranks, Amwell    5453, Fayetteville - 1536, Luxembourg','Illinois',903,'fb84a602-1511-4d6a-bf7c-f6ce751f520d','2022-01-18 21:16:00','2022-08-28 16:41:00'),(26,'Addley',NULL,'Aiden','1-753-402-8871','Aiden_Addley654262946@gembat.biz','psaxelbyq','Mr. Aiden Addley, Unwin  8089, Louisville - 5824, Venezuela','Louisiana',143,'62c68d2a-ca65-462f-95fe-5872fcab7fc9','2020-10-03 16:37:00','2021-09-19 02:49:00'),(27,'Brennan',NULL,'Naomi','1-863-487-8061','Naomi_Brennan901787953@dionrab.com','epriddyr','Ms. Naomi Brennan, Kimberley  4907, Paris - 6671, Myanmar','North Dakota',533,'e277e78f-bd96-4b26-a4a3-fa528bd38d29','2021-10-24 04:23:00','2020-11-10 13:24:00'),(28,'Edwards',NULL,'Anthony','4-741-713-7226','Anthony_Edwards732678153@fuliss.net','mdanniels','Mr. Anthony Edwards, Caroline  4947, Jacksonville - 8457, Austria','Florida',353,'969f678a-d431-4197-83dc-f0915a5c64f2','2021-12-30 15:44:00','2020-12-03 16:08:00'),(29,'Henderson',NULL,'Maxwell','4-800-222-6123','Maxwell_Henderson1488625792@guentu.biz','dharrowsmitht','Mr. Maxwell Henderson, Carnegie   9736, Nashville - 6807, Cabo Verde','Kansas',554,'29f35e56-69a9-4452-b218-26ded439842e','2020-11-08 21:13:00','2022-04-01 19:43:00'),(30,'Slater',NULL,'Noah','4-355-613-5172','Noah_Slater1475276537@mafthy.com','fjemmettu','Mr. Noah Slater, Meadow 3692, Stockton - 6784, Chile','Arkansas',1,'64074269-2395-495f-a76c-7f11502b78c1','2021-01-07 02:11:00','2022-05-27 05:47:00'),(31,'Roth',NULL,'Chester','3-257-532-7581','Chester_Roth902634058@gompie.com','vbalselliev','Mr. Chester Roth, Thomas More   9725, Bucharest - 8145, Tanzania','Alabama',109,'43df9514-63eb-4895-ad68-a5e4b95a99de','2022-08-23 23:16:00','2021-01-04 14:01:00'),(32,'Dubois',NULL,'Alison','8-208-231-1703','Alison_Dubois424376111@vetan.org','ajellybrandw','Miss Alison Dubois, Sheffield 7991, Pittsburgh - 6666, Laos','Wyoming',945,'038d3209-c28a-432f-94e1-37b028d16af6','2021-06-15 02:59:00','2022-03-08 05:23:00'),(33,'Clifton',NULL,'Irene','2-113-628-7175','Irene_Clifton457627376@cispeto.com','kdoex','Mrs. Irene Clifton, Balfe   273, Escondido - 2578, Ukraine','Ohio',155,'9aaf86e8-1048-424f-9348-375615eed2a0','2020-09-14 19:26:00','2022-01-26 03:30:00'),(34,'Ebbs',NULL,'George','3-036-274-7757','George_Ebbs295943676@tonsy.org','mugolettiy','Mr. George Ebbs, Bingham   810, Lyon - 2321, Burkina Faso','Utah',470,'e7604c05-0176-4bcd-868f-461a5438c90c','2022-07-07 04:20:00','2021-03-01 14:15:00'),(35,'Parr',NULL,'Hayden','8-512-123-1361','Hayden_Parr1094623938@guentu.biz','rsouthardz','Mr. Hayden Parr, Badric  1237, Washington - 1211, Serbia','New Hampshire',125,'b7d3250d-63a3-4527-b3cd-3d0acca4f169','2022-03-29 07:40:00','2021-02-22 05:46:00'),(36,'Todd',NULL,'Kendra','0-082-001-1813','Kendra_Todd506182392@famism.biz','rpayne10','Mrs. Kendra Todd, Thurloe   9208, Bridgeport - 6171, Armenia','South Carolina',654,'cd645a1a-2e96-49a1-ab3f-741505e53871','2021-12-10 20:10:00','2022-05-16 19:41:00'),(37,'Reynolds',NULL,'Anabel','0-102-115-2444','Anabel_Reynolds266139052@gmail.com','wfigure11','Ms. Anabel Reynolds, Duthie   2735, Minneapolis - 7615, Liechtenstein','Ohio',921,'09145763-04cf-4344-81c4-479982c8b76a','2022-05-05 19:00:00','2020-10-10 14:36:00'),(38,'Long',NULL,'Ron','8-586-411-6100','Ron_Long1966637680@elnee.tech','mburles12','Mr. Ron Long, Badric  5482, Bakersfield - 3712, Suriname','California',570,'7b7e641a-b22c-43c4-8468-4882e5284c22','2022-01-09 04:33:00','2020-09-06 22:45:00'),(39,'Clifton',NULL,'Felicity','8-642-277-8111','Felicity_Clifton179676731@joiniaa.com','tsowerbutts13','Ms. Felicity Clifton, Parkgate  6106, San Diego - 5271, Niger','New Jersey',494,'a704ef23-f2b5-4ef9-8d0a-f28a51849a8c','2022-06-29 20:43:00','2021-01-24 11:30:00'),(40,'Gray',NULL,'Susan','5-744-134-2433','Susan_Gray231914899@jiman.org','tsever14','Ms. Susan Gray, Chesterfield  4271, Quebec - 7876, Tuvalu','South Dakota',11,'49a5a5c7-9688-4fb0-a817-7f8539c1b950','2022-01-15 16:19:00','2022-08-31 16:55:00'),(41,'Davies',NULL,'Tony','7-562-384-6600','Tony_Davies1384703382@guentu.biz','ccradey15','Mr. Tony Davies, Carol   4443, Quebec - 7374, Eritrea','Florida',136,'c98052c0-c899-43bc-a79e-30ad40e2daa6','2022-03-31 06:18:00','2021-06-20 06:00:00'),(42,'Avery',NULL,'Regina','5-477-826-7652','Regina_Avery1184382547@gembat.biz','abeagley16','Miss Regina Avery, Capeners  3263, Garland - 2121, Israel','Vermont',155,'c37f33b1-8c18-4b66-8db1-45c8303a50b5','2021-03-13 01:23:00','2021-03-29 00:57:00'),(43,'Norburn',NULL,'Ramon','5-717-531-1721','Ramon_Norburn1743833593@hourpy.biz','kmatterson17','Mr. Ramon Norburn, Virgil   2298, Houston - 4836, Burkina Faso','North Carolina',199,'5553e9a2-d54f-4624-8ad4-140ea629dc67','2022-06-02 04:14:00','2021-08-30 04:24:00'),(44,'Richards',NULL,'Rita','2-663-120-1512','Rita_Richards157578709@nimogy.biz','awinsbury18','Miss Rita Richards, Thomas More   6292, Scottsdale - 7115, Burkina Faso','Hawaii',826,'94c8296d-2ff0-4986-af4e-eaa51dd3f35d','2022-07-05 01:42:00','2021-11-29 07:13:00'),(45,'Latham',NULL,'Drew','4-136-746-2255','Drew_Latham1040323887@liret.org','kangel19','Miss Drew Latham, Thomas Doyle   2855, Charlotte - 5875, Argentina','Ohio',244,'90363451-1121-4452-985b-60d93449ca03','2021-10-13 19:33:00','2021-02-26 04:49:00'),(46,'Ashley',NULL,'Emely','4-300-652-6230','Emely_Ashley1928967572@joiniaa.com','smcaw1a','Ms. Emely Ashley, Geffrye   916, Hollywood - 7834, Montenegro','New York',74,'0a551973-5855-4520-8920-1de8e6b1d609','2021-03-19 16:06:00','2021-11-02 12:19:00'),(47,'Ryan',NULL,'George','8-008-281-8646','George_Ryan308417102@vetan.org','cogger1b','Mr. George Ryan, Sundown 4425, Salt Lake City - 8158, Marshall Islands','Montana',128,'89315b45-42d5-4a2e-aa59-4e584945d68c','2022-07-09 10:32:00','2021-11-17 19:39:00'),(48,'Chapman',NULL,'Susan','8-040-436-2016','Susan_Chapman691070834@deons.tech','tboothe1c','Ms. Susan Chapman, Chart   4200, Venice - 8537, Mongolia','Washington',548,'ef50a687-faf1-40e7-b8ac-00da5eea7258','2021-05-15 20:26:00','2021-06-08 14:36:00'),(49,'Vallins',NULL,'Martha','0-056-206-8256','Martha_Vallins1686372280@zorer.org','emansuer1d','Miss Martha Vallins, Elystan  2152, Valetta - 0624, Botswana','Virginia',218,'43665767-1971-4ee4-b0fa-1d3dfc805455','2021-05-08 08:11:00','2022-02-26 07:17:00'),(50,'Thatcher',NULL,'Molly','8-165-227','Molly_Thatcher237912518@cispeto.com','cpellissier1e','Ms. Molly Thatcher, Western   2543, Innsbruck - 4834, Qatar','New Mexico',506,'0c149fa3-5130-404a-b02d-3c6a005b16ed','2022-05-24 06:52:00','2021-09-22 06:52:00');
/*!40000 ALTER TABLE `customers` ENABLE KEYS */;
UNLOCK TABLES;
/*!40103 SET TIME_ZONE=@OLD_TIME_ZONE */;

/*!40101 SET SQL_MODE=@OLD_SQL_MODE */;
/*!40014 SET FOREIGN_KEY_CHECKS=@OLD_FOREIGN_KEY_CHECKS */;
/*!40014 SET UNIQUE_CHECKS=@OLD_UNIQUE_CHECKS */;
/*!40101 SET CHARACTER_SET_CLIENT=@OLD_CHARACTER_SET_CLIENT */;
/*!40101 SET CHARACTER_SET_RESULTS=@OLD_CHARACTER_SET_RESULTS */;
/*!40101 SET COLLATION_CONNECTION=@OLD_COLLATION_CONNECTION */;
/*!40111 SET SQL_NOTES=@OLD_SQL_NOTES */;

-- Dump completed on 2022-09-14 19:50:15

###Customers table creation and data import end###


###Vendors table creation and data import start###

-- MySQL dump 10.13  Distrib 8.0.30, for Win64 (x86_64)
--
-- Host: 127.0.0.1    Database: online_clothing_store
-- ------------------------------------------------------
-- Server version	8.0.30

/*!40101 SET @OLD_CHARACTER_SET_CLIENT=@@CHARACTER_SET_CLIENT */;
/*!40101 SET @OLD_CHARACTER_SET_RESULTS=@@CHARACTER_SET_RESULTS */;
/*!40101 SET @OLD_COLLATION_CONNECTION=@@COLLATION_CONNECTION */;
/*!50503 SET NAMES utf8 */;
/*!40103 SET @OLD_TIME_ZONE=@@TIME_ZONE */;
/*!40103 SET TIME_ZONE='+00:00' */;
/*!40014 SET @OLD_UNIQUE_CHECKS=@@UNIQUE_CHECKS, UNIQUE_CHECKS=0 */;
/*!40014 SET @OLD_FOREIGN_KEY_CHECKS=@@FOREIGN_KEY_CHECKS, FOREIGN_KEY_CHECKS=0 */;
/*!40101 SET @OLD_SQL_MODE=@@SQL_MODE, SQL_MODE='NO_AUTO_VALUE_ON_ZERO' */;
/*!40111 SET @OLD_SQL_NOTES=@@SQL_NOTES, SQL_NOTES=0 */;

--
-- Table structure for table `vendors`
--

DROP TABLE IF EXISTS `vendors`;
/*!40101 SET @saved_cs_client     = @@character_set_client */;
/*!50503 SET character_set_client = utf8mb4 */;
CREATE TABLE `vendors` (
  `vendor_id` bigint NOT NULL AUTO_INCREMENT,
  `firstname` varchar(255) NOT NULL,
  `middlename` varchar(255) DEFAULT NULL,
  `lastname` varchar(255) NOT NULL,
  `mobile_number` varchar(15) NOT NULL,
  `email` varchar(255) NOT NULL,
  `storename` varchar(255) NOT NULL,
  `address` varchar(255) NOT NULL,
  `state` varchar(255) NOT NULL,
  `ratings` int DEFAULT '0',
  `password` varchar(255) NOT NULL,
  `registeredAt` datetime DEFAULT NULL,
  `updatedAt` datetime DEFAULT NULL,
  PRIMARY KEY (`vendor_id`),
  UNIQUE KEY `uq_mobile` (`mobile_number`),
  UNIQUE KEY `uq_email` (`email`),
  UNIQUE KEY `uq_username` (`storename`),
  CONSTRAINT `check_vendor_password_length` CHECK ((char_length(`password`) >= 11))
) ENGINE=InnoDB AUTO_INCREMENT=51 DEFAULT CHARSET=utf8mb4 COLLATE=utf8mb4_0900_ai_ci;
/*!40101 SET character_set_client = @saved_cs_client */;

--
-- Dumping data for table `vendors`
--

LOCK TABLES `vendors` WRITE;
/*!40000 ALTER TABLE `vendors` DISABLE KEYS */;
INSERT INTO `vendors` VALUES (1,'Danny','','Ralph','2-866-240-0502','Danny_Ralph384@muall.tech','Medhurst, McClure and Armstrong','Woodland Alley, 3715','Delaware',4,'82a7324f-7afd-4b57-9c38-1ef72d9ea837','2020-03-20 12:33:00','2007-10-28 08:43:00'),(2,'Felicity','','Ramsey','3-766-311-6472','Felicity_Ramsey2659@naiker.bi','Stiedemann, Ondricka and Streich','Blenkarne  Hill, 9838','Maine',1,'293ee8e7-d0ad-47cb-9b10-0d00bffd3466','2020-02-03 12:28:00','2013-09-26 15:47:00'),(3,'Denny','','Pearce','7-637-287-3815','Denny_Pearce2371@deons.tech','Jacobs-Dare','Linden Route, 3524','Missouri',1,'bc7f093b-e421-46c2-9d1d-3dbac7a68359','2003-02-12 05:13:00','2003-09-27 20:58:00'),(4,'Emerald','','Larkin','0-123-431-0517','Emerald_Larkin716@nimogy.bi','DuBuque, Keefe and Mraz','Baltic  Pass, 3397','Illinois',2,'3b88d4cd-5feb-4f6f-bed3-1ad0532a10fa','2001-03-16 06:23:00','2007-07-29 14:46:00'),(5,'Enoch','','Lambert','7-134-077-7820','Enoch_Lambert5281@fuliss.net','Reinger-Gutkowski','Oxford Tunnel, 2734','Tennessee',2,'2852ff7c-ee99-4e91-a477-a7d48f302b4f','2017-12-16 14:09:00','2010-10-24 15:57:00'),(6,'Carl','','Jordan','6-720-823-1845','Carl_Jordan4452@hourpy.bi','Runolfsdottir-Effertz','Durweston   Street, 9875','New York',3,'bf0dde1f-2a03-4be2-87e1-7f9307ee3945','2022-02-12 08:58:00','2005-01-01 15:27:00'),(7,'Noah','','Hamilton','0-702-562-2083','Noah_Hamilton3583@twipet.com','Connell-Langosh','Cliffords  Lane, 2685','Mississippi',4,'bfb5ef8b-0c23-47f8-809f-d42ec8dee01f','2021-03-21 07:12:00','2018-02-08 18:52:00'),(8,'Carmen','','Osmond','1-845-567-2462','Carmen_Osmond5207@famism.bi','Schaden, Bogisich and Simonis','Fawn Rue, 2040','Massachusetts',3,'a4251ba2-0a2f-4666-907b-c4930a05739a','2015-05-19 01:17:00','2016-11-27 19:42:00'),(9,'Evelynn','','Foxley','7-642-374-1135','Evelynn_Foxley2886@eirey.tech','Weimann, Sipes and Hilll','Tilson  Alley, 8670','California',1,'38c0c4f1-5e34-41bc-99c5-11ab765c8785','2019-07-12 09:51:00','2009-09-21 19:01:00'),(10,'Nick','','Devonport','4-763-755-2767','Nick_Devonport4378@twipet.com','Anderson, Swaniawski and Boyer','Rosewood Pass, 6619','California',3,'119576a3-291c-418c-8189-697706a782d8','2009-05-15 08:32:00','2011-03-12 21:02:00'),(11,'Charlie','','Thompson','2-500-446-7418','Charlie_Thompson3540@sveldo.bi','Kozey-Beier','Union  Boulevard, 9578','Alaska',2,'13d96b0b-9603-49b7-9e4a-f9ed5bb3ae01','2000-12-25 13:14:00','2021-12-07 21:01:00'),(12,'Benny','','Ebden','8-604-623-4282','Benny_Ebden894@gembat.bi','Fadel, Rau and Kuhic','Balham   Rue, 8759','Wisconsin',3,'b5d8a0ba-4f05-45a2-ae96-366a7cf9ec26','2001-07-27 12:02:00','2003-05-05 00:35:00'),(13,'Rihanna','','Johnson','0-888-500-5052','Rihanna_Johnson585@famism.bi','Metz, Zieme and Thompson','Oxford Crossroad, 4826','Kentucky',2,'d8691621-accb-4fc9-b645-080db18e2b15','2009-01-21 21:06:00','2015-09-28 20:36:00'),(14,'Alexia','','Nicholls','0-072-124-4577','Alexia_Nicholls5948@irrepsy.com','Farrell Inc','York Road, 8636','Alabama',4,'4f7b3aae-37b8-47e4-9fdf-fb817ad1a49e','2013-05-05 10:06:00','2005-11-26 21:27:00'),(15,'Elijah','','Shaw','4-832-020-0581','Elijah_Shaw7291@vetan.org','Trantow, Ondricka and Batz','English   Road, 4564','Nevada',3,'66ec9612-6a0e-435a-b2b0-a21c69b34b53','2000-05-11 14:23:00','2016-12-20 22:13:00'),(16,'Aleksandra','','Bright','4-313-600-8677','Aleksandra_Bright1569@vetan.org','Rogahn Group','Charnwood   Street, 1630','Vermont',2,'b827bd2a-debf-4631-a92c-0dcc0f53c17d','2018-04-26 04:25:00','2022-04-14 02:18:00'),(17,'Cristal','','Harrison','3-545-236-7838','Cristal_Harrison8203@nanoff.bi','Waters and Sons','Thomas More   Drive, 4867','West Virginia',1,'aa5ec5b5-5e3d-445d-b404-911ea92c6a45','2008-02-07 21:12:00','2005-09-15 02:12:00'),(18,'Lillian','','Stone','1-014-405-0635','Lillian_Stone5075@gmail.com','Boyle-Kilback','Norfolk  Road, 2201','Nebraska',2,'81396308-ee4e-4f95-8ddd-fd0940cbcd0c','2003-11-12 14:44:00','2017-05-31 03:25:00'),(19,'Elijah','','Ellison','4-467-702-6875','Elijah_Ellison2613@bungar.bi','Johnson-Zulauf','Paris   Walk, 233','New York',1,'082c52b9-577e-4f76-9430-ad4f6b25bd2c','2022-06-23 09:02:00','2003-05-02 09:35:00'),(20,'Mike','','Webster','8-580-864-7881','Mike_Webster4232@bretoux.com','Bartoletti Inc','Andsell    Grove, 4041','New Mexico',3,'aeee1d61-6a16-4d15-b145-ce06bb0dd924','2006-02-16 01:54:00','2000-09-17 09:16:00'),(21,'Marla','','Brock','5-175-682-6156','Marla_Brock2275@famism.bi','Blick Inc','Under  Drive, 752','Hawaii',1,'afab64bc-2c01-4c9e-85c2-a5d549a4ebd6','2021-12-25 19:28:00','2000-07-26 00:20:00'),(22,'Ethan','','Flack','5-284-243-7416','Ethan_Flack5030@nimogy.bi','Dare-Kassulke','Tilson  Vale, 7251','Maryland',2,'788a5fdd-6173-4527-8291-400f5d52f219','2010-03-04 09:03:00','2001-12-20 02:36:00'),(23,'Estrella','','Simpson','0-840-807-2351','Estrella_Simpson6388@typill.bi','Bartell-Kessler','Thomas  Walk, 6590','Delaware',1,'71857d87-98b6-4966-a785-2be61830d600','2004-09-19 21:20:00','2015-04-25 12:36:00'),(24,'Boris','','Ring','4-456-412-6084','Boris_Ring9040@typill.bi','Dach-Gorczany','Boadicea   Crossroad, 9524','California',4,'ae73d39d-163f-4638-87c7-8460d13a1171','2002-07-12 06:08:00','2014-01-27 15:13:00'),(25,'Chester','','Franks','5-676-113-3534','Chester_Franks808@jiman.org','Lueilwitz LLC','Bocking   Lane, 3937','Missouri',3,'0b26f83c-b845-4748-bc04-9eecae4b803a','2021-07-31 05:52:00','2012-02-17 07:37:00'),(26,'Lucas','','Notman','4-857-105-2546','Lucas_Notman1991@brety.org','Wiegand Inc','Cavell   Hill, 1418','Washington',2,'665099a6-d6fb-4650-be83-177020e64b9b','2009-05-08 10:33:00','2002-11-11 17:04:00'),(27,'Wade','','Hill','0-160-166-2877','Wade_Hill676@elnee.tech','Blick, Spinka and McKenzie','Castlereagh   Lane, 7911','Virginia',1,'1fd7fe7e-f8cb-4cdf-a5d0-1979fccc884f','2019-02-18 18:00:00','2005-10-24 20:44:00'),(28,'Boris','','Taylor','6-315-005-8748','Boris_Taylor4239@iatim.tech','Stracke Group','Rosewood Walk, 5927','North Dakota',1,'3a4720c2-2469-4291-8e45-39c67e858708','2010-11-22 02:26:00','2014-02-16 02:11:00'),(29,'Leroy','','Welsch','1-141-528-6712','Leroy_Welsch2077@gmail.com','Parker Inc','Hammersmith  Route, 6502','Illinois',4,'ba076f6c-8c72-44cd-9fd3-0393a5ff6791','2019-03-31 22:56:00','2002-09-13 06:03:00'),(30,'Mary','','Yang','5-577-204-7463','Mary_Yang3222@acrit.org','Spencer, Jaskolski and Botsford','Thomas More   Road, 8277','Wisconsin',4,'7c2a2fc4-ef5c-4b15-b0b0-42ee01771bba','2017-06-23 18:24:00','2014-11-05 03:52:00'),(31,'Rocco','','Shepherd','7-266-548-2214','Rocco_Shepherd5127@nanoff.bi','Wilderman and Sons','Cockspur  Lane, 3057','Rhode Island',1,'775db13d-5d45-41b6-84b4-54b13d75eeb4','2015-01-25 00:00:00','2014-06-05 03:12:00'),(32,'Adina','','Cadman','2-524-050-5481','Adina_Cadman5057@mafthy.com','Rempel, Shanahan and Koelpin','Gathorne   Tunnel, 756','Georgia',4,'2f731bbb-eba9-4e06-abce-79c370ab60cf','2002-12-20 19:31:00','2007-10-08 19:21:00'),(33,'Nate','','Goldsmith','8-651-770-4223','Nate_Goldsmith5707@bauros.bi','Breitenberg-Hackett','Gautrey  Tunnel, 3186','Virginia',4,'0ac6dcbc-654d-4f4c-bfaa-ce270c4ce7ca','2002-07-23 04:22:00','2017-03-19 17:28:00'),(34,'Rose','','Thompson','2-162-701-0308','Rose_Thompson7277@guentu.bi','Dare Group','Canal  Route, 5029','New Hampshire',1,'b3929ef3-8eae-47d7-9633-682140615ae8','2016-07-09 07:25:00','2000-07-28 12:10:00'),(35,'Michaela','','Mcgregor','7-570-305-6212','Michaela_Mcgregor5629@deons.tech','Stehr, Rath and Bartoletti','Cardinal Way, 2686','Nebraska',1,'737eec54-3af4-4d5f-8acf-b2c79784c72f','2010-09-14 07:36:00','2002-08-13 19:53:00'),(36,'Barry','','Mooney','5-451-003-4386','Barry_Mooney8704@womeona.net','Boyle, Blick and White','Bigland  Vale, 8422','Nevada',3,'5e24a42f-362f-481a-9ebc-9fcce35dbe8c','2012-03-31 13:19:00','2001-05-03 04:44:00'),(37,'Sabina','','Waterson','0-045-038-5472','Sabina_Waterson7191@gompie.com','Haley and Sons','Ely  Route, 13','Ohio',3,'13773c6f-1d01-4b74-8a4a-9f76674496e3','2019-01-15 18:04:00','2002-05-26 06:07:00'),(38,'Ivette','','Allen','8-886-704-7672','Ivette_Allen556@nickia.com','Johns-Hegmann','Victorian  Crossroad, 4418','Indiana',2,'a8444455-39fa-4a98-a5de-8cfdbc8127d8','2015-02-28 06:46:00','2002-11-25 21:19:00'),(39,'Harvey','','Morrison','2-062-658-8241','Harvey_Morrison119@extex.org','Mayert Inc','Blanchard  Road, 8152','New Jersey',2,'c9bfbc80-ae46-41b3-937e-252ac95d0cb5','2003-09-26 13:55:00','2019-03-31 04:27:00'),(40,'Goldie','','Harrison','8-880-888-7244','Goldie_Harrison695@nanoff.bi','Hackett-Berge','Cephas  Hill, 6718','Nevada',2,'28749453-ca22-4bb4-8bf1-9420b74be870','2013-02-24 14:36:00','2008-06-18 06:18:00'),(41,'Kamila','','Craig','3-622-003-0077','Kamila_Craig197@nickia.com','Borer Group','Apsley    Way, 7045','Illinois',4,'8d617694-8e0f-4dc7-96a0-01ad5d2c0e2d','2004-07-16 18:11:00','2013-03-15 06:16:00'),(42,'Sabrina','','May','5-521-378-6427','Sabrina_May2292@brety.org','Bashirian, Bernier and Carroll','Elba  Drive, 3023','Indiana',3,'ffe618ff-8caa-4ab4-a2b7-62231c1258da','2004-04-08 17:21:00','2008-11-05 04:37:00'),(43,'Keira','','Bryant','3-002-338-4676','Keira_Bryant4607@guentu.bi','Stanton, Altenwerth and Ondricka','Lake Boulevard, 7966','South Carolina',2,'e3ccf8ec-2b90-40dd-8a61-453dc24f887a','2004-11-27 08:56:00','2001-03-20 05:05:00'),(44,'Charlie','','Walsh','7-764-165-1538','Charlie_Walsh9804@joiniaa.com','Paucek, Heller and Goldner','Gathorne   Way, 4371','Utah',2,'46fd3ae6-34cb-44c7-b6a8-338d0bc61190','2021-01-28 04:30:00','2004-12-13 09:12:00'),(45,'Nick','','Lunt','6-577-514-7524','Nick_Lunt6865@hourpy.bi','Amore LLC','Lake Grove, 23','Pennsylvania',2,'9a4974b7-66b2-4749-81b0-a10c2d0e56cf','2010-07-26 17:25:00','2017-11-14 08:30:00'),(46,'Mason','','Norton','7-131-352-2483','Mason_Norton6394@nimogy.bi','Bayer Group','Caslon   Avenue, 8041','New Mexico',4,'c7d4c9c6-4392-41ea-ae1c-3c11bbed1a86','2022-08-24 14:51:00','2004-03-27 07:23:00'),(47,'Martin','','Wood','7-856-431-5760','Martin_Wood373@corti.com','Jast, Hayes and Schuster','Apollo  Avenue, 1225','Michigan',1,'8c03077c-4db5-4301-a59c-32381aecb79c','2016-03-15 13:10:00','2021-06-15 21:07:00'),(48,'Miriam','','Fox','2-755-508-2157','Miriam_Fox9559@liret.org','Adams and Sons','Chart   Avenue, 8220','Georgia',4,'e9aa5fd9-5311-4e68-aff4-9582b6f1f301','2019-10-21 20:03:00','2018-02-12 15:19:00'),(49,'Javier','','Stone','5-186-287-1412','Javier_Stone 8885@twace.org','Gorczany-Ward','Fieldstone Grove, 3471','Arkansas',3,'ade1c7c9-7d92-46e0-ad65-207f35857000','2009-07-17 08:06:00','2020-01-09 04:52:00'),(50,'Mara','','Dowson','7-822-627-5503','Mara_Dowson3925@nickia.com','Wisozk, Schaden and Swift','Garfield Walk, 582','New Mexico',4,'1a805e75-f515-4fca-af2b-88821f9e9908','2008-05-07 16:46:00','2022-08-31 11:26:00');
/*!40000 ALTER TABLE `vendors` ENABLE KEYS */;
UNLOCK TABLES;
/*!40103 SET TIME_ZONE=@OLD_TIME_ZONE */;

/*!40101 SET SQL_MODE=@OLD_SQL_MODE */;
/*!40014 SET FOREIGN_KEY_CHECKS=@OLD_FOREIGN_KEY_CHECKS */;
/*!40014 SET UNIQUE_CHECKS=@OLD_UNIQUE_CHECKS */;
/*!40101 SET CHARACTER_SET_CLIENT=@OLD_CHARACTER_SET_CLIENT */;
/*!40101 SET CHARACTER_SET_RESULTS=@OLD_CHARACTER_SET_RESULTS */;
/*!40101 SET COLLATION_CONNECTION=@OLD_COLLATION_CONNECTION */;
/*!40111 SET SQL_NOTES=@OLD_SQL_NOTES */;

-- Dump completed on 2022-09-14 19:50:14


###Vendors table creation and data import end###


###Categories table creation and data import start###


-- MySQL dump 10.13  Distrib 8.0.30, for Win64 (x86_64)
--
-- Host: 127.0.0.1    Database: online_clothing_store
-- ------------------------------------------------------
-- Server version	8.0.30

/*!40101 SET @OLD_CHARACTER_SET_CLIENT=@@CHARACTER_SET_CLIENT */;
/*!40101 SET @OLD_CHARACTER_SET_RESULTS=@@CHARACTER_SET_RESULTS */;
/*!40101 SET @OLD_COLLATION_CONNECTION=@@COLLATION_CONNECTION */;
/*!50503 SET NAMES utf8 */;
/*!40103 SET @OLD_TIME_ZONE=@@TIME_ZONE */;
/*!40103 SET TIME_ZONE='+00:00' */;
/*!40014 SET @OLD_UNIQUE_CHECKS=@@UNIQUE_CHECKS, UNIQUE_CHECKS=0 */;
/*!40014 SET @OLD_FOREIGN_KEY_CHECKS=@@FOREIGN_KEY_CHECKS, FOREIGN_KEY_CHECKS=0 */;
/*!40101 SET @OLD_SQL_MODE=@@SQL_MODE, SQL_MODE='NO_AUTO_VALUE_ON_ZERO' */;
/*!40111 SET @OLD_SQL_NOTES=@@SQL_NOTES, SQL_NOTES=0 */;

--
-- Table structure for table `categories`
--

DROP TABLE IF EXISTS `categories`;
/*!40101 SET @saved_cs_client     = @@character_set_client */;
/*!50503 SET character_set_client = utf8mb4 */;
CREATE TABLE `categories` (
  `category_id` bigint NOT NULL AUTO_INCREMENT,
  `category_name` varchar(255) NOT NULL,
  `createdAt` datetime DEFAULT NULL,
  `updatedAt` datetime DEFAULT NULL,
  PRIMARY KEY (`category_id`)
) ENGINE=InnoDB AUTO_INCREMENT=13 DEFAULT CHARSET=utf8mb4 COLLATE=utf8mb4_0900_ai_ci;
/*!40101 SET character_set_client = @saved_cs_client */;

--
-- Dumping data for table `categories`
--

LOCK TABLES `categories` WRITE;
/*!40000 ALTER TABLE `categories` DISABLE KEYS */;
INSERT INTO `categories` VALUES (1,'Women-T-shirt/Shirt','2004-05-07 20:27:38','2018-06-04 15:36:34'),(2,'Women-Pants/Leggins','2005-12-24 03:23:17','2002-03-02 09:38:08'),(3,'Women-Shoes','2003-09-18 04:47:54','2012-12-02 03:21:23'),(4,'Women-Bags','2015-10-18 18:58:46','2017-04-27 23:19:49'),(5,'Women-Accesorries','2013-06-21 13:14:01',NULL),(6,'Women-Sleepwear & Underwear','2006-12-04 10:00:30',NULL),(7,'Men-T-shirt/Shirt','2009-12-11 23:13:36','2005-06-12 18:54:27'),(8,'Men-Pants','2000-08-24 22:21:15','2011-04-16 20:39:25'),(9,'Men-Shoes','2000-10-14 21:19:43','2012-11-22 14:27:39'),(10,'Men-Bags','2001-11-23 05:10:06','2017-01-29 22:24:34'),(11,'Men-Accesorries','2009-03-05 23:29:41',NULL),(12,'Men-Sleepwear & Underwear','2017-02-13 17:02:06','2007-01-25 01:54:03');
/*!40000 ALTER TABLE `categories` ENABLE KEYS */;
UNLOCK TABLES;
/*!40103 SET TIME_ZONE=@OLD_TIME_ZONE */;

/*!40101 SET SQL_MODE=@OLD_SQL_MODE */;
/*!40014 SET FOREIGN_KEY_CHECKS=@OLD_FOREIGN_KEY_CHECKS */;
/*!40014 SET UNIQUE_CHECKS=@OLD_UNIQUE_CHECKS */;
/*!40101 SET CHARACTER_SET_CLIENT=@OLD_CHARACTER_SET_CLIENT */;
/*!40101 SET CHARACTER_SET_RESULTS=@OLD_CHARACTER_SET_RESULTS */;
/*!40101 SET COLLATION_CONNECTION=@OLD_COLLATION_CONNECTION */;
/*!40111 SET SQL_NOTES=@OLD_SQL_NOTES */;

-- Dump completed on 2022-09-14 19:50:14



###Categories table creation and data import end###



###Products table creation and data import start###

-- MySQL dump 10.13  Distrib 8.0.30, for Win64 (x86_64)
--
-- Host: 127.0.0.1    Database: online_clothing_store
-- ------------------------------------------------------
-- Server version	8.0.30

/*!40101 SET @OLD_CHARACTER_SET_CLIENT=@@CHARACTER_SET_CLIENT */;
/*!40101 SET @OLD_CHARACTER_SET_RESULTS=@@CHARACTER_SET_RESULTS */;
/*!40101 SET @OLD_COLLATION_CONNECTION=@@COLLATION_CONNECTION */;
/*!50503 SET NAMES utf8 */;
/*!40103 SET @OLD_TIME_ZONE=@@TIME_ZONE */;
/*!40103 SET TIME_ZONE='+00:00' */;
/*!40014 SET @OLD_UNIQUE_CHECKS=@@UNIQUE_CHECKS, UNIQUE_CHECKS=0 */;
/*!40014 SET @OLD_FOREIGN_KEY_CHECKS=@@FOREIGN_KEY_CHECKS, FOREIGN_KEY_CHECKS=0 */;
/*!40101 SET @OLD_SQL_MODE=@@SQL_MODE, SQL_MODE='NO_AUTO_VALUE_ON_ZERO' */;
/*!40111 SET @OLD_SQL_NOTES=@@SQL_NOTES, SQL_NOTES=0 */;

--
-- Table structure for table `products`
--

DROP TABLE IF EXISTS `products`;
/*!40101 SET @saved_cs_client     = @@character_set_client */;
/*!50503 SET character_set_client = utf8mb4 */;
CREATE TABLE `products` (
  `product_id` bigint NOT NULL AUTO_INCREMENT,
  `vendor_id` bigint NOT NULL,
  `product_name` varchar(255) NOT NULL,
  `discount` float NOT NULL DEFAULT '0',
  `price` float NOT NULL DEFAULT '0',
  `quantity` int NOT NULL DEFAULT '0',
  `category_id` bigint NOT NULL,
  `description` text,
  `availability_period` datetime DEFAULT NULL,
  `createdAt` datetime DEFAULT NULL,
  `updatedAt` datetime DEFAULT NULL,
  PRIMARY KEY (`product_id`),
  KEY `fk_product_vendor` (`vendor_id`),
  KEY `fk_product_category` (`category_id`),
  CONSTRAINT `fk_product_category` FOREIGN KEY (`category_id`) REFERENCES `categories` (`category_id`),
  CONSTRAINT `fk_product_vendor` FOREIGN KEY (`vendor_id`) REFERENCES `vendors` (`vendor_id`)
) ENGINE=InnoDB AUTO_INCREMENT=102 DEFAULT CHARSET=utf8mb4 COLLATE=utf8mb4_0900_ai_ci;
/*!40101 SET character_set_client = @saved_cs_client */;

--
-- Dumping data for table `products`
--

LOCK TABLES `products` WRITE;
/*!40000 ALTER TABLE `products` DISABLE KEYS */;
INSERT INTO `products` VALUES (1,2,'TYaax',70.3282,3200,34,4,'tvAA0HtnbB5skRAfuSvahUOh2iQ5H','2004-07-27 20:07:21','2001-10-13 18:33:08','2022-09-14 19:27:36'),(2,1,'YqzJx',20.5724,1086.31,90,9,'gcHS0yOUzAjNMM5lAzrigMJMsHHNh','2001-08-04 13:13:36','2015-01-03 06:06:01','2022-05-19 02:54:44'),(3,6,'XGm6k',27.9597,1040.49,22,3,'3TS4jtqBwvVkh5ykBtwxC9wGGKh6k','2021-09-09 02:01:25','2017-05-14 22:48:06','2009-08-10 08:13:43'),(4,12,'8uBo',46.3702,944.759,44,5,'0UgycjIFLySUKv89dlWhEVhyVFu3dN','2019-06-09 08:34:02','2020-09-20 14:17:17','2021-11-14 18:05:38'),(5,17,'pa1oq',47.8906,2745.39,88,4,'fwrcWyPl876uH0UqLnjc04I5OGMBU','2008-01-15 22:41:42','2009-04-08 19:34:49','2013-09-09 22:49:03'),(6,18,'tqtxV',77.7128,4393.81,43,10,'p2jgHsCkol8CYbdGUBlmWTOPeT1Pm','2011-02-12 03:16:48','2016-11-26 22:01:19','2010-10-19 05:47:27'),(7,2,'unVV1',67.3822,4255.21,80,6,'VnKQnLUCHzvireEAiVz3bKomI79jO','2014-11-24 21:27:17','2008-12-29 07:50:03','2019-01-10 19:36:07'),(8,25,'51woW',60.3764,1752.87,97,8,'4cfoebLvxd3SQSJN6seMvkOtuVTm80','2008-07-16 01:28:38','2010-12-22 20:20:23','2007-12-11 09:25:21'),(9,12,'CjgVN',38.4267,3028.39,77,10,'TNw3IIix7GzxlyQ1hWEwYiwqKz7ka','2018-07-19 15:42:45','2003-10-16 15:33:29','2004-10-30 06:51:33'),(10,10,'Mv4g6',51.8827,1370.31,99,6,'uaFtSKJMgSJFzolSCJx3ydad5bcFh','2014-02-16 08:42:17','2009-05-01 05:27:45','2020-06-17 02:42:22'),(11,2,'DqE2V',21.8419,655.506,11,8,'RAlUXtqG8pxWhOXzQPrKb5Xas0iH2r','2013-05-03 19:36:36','2003-01-25 05:50:26','2011-10-10 08:02:15'),(12,10,'QThn8',37.5765,4007.8,92,3,'WmLlhKjNRF6t4GJ7ytUILV9KYS5JfH','2018-05-18 01:41:23','2017-09-01 13:40:50','2022-01-05 04:28:02'),(13,8,'Ukmgz',40.7638,688.463,79,1,'AnAMPPrJS2CfUhR7vIoJCr0ypYUGW','2017-06-02 13:53:21','2017-05-05 22:40:38','2016-06-25 21:03:19'),(14,26,'bhHMR',13.8024,1746.32,15,10,'85JXj0FlwgRIIijlTCLky2rRiMC9i','2011-02-02 06:45:28','2017-11-13 00:30:15','2003-08-01 02:57:43'),(15,13,'J8nr',52.4907,1575.13,54,1,'FNuGBoClNCAWovhFC2EmFfPP1jiVdE','2005-08-17 03:13:23','2015-09-30 18:45:09','2003-02-25 10:55:07'),(16,11,'IDU1K',44.4459,2098.05,92,11,'j8fObFrIJx2HPEsT2umq7XzGyPqKBm','2020-05-10 02:18:24','2002-08-14 19:15:54','2015-07-26 08:14:58'),(17,17,'Q5Exb',13.5616,3229.43,25,1,'MJaMgGg4wyz72D7DPb8XMz3K3s4D','2006-07-03 15:04:22','2020-07-28 15:50:29','2010-11-29 22:42:51'),(18,19,'eHPzj',6.59812,2947.18,80,1,'z6jhCfxMdmHtcDMNckSsF5eVv4EJ0c','2016-12-02 11:15:18','2001-11-26 16:16:56','2009-12-01 10:54:39'),(19,3,'XXwvX',85.1306,4824.89,10,11,'3cOvHbnWA3ncJ8c5fJ0wa6a7YISw9U','2017-10-24 13:10:19','2004-04-14 06:02:11','2007-02-02 22:17:18'),(20,5,'u4nx4',91.6221,4160.04,32,7,'7CQX9J1WpGCRywK2Tz0eG7ONdee1Fs','2022-01-29 12:51:46','2005-05-15 05:45:48','2007-04-11 19:25:56'),(21,3,'rmyBu',3.3064,4890.2,82,5,'9xD3eoAR7JeBh5GegADJoJf0qdHD','2022-08-19 08:03:20','2005-08-10 10:42:54','2018-09-19 04:25:39'),(22,25,'NNwdy',92.8095,2553.2,76,4,'UohCyL2OiJIWqSdXjqyneTNSn3ASIk','2012-03-17 03:17:03','2020-09-04 18:10:52','2000-06-11 00:32:26'),(23,21,'E0GKV',54.2365,3932.38,14,9,'BaPY4KkG7m9DmXqMqqyFCfbNwxz7kW','2017-08-17 17:10:16','2020-01-13 08:55:28','2002-04-14 19:56:20'),(24,4,'Fxdwp',34.5452,879.573,6,9,'f9BlHVmfl0M3VfTQNk8HrqRI9TCSQy','2015-09-14 04:07:31','2008-05-22 08:54:51','2021-12-04 11:20:49'),(25,8,'24IRV',7.33497,2760.59,92,1,'zr2mySUPwKAvyI5VVmew1c9PFKv6Ld','2004-03-22 13:12:28','2012-03-21 15:02:15','2003-06-30 04:01:35'),(26,4,'2JTJa',72.9942,4500.11,16,2,'XsmgngXDT8YiUkPSFcSuQA1X61mgce','2006-10-04 11:03:18','2003-08-18 22:24:43','2011-07-31 15:37:31'),(27,4,'dk8iK',42.9085,2416.81,40,11,'W0Ojw41kzq3fBaR3V7mHs2r4W2DVCj','2019-11-15 15:38:23','2017-11-25 02:10:09','2016-08-10 17:45:56'),(28,12,'jF7H3',53.5567,2624.18,28,3,'eJUN30fiPyM0mnKsLN2VwiPVQ56cfB','2009-01-31 11:22:12','2006-08-25 22:49:55','2018-12-31 20:15:23'),(29,17,'WPUdt',81.3645,1628.31,92,5,'538784DCOarcVM2PX8FXfl8Bkcsro','2003-05-10 04:27:47','2008-02-28 01:50:58','2019-09-07 22:11:21'),(30,6,'px4Hh',94.1136,4407.33,84,1,'aSA5XbUVjRe9m9IAQf92BpYTNpULvh','2006-05-13 19:36:44','2021-01-03 17:50:03','2011-02-27 12:51:00'),(31,25,'KxSI',93.8516,2095.35,96,1,'v3qsrGJkCAnW1EWJMBbAAcJXMwzq','2021-02-08 11:39:43','2003-08-17 19:09:20','2017-10-28 09:42:25'),(32,25,'habEC',78.6434,1991.9,94,1,'WbhSU4WuVEGrG4e91OBSjKgm86ItCC','2013-07-14 14:42:43','2018-02-02 09:36:02','2010-06-11 11:21:39'),(33,23,'atUKi',79.7766,926.878,65,5,'L55TYvmsSee9XGEWywf63SpLPl8LPQ','2011-05-14 17:03:17','2013-11-26 11:40:43','2001-08-12 17:43:56'),(34,10,'5t6De',43.9572,1925.38,71,6,'3PuDwxbcB9u5FejqFsuM6rSQgo4rzT','2004-02-16 08:20:44','2016-04-29 05:55:40','2006-06-19 21:17:29'),(35,10,'Ly1i4',75.8744,3225.62,51,7,'L7dhH2tnsyXjTvUtYay4aI5ErwVwEb','2013-02-18 17:49:09','2012-01-03 06:27:08','2003-08-06 01:32:51'),(36,15,'xOiwj',2.47266,1295.81,60,2,'DBYzVg6iROntJPCQQQuViSWRcOjND7','2009-02-04 21:14:58','2010-11-14 06:03:18','2018-06-25 12:35:18'),(37,9,'JfYhh',74.2144,4561.07,26,7,'uoHWG7teT0reKvwN6cMuPsDH70BpUu','2011-04-28 20:58:22','2016-05-17 14:55:55','2016-03-20 13:51:47'),(38,13,'cBOwu',53.2677,2498.86,51,4,'Cl9P6DKiVzewCKQAun2acjp5mP5xd','2001-03-06 00:28:01','2015-07-29 00:56:31','2010-07-04 14:47:37'),(39,4,'nhbtk',26.2661,3652.23,63,11,'jBTenrIXESy9vWJTdR9DxvbCXKfUhN','2008-01-07 18:50:05','2002-07-28 22:37:02','2018-10-09 21:39:15'),(40,22,'yhqXb',93.7958,2384.24,57,2,'ykRGcLyz16BIpPJqacDYhImN0eH2la','2021-04-17 12:17:56','2006-10-30 09:20:55','2008-06-28 17:50:25'),(41,23,'xAIR',26.3671,4845.18,19,7,'p8EQ7E6ObBd0r6uUeFSgGXtabd9kVD','2022-01-29 08:06:21','2014-03-21 10:16:39','2009-05-12 15:53:11'),(42,23,'TiSMh',93.8754,4480.88,65,6,'SOoydEW3XDHuVTTCypmm5C2G2KwDL','2001-11-15 11:26:52','2007-06-03 04:37:50','2021-02-04 13:32:17'),(43,22,'Ly72N',89.0594,1463.26,5,7,'PWh6SRSdM8nSc9H7tBDmGD5EN40gH','2019-10-30 05:24:18','2001-09-19 19:05:54','2014-04-14 07:14:48'),(44,22,'igf3F',49.0974,2639.24,97,11,'JSm1FXc7FG1I4RSCGryxWNWirAuCB','2008-12-20 22:26:21','2021-01-28 12:28:03','2012-03-27 21:46:51'),(45,19,'IoW9y',18.0532,2146.54,17,2,'wEPSXXs5Dsaav8ty9jvB5seO4VB608','2000-08-11 10:17:12','2003-06-15 10:14:44','2003-07-18 12:04:55'),(46,1,'sOkAE',37.0676,4077.77,15,3,'DjAXCVwEFq9HizRjON79HdgquB1e3','2005-04-18 15:09:58','2002-01-19 20:13:21','2002-07-05 04:17:51'),(47,9,'tGCKx',79.8409,2193.55,19,3,'6GerSU4kLcT7jtYU0TAoHnJxkr0ErD','2019-07-17 02:57:44','2003-07-04 18:43:39','2018-04-11 20:22:16'),(48,23,'IdaY',45.9862,790.534,53,2,'S6rGke03IlL9yklkLfJQzURXcOpPE','2018-01-25 13:26:37','2019-03-30 19:02:32','2004-12-08 08:32:23'),(49,7,'OIo0x',85.8036,3015.39,26,4,'8oUoWEKoDykhLtvimSvtbJBITki2XQ','2005-04-18 04:11:20','2019-09-20 04:42:53','2019-06-15 07:22:44'),(50,12,'nldHB',31.1803,1706.62,53,10,'znLVvfRQwkYUz1kzsacVrCkerGb1FF','2022-01-07 13:40:30','2001-01-19 12:31:32','2002-01-08 18:05:28'),(51,23,'PRnPa',47.4576,4261.17,18,2,'wDqopEaLrmyoTyCTKVpPMssOadMamn','2002-12-04 09:29:21','2005-12-27 11:49:53','2009-08-10 16:39:18'),(52,7,'bmTaY',16.2868,2697.51,91,11,'EUcOL19jDeYI6ihdQ56j3FdxxJvCcV','2014-08-12 20:34:25','2004-06-18 03:22:39','2005-04-23 19:40:43'),(53,20,'CeX20',69.0173,3032.57,35,1,'80obCG7Gs1eifWXFlrE3JguuTw3LvU','2001-10-02 07:14:23','2004-11-12 07:42:13','2004-06-05 17:43:37'),(54,23,'h51fd',60.4187,4406.49,45,10,'cG4IQMvVYwKSHIDWWfTJgp1MX4XsK4','2004-10-07 19:47:30','2017-01-12 04:48:06','2021-01-26 12:57:16'),(55,3,'XnuW',24.0527,2143.17,30,4,'xPruVyDKdjUekY0hQjvLPNvzuKBS51','2019-04-08 15:30:10','2021-10-02 22:06:20','2013-04-26 17:54:06'),(56,14,'CIJ8j',70.7887,4068.41,11,2,'je2AKxuPmtp9a2a49BQHOOwmACsOE','2001-02-24 06:24:04','2008-08-22 11:14:19','2009-05-23 21:09:51'),(57,21,'XJthr',28.8718,4132.39,83,11,'VPFYJuBBiqYjVDYLjjEGQ2bYdRfB6M','2005-07-21 20:34:05','2000-11-03 05:09:55','2005-10-20 04:08:50'),(58,3,'9jYeS',10.2933,1551.31,73,8,'cyq52PAEWbg8OAKBnT27EU32As04','2000-03-19 12:50:22','2012-12-08 09:27:01','2008-05-29 21:07:46'),(59,18,'clJdI',8.6592,4607.44,76,4,'YdQCAORNca7H1buim75zmmp6RshkvP','2002-03-17 02:05:04','2004-01-25 21:11:57','2008-03-16 16:50:32'),(60,6,'feSBX',52.0441,4821.5,93,8,'vxTuSrqbMVzAwQyWnkO8EnbbxgNPM','2003-02-11 14:10:23','2009-06-14 03:51:13','2001-08-03 00:09:06'),(61,24,'pdgvi',15.4116,2153.27,95,7,'HW262LcMAMM0X0qeYgNy70ivU2upGw','2017-07-24 08:12:46','2006-08-06 17:58:17','2004-03-22 19:41:53'),(62,18,'dmI42',65.0136,4281.05,15,8,'QxGl9axFNb0mli4fGVXHCE1Sru0xbw','2021-03-18 06:04:07','2000-05-28 22:52:40','2004-04-15 09:52:48'),(63,7,'m9hV8',16.9057,2731.67,4,7,'M6y4PjAnbfiidh5maJ8NNgmqsNeyS1','2009-11-19 14:03:31','2018-08-30 00:04:45','2021-03-08 19:52:10'),(64,20,'EbDyC',53.4762,2015.69,81,5,'pTHMCFLVjE4e6s3hoNIUC2mQJqwvY','2002-03-11 21:14:08','2003-06-25 16:56:34','2020-05-06 17:41:49'),(65,18,'J6HFI',99.8212,1010.55,48,4,'Paf52YjL98PwiLkEUYnM2OdTBkovj','2022-06-11 09:45:48','2020-05-25 06:26:38','2000-05-13 07:17:15'),(66,18,'KrUg7',40.7472,4048.15,84,2,'WMCl1yuylAjd8p3IaTCV6hiSmrDrXz','2004-06-06 05:55:39','2012-01-09 02:24:02','2003-08-04 12:31:26'),(67,18,'lNW1D',26.3251,2637.11,50,3,'znt9JuDawyUhSIxtXJfxex3qVMnHe','2016-06-04 03:26:28','2015-10-11 10:39:03','2022-07-29 17:28:01'),(68,23,'QpDtQ',53.944,1921.59,69,8,'CuCjyiTRFMGzbVDUKtTc0BauRcXki','2009-03-16 12:44:44','2014-12-08 16:36:28','2004-04-08 05:04:41'),(69,20,'EiOS4',47.6172,1194.86,38,3,'LsmzgFCttqoVDwoa08fPvLQWLDKcH6','2005-09-06 15:22:30','2010-08-11 22:00:38','2014-12-23 02:01:57'),(70,2,'NKfQ',4.76978,1298.35,13,6,'AcQnd5klxb87hTpaMTYNxPL682oLFK','2001-08-18 07:15:02','2010-05-30 11:43:00','2004-05-31 04:26:21'),(71,17,'bPmMk',60.5723,4372.95,90,8,'vQUpkQYgmXnrf0KrLHMvaGjftQckdk','2004-10-25 08:21:20','2015-11-11 05:24:19','2013-10-11 21:02:49'),(72,7,'xhGVa',90.3797,3806.76,15,3,'ory6TyyCBKQVJJ4R1gQskkTsLJGJjN','2010-11-17 14:12:06','2001-02-19 12:34:22','2006-07-06 02:13:47'),(73,3,'hM6Mg',62.5203,1470.5,43,8,'DYGvKrocyqnHDGWrdOIexGNK8M4n7r','2005-12-13 02:46:26','2022-07-20 03:28:36','2002-08-24 09:33:19'),(74,11,'3E3FJ',92.0488,4914.36,93,10,'6K5x8wBfHafUmGMM0Hs4cazR3TydBo','2006-05-20 17:50:34','2001-01-29 22:33:48','2003-04-15 14:32:48'),(75,26,'XuR96',72.198,4365.65,3,5,'fUo4p8hddJudCDNoB8EXn213IBzhTb','2009-08-09 02:50:09','2012-01-30 15:53:54','2010-11-06 15:00:20'),(76,22,'nRP5t',8.1724,4450.57,64,9,'nduvnIAKBtmm1gitGfXRwDP1w4xOR','2012-05-23 12:12:23','2020-03-17 04:09:09','2019-01-12 12:58:10'),(77,3,'ApXYL',34.0681,2181.15,27,6,'1ae30OM6tLEdnWj6p2XGr8PMfm3M','2003-11-10 09:55:53','2000-09-20 17:38:15','2022-04-30 06:46:14'),(78,23,'5Q4vy',76.1249,3692.27,88,5,'JcPqbskChBpcjll5pqkl2XFT6euxIF','2010-07-01 03:03:30','2019-12-16 07:23:33','2012-03-14 13:11:11'),(79,23,'QxUJN',83.4475,642.683,29,6,'wW6u67x3bjhYDsSgGIApjODIKkkSn','2009-10-10 10:46:01','2002-05-30 21:27:48','2013-04-23 14:23:17'),(80,8,'sRa4',32.3436,4508.68,87,10,'MI3lwXMlyIFlBmWDRiYAXO6Us2Kp9S','2012-04-08 17:53:11','2020-08-18 18:33:12','2018-03-06 05:11:41'),(81,4,'myPyi',26.0652,2011.29,85,6,'8Mi23NhlglUq0rheDuJzpqxs4nVHtO','2004-08-05 10:03:43','2021-05-03 14:01:19','2020-06-16 00:38:05'),(82,15,'SHGA',77.005,3124.15,5,9,'Rz8Q1a2S0nGv6ds0HKkpPwNPG7N','2014-02-11 07:01:56','2014-12-27 04:10:21','2014-07-01 03:14:12'),(83,4,'beSUE',30.2805,3803.03,86,3,'lJLCmT5EwflJGtRWN65X6G7S54Bo6','2020-03-10 06:09:44','2001-02-15 01:44:10','2013-08-06 12:54:16'),(84,10,'53JOV',2.9206,2856.09,93,10,'pCb3HrSQH4NbYDqgLlXAGRvBYvpqnB','2008-03-24 04:13:54','2008-07-23 00:18:17','2010-12-04 19:36:00'),(85,12,'scuKo',49.7414,4604.71,92,8,'YReVClmGiAMdqqN3IhXFuUT6BeBJR','2010-03-28 11:18:12','2022-04-24 16:52:47','2003-02-17 18:00:22'),(86,24,'rPQe8',27.8517,4012.17,54,7,'o7GhThkdzGf3Qr7UF9tWrTalruAD2a','2015-04-03 07:45:33','2007-08-07 17:46:14','2018-06-18 06:25:53'),(87,21,'MVAxA',94.7602,4023.44,18,11,'Ugf0jhhkYbKIrWNhzLc6xrnWuMC6p','2020-03-17 20:35:38','2022-08-27 05:16:24','2005-09-28 16:52:19'),(88,10,'BMSbx',41.9225,3201.98,24,2,'m2FdyVeotiRgDW8Pa5sCceRXJbuPgu','2006-06-29 20:22:30','2008-05-27 07:11:54','2009-12-14 09:23:40'),(89,21,'uqPFy',17.496,3505.26,19,8,'IksUWkPH8QXJh9nDeeUnvAendLpaWP','2014-01-29 14:11:49','2005-05-22 17:28:35','2001-09-02 18:08:33'),(90,14,'WgsFL',11.998,1275.93,54,10,'HGE1L4yvtos7ru3k3ageNf7Q6djPPP','2010-02-20 16:38:55','2002-08-24 14:23:43','2020-03-07 20:19:47'),(91,23,'oiBVS',52.0969,3858.41,6,8,'lJy4rVjfdNATunPLKhnJtEmYbO7tJ','2015-12-08 06:35:14','2011-06-13 11:34:48','2004-04-02 12:45:17'),(92,18,'nOQrC',34.934,1450.78,88,4,'2ELfPGlvUgsrfIukUVFYGb9JLg4YN','2011-02-08 12:42:57','2014-04-27 09:24:18','2020-12-25 10:09:31'),(93,4,'5gujS',74.6013,4371.69,50,2,'aoMWEjqWGBL9heULAaoOjdQDma6mom','2014-04-19 19:13:46','2004-08-30 17:12:56','2019-05-16 19:27:09'),(94,4,'thNE7',56.5859,2462.05,27,7,'6YItnmEreWvuSj8DjwvmJUEM2pFC','2004-05-02 18:57:11','2005-11-23 08:04:13','2004-11-16 05:23:27'),(95,19,'XwdwX',58.5291,4401.26,50,3,'UOyoauYlbNjwhCM4zWiW6Ob6StFRff','2007-05-16 12:28:01','2021-02-16 03:14:33','2017-08-12 10:00:50'),(96,13,'y96uL',67.6939,2793.7,15,3,'Fx2WrpGG63CTgGDoQjEVGT7ISxVGzy','2018-07-27 18:19:46','2019-02-17 07:22:11','2001-10-15 18:52:44'),(97,16,'vqoH',3.42184,4683.62,79,2,'w0tD4UAQIFN8tPsQEfQbVUWXmXq8yY','2020-03-06 04:32:38','2001-07-15 11:38:07','2003-11-06 11:52:28'),(98,14,'hrqY',75.3492,2407.36,35,9,'bdWbhnCcuMBaELNm6Vwi1e1z4qSjDC','2010-06-29 19:12:50','2014-02-02 00:16:40','2014-05-11 19:50:02'),(99,8,'gRlMM',12.4118,879.578,78,11,'7mhh0UdYruKNNjLVPr5szXiSmFGW6m','2008-07-25 06:25:55','2014-12-12 09:43:08','2017-11-08 12:22:38'),(100,15,'WDYnA',77.1611,2198.66,8,2,'jEO4vOGbEX3xR4wlG4YUL996jqcWKc','2022-10-15 14:21:49','2001-11-07 07:29:13','2000-09-08 06:16:11');
/*!40000 ALTER TABLE `products` ENABLE KEYS */;
UNLOCK TABLES;
/*!40103 SET TIME_ZONE=@OLD_TIME_ZONE */;

/*!40101 SET SQL_MODE=@OLD_SQL_MODE */;
/*!40014 SET FOREIGN_KEY_CHECKS=@OLD_FOREIGN_KEY_CHECKS */;
/*!40014 SET UNIQUE_CHECKS=@OLD_UNIQUE_CHECKS */;
/*!40101 SET CHARACTER_SET_CLIENT=@OLD_CHARACTER_SET_CLIENT */;
/*!40101 SET CHARACTER_SET_RESULTS=@OLD_CHARACTER_SET_RESULTS */;
/*!40101 SET COLLATION_CONNECTION=@OLD_COLLATION_CONNECTION */;
/*!40111 SET SQL_NOTES=@OLD_SQL_NOTES */;

-- Dump completed on 2022-09-14 19:50:14



###Products table creation and data import end###


###Products Reviews table creation and data import start###


-- MySQL dump 10.13  Distrib 8.0.30, for Win64 (x86_64)
--
-- Host: 127.0.0.1    Database: online_clothing_store
-- ------------------------------------------------------
-- Server version	8.0.30

/*!40101 SET @OLD_CHARACTER_SET_CLIENT=@@CHARACTER_SET_CLIENT */;
/*!40101 SET @OLD_CHARACTER_SET_RESULTS=@@CHARACTER_SET_RESULTS */;
/*!40101 SET @OLD_COLLATION_CONNECTION=@@COLLATION_CONNECTION */;
/*!50503 SET NAMES utf8 */;
/*!40103 SET @OLD_TIME_ZONE=@@TIME_ZONE */;
/*!40103 SET TIME_ZONE='+00:00' */;
/*!40014 SET @OLD_UNIQUE_CHECKS=@@UNIQUE_CHECKS, UNIQUE_CHECKS=0 */;
/*!40014 SET @OLD_FOREIGN_KEY_CHECKS=@@FOREIGN_KEY_CHECKS, FOREIGN_KEY_CHECKS=0 */;
/*!40101 SET @OLD_SQL_MODE=@@SQL_MODE, SQL_MODE='NO_AUTO_VALUE_ON_ZERO' */;
/*!40111 SET @OLD_SQL_NOTES=@@SQL_NOTES, SQL_NOTES=0 */;

--
-- Table structure for table `product_reviews`
--

DROP TABLE IF EXISTS `product_reviews`;
/*!40101 SET @saved_cs_client     = @@character_set_client */;
/*!50503 SET character_set_client = utf8mb4 */;
CREATE TABLE `product_reviews` (
  `review_id` bigint NOT NULL AUTO_INCREMENT,
  `product_id` bigint NOT NULL,
  `product_rating` int NOT NULL,
  `description` text,
  `customer_id` bigint NOT NULL,
  `createdAt` datetime DEFAULT NULL,
  `updatedAt` datetime DEFAULT NULL,
  PRIMARY KEY (`review_id`),
  KEY `fk_review_product` (`product_id`),
  KEY `fk_review_customers` (`customer_id`),
  CONSTRAINT `fk_review_customers` FOREIGN KEY (`customer_id`) REFERENCES `customers` (`customer_id`),
  CONSTRAINT `fk_review_product` FOREIGN KEY (`product_id`) REFERENCES `products` (`product_id`)
) ENGINE=InnoDB AUTO_INCREMENT=518 DEFAULT CHARSET=utf8mb4 COLLATE=utf8mb4_0900_ai_ci;
/*!40101 SET character_set_client = @saved_cs_client */;

--
-- Dumping data for table `product_reviews`
--

LOCK TABLES `product_reviews` WRITE;
/*!40000 ALTER TABLE `product_reviews` DISABLE KEYS */;
INSERT INTO `product_reviews` VALUES (1,9,5,'Love this dress! its sooo pretty. i happened to find it in a store, and im glad i did bc i never would have ordered it online bc its petite. i bought a petite and am 58\". i love the length on me- hits just a little below the knee. would definitely be a true midi on someone who is truly petite.',22,'2014-12-15 07:19:00','2015-05-01 13:06:00'),(2,36,3,'I had such high hopes for this dress and really wanted it to work for me. i initially ordered the petite small (my usual size) but i found this to be outrageously small. so small in fact that i could not zip it up! i reordered it in petite medium, which was just ok. overall, the top half was comfortable and fit nicely, but the bottom half had a very tight under layer and several somewhat cheap (net) over layers. imo, a major design flaw was the net over layer sewn directly into the zipper - it c',6,'2003-02-10 22:58:00','2003-12-19 05:58:00'),(3,12,5,'I love, love, love this jumpsuit. its fun, flirty, and fabulous! every time i wear it, i get nothing but great compliments!',27,'2003-12-23 19:51:00','2003-12-20 05:58:00'),(4,17,5,'This shirt is very flattering to all due to the adjustable front tie. it is the perfect length to wear with leggings and it is sleeveless so it pairs well with any cardigan. love this shirt!!!',23,'2010-10-30 01:46:00','2002-10-03 01:09:00'),(5,40,4,'This shirt is very fit for me. I love this shirt!!!',31,'2016-03-30 12:55:00','2022-09-14 19:27:48'),(6,34,5,'I aded this in my basket at hte last mintue to see what it would look like in person. (store pick up). i went with teh darkler color only because i am so pale :-) hte color is really gorgeous, and turns out it mathced everythiing i was trying on with it prefectly. it is a little baggy on me and hte xs is hte msallet size (bummer, no petite). i decided to jkeep it though, because as i said, it matvehd everything. my ejans, pants, and the 3 skirts i waas trying on (of which i ]kept all ) oops.',9,'2003-09-06 10:24:00','2006-07-15 17:51:00'),(7,23,4,'I ordered this in carbon for store pick up, and had a ton of stuff (as always) to try on and used this top to pair (skirts and pants). everything went with it. the color is really nice charcoal with shimmer, and went well with pencil skirts, flare pants, etc. my only compaint is it is a bit big, sleeves are long and it doesnt go in petite. also a bit loose for me, but no xxs... so i kept it and wil ldecide later since the light color is already sold out in hte smallest size...',1,'2013-03-10 00:48:00','2009-03-16 11:15:00'),(8,28,5,'I love this dress. i usually get an xs but it runs a little snug in bust so i ordered up a size. very flattering and feminine with the usual retailer flair for style.',8,'2022-06-24 06:42:00','2022-07-08 18:46:00'),(9,47,5,'Im 5\"5 and 125 lbs. i ordered the s petite to make sure the length wasnt too long. i typically wear an xs regular in retailer dresses. if youre less busty (34b cup or smaller), a s petite will fit you perfectly (snug, but not tight). i love that i could dress it up for a party, or down for work. i love that the tulle is longer then the fabric underneath.',5,'2007-10-21 02:19:00','2015-09-24 21:01:00'),(10,45,3,'Dress runs small esp where the zipper area runs. i ordered the sp which typically fits me and it was very tight! the material on the top looks and feels very cheap that even just pulling on it will cause it to rip the fabric. pretty disappointed as it was going to be my christmas dress this year! needless to say it will be going back.',4,'2021-04-04 23:42:00','2012-09-09 22:11:00'),(11,34,5,'This dress is perfection! so pretty and flattering.',2,'2008-08-04 16:46:00','2010-10-13 22:14:00'),(12,1,5,'More and more i find myself reliant on the reviews written by savvy shoppers before me and for the most past, they are right on in their estimation of the product. in the case of this dress-if it had not been for the reveiws-i doubt i would have even tried this. the dress is beautifully made, lined and reminiscent of the old retailer quality. it is lined in the solid periwinkle-colored fabric that matches the outer fabric print. tts and very form-fitting. falls just above the knee and does not rid',5,'2012-05-27 19:10:00','2013-03-16 14:23:00'),(13,10,5,'Bought the black xs to go under the larkspur midi dress because they didnt bother lining the skirt portion (grrrrrrrrrrr).\n \n my stats are 34a-28/29-36 and the xs fit very smoothly around the chest and was flowy around my lower half, so i would say its running big.\n \n the straps are very pretty and it could easily be nightwear too.\n \n im 56\" and it came to just below my knees.',33,'2003-01-21 01:27:00','2018-02-14 09:41:00'),(14,37,3,'This is a nice choice for holiday gatherings. i like that the length grazes the knee so it is conservative enough for office related gatherings. the size small fit me well - i am usually a size 2/4 with a small bust. in my opinion it runs small and those with larger busts will definitely have to size up (but then perhaps the waist will be too big). the problem with this dress is the quality. the fabrics are terrible. the delicate netting type fabric on the top layer of skirt got stuck in the zip',10,'2017-06-26 00:42:00','2013-08-30 14:42:00'),(15,47,4,'I took these out of the package and wanted them to fit so badly, but i could tell before i put them on that they wouldnt. these are for an hour-glass figure. i am more straight up and down. the waist was way too small for my body shape and even if i sized up, i could tell they would still be tight in the waist and too roomy in the hips - for me. that said, they are really nice. sturdy, linen-like fabric, pretty color, well made. i hope they make someone very happy!',13,'2001-01-21 18:18:00','2008-10-28 19:17:00'),(16,39,3,'Material and color is nice. the leg opening is very large. i am 51 (100#) and the length hits me right above my ankle. with a leg opening the size of my waist and hem line above my ankle, and front pleats to make me fluffy, i think you can imagine that it is not a flattering look. if you are at least average height or taller, this may look good on you.',1,'2010-07-23 02:23:00','2010-07-18 22:53:00'),(17,35,5,'Took a chance on this blouse and so glad i did. i wasnt crazy about how the blouse is photographed on the model. i paired it whit white pants and it worked perfectly. crisp and clean is how i would describe it. launders well. fits great. drape is perfect. wear tucked in or out - cant go wrong.',28,'2008-03-02 06:53:00','2003-11-28 19:10:00'),(18,29,5,'A flattering, super cozy coat. will work well for cold, dry days and will look good with jeans or a dressier outfit. i am 5 5, about 135 and the small fits great.',26,'2002-08-26 15:20:00','2003-11-29 19:10:00'),(19,37,5,'I love the look and feel of this tulle dress. i was looking for something different, but not over the top for new years eve. im small chested and the top of this dress is form fitting for a flattering look. once i steamed the tulle, it was perfect! i ordered an xsp. length was perfect too.',13,'2006-07-04 20:53:00','2006-06-28 07:07:00'),(20,59,4,'If this product was in petite, i would get the petite. the regular is a little long on me but a tailor can do a simple fix on that. \n \n \n \n fits nicely! im 54, 130lb and pregnant so i bough t medium to grow into. \n \n \n \n the tie can be front or back so provides for some nice flexibility on form fitting.',21,'2003-04-16 08:26:00','2022-02-26 01:55:00'),(21,37,4,'Im upset because for the price of the dress, i thought it was embroidered! no, that is a print on the fabric. i think i cried a little when i opened the box. it is still ver pretty. i would say it is true to size, it is a tad bit big on me, but i am very tiny, but i can still get away with it. the color is vibrant. the style is unique. skirt portion is pretty poofy. i keep going back and forth on it mainly because of the price, although the quality is definitely there. except i wish it were emb',5,'2019-04-22 16:42:00','2022-09-04 23:33:00'),(22,27,2,'First of all, this is not pullover styling. there is a side zipper. i wouldnt have purchased it if i knew there was a side zipper because i have a large bust and side zippers are next to impossible for me.\n \n second of all, the tulle feels and looks cheap and the slip has an awkward tight shape underneath.\n \n not at all what is looks like or is described as. sadly will be returning, but im sure i will find something to exchange it for!',33,'2012-06-08 16:36:00','2001-10-10 08:30:00'),(23,3,3,'Cute little dress fits tts. it is a little high waisted. good length for my 59 height. i like the dress, im just not in love with it. i dont think it looks or feels cheap. it appears just as pictured.',12,'2019-11-24 04:00:00','2018-06-18 14:31:00'),(24,29,5,'I love this shirt because when i first saw it, i wasnt sure if it was a shirt or dress. since it is see-through if you wear it like a dress you will need a slip or wear it with leggings. i bought a slip, wore the tie in the back, and rocked it with white wedges. you could also wear it as a vest. be careful with the buttons. i havent had any fall off yet, but i feel like they will. overall its great for any occasion and its fun to wear!',7,'2019-06-01 14:07:00','2010-11-28 19:47:00'),(25,25,3,'Loved the material, but i didnt really look at how long the dress was before i purchased both a large and a medium. im 55\" and there was atleast 5\" of material at my feet. the gaps in the front are much wider than they look. felt like the dress just fell flat. both were returned. im usually a large and the med fit better. 36d 30 in jeans',8,'2005-11-07 10:51:00','2013-04-27 02:56:00'),(26,5,2,'I have been waiting for this sweater coat to ship for weeks and i was so excited for it to arrive. this coat is not true to size and made me look short and squat. the sleeves are very wide (although long). as a light weight fall coat the sleeves dont need to be as wide because you wouldnt be layerng too much underneath. the buttons need to be moved at least three inches in for a nicer fit. i thought about redoing the buttons myself but the sleeves looked even more out of proportion with a tigh',10,'2010-06-11 09:45:00','2016-06-20 08:41:00'),(27,25,4,'The colors werent what i expected either. the dark blue is much more vibrant and i just couldnt find anything to really go with it. fabric is thick and good quality. has nice weight and movement to it. the skirt just wasnt for me, in the end.',30,'2011-05-26 07:59:00','2016-11-01 20:17:00'),(28,41,5,'I have several of goodhyouman shirts and i get so many compliments on them. especially the one that says forehead kisses are underrated. dont hesitate. buy this shirt. you wont be sorry.....',33,'2003-09-19 08:49:00','2003-10-15 23:06:00'),(29,19,5,'This sweater is so comfy and classic - it balances a quirky hand-knit look with a beautiful color and practical fit. it is a bit cropped and boxy as part of the style, and as others mentioned, there are gaps in the knit that make it see-through. in my opinion this makes it perfect for layering! i like having a longer camisole showing underneath, or wearing it over a little dress. its warm but still thin enough to fit under a jacket or coat.',5,'2013-05-18 06:55:00','2012-05-25 11:38:00'),(30,30,5,'Beautifully made pants and on trend with the flared crop. so much cuter in person. love these!',29,'2017-02-20 10:06:00','2012-09-15 10:36:00'),(31,15,5,'I never would have given these pants a second look online, in person they are much cuter! the stripes are brighter and the fit more flattering. the crop has a cute flare which is right on trend. this brand has always run small for me, i am 58 about 140lbs and carry some chubbiness in the belly. i paired it with a collarless loose navy blazer',17,'2007-12-19 21:03:00','2014-09-22 13:26:00'),(32,3,5,'These pants are even better in person. the only downside is that they need to be dry cleaned.',29,'2012-06-03 09:15:00','2022-02-19 22:43:00'),(33,9,2,'I ordered this 3 months ago, and it finally came off back order. a huge disappointment. the fit wasn&#39;t so much the issue for me. the quality of the wool is subpar. someone else mentioned a &quot;felted wool&quot;...i guess, is that what you call it? it does literally feel like felt! super thin, itchy, doesn&#39;t drape very well, and feels cheap (made in china). i got it on sale, but still not worth what i paid. definitely going back.',32,'2022-08-28 15:39:00','2019-12-23 01:33:00'),(34,38,5,'This is such a neat dress. the color is great and the fabric is super soft. i am tall so the long length was an added bonus. it definitely needs something underneath since the front gaps. i am going to pair it with a funky tank top, necklaces and boots. super cute!!',26,'2004-10-18 13:18:00','2000-01-03 05:01:00'),(35,44,4,'Wouldnt have given them a second look but tried them on in store of a whim. love, love!!',3,'2008-10-03 19:14:00','2009-01-01 13:18:00'),(36,45,4,'This is a comfortable skirt that can span seasons easily. while not the most exciting design, it is a good work skirt that can be paired with many tops.',11,'2011-04-04 10:59:00','2017-01-29 14:47:00'),(37,29,5,'Just ordered this in a small for me (56\", 135, size 4) and medium for my mom (53\", 130, size 8) and it is gorgeous - beautifully draped, all the weight/warmth ill need for houston fall and winter, looks polished snapped or unsnapped. age-appropriate for both my mom (60s) and myself (30s). will look amazing with skinny jeans or leggings. we ordered the gray which is true to the photos.',20,'2008-07-19 05:24:00','2017-08-20 05:44:00'),(38,32,5,'Super cute and comfy pull over. sizing is accurate. material has a little bit of stretch.',20,'2008-09-06 23:20:00','2016-05-18 18:55:00'),(39,13,5,'Great casual top with flare. looks cute with grey pilcro stet jeans. flattering with peplum in back. nice cut for shoulders and neckline.',30,'2000-08-22 05:40:00','2018-09-25 12:15:00'),(40,37,4,'Pretty and unique. great with jeans or i have worn it to work with slacks and heels. the colors, print, and embroidery are lovely. reasonably priced!',24,'2004-11-21 15:31:00','2013-10-30 12:46:00'),(41,62,5,'This is a beautiful top. its unique and not so ordinary. i bought my usual medium and i found that it fits tight across my chest. although i had a baby this year and i am nursing, so that could be why. if i bought again i would size up.',2,'2004-07-20 20:59:00','2019-04-20 15:11:00'),(42,53,5,'This poncho is so cute i love the plaid check design, the colors look like sorbet & cream and it will pair well with a turtleneck and jeans or pencil skirt and heels. i love this look for fall and it can roll right into spring. great buy!!',31,'2000-10-05 09:37:00','2007-06-02 21:36:00'),(43,58,4,'First, this is thermal ,so naturally i didnt expect super sheer, but it is. really sheer light fabric. i like it, but be prepared for considering who you might run into if you walk around the house in it. second, it is large. i ordered the size 0 and its a nice oversized fit for my 53\" 125 pounds. i wouldnt want to go larger. along with being sheer, the fabric is easily stretched, which i dont mind in this case. finally, the color. it looks white on my monitor and shows a colorful blue dot',6,'2001-02-25 09:49:00','2005-07-28 17:06:00'),(44,9,5,'Tried this on today at my local retailer and had to have it. it is so comfortable and flattering. its too bad the picture online has the model tucking it into the skirt because you cant see the ruching across the front. a little dressier alternative to a plain tee and reasonably priced for retailer. 58\"\" and i generally wear a 6, the small fit well. will probably be back for the black!',1,'2010-09-16 23:28:00','2014-10-26 22:12:00'),(45,12,4,'I bought this item from online... the fit on the model looked a little loose but when i got mine it seemed a bit tight! so i took it back to the store & ordered a larger size. for the sale price this is a great top.',24,'2005-11-27 03:43:00','2018-06-12 22:04:00'),(46,50,5,'I love this top. i wear it all the time. the problem is that you can tell i wear it all the time as the fabric has started to fade. id still recommend it as it is so comfortable.',26,'2011-02-28 19:02:00','2005-11-07 16:16:00'),(47,46,5,'Very comfortable, material is good, cut out on sleeves flattering',18,'2016-03-15 23:37:00','2011-05-20 21:49:00'),(48,40,5,'This sweater is perfect for fall...its roomy, warm, super comfy and the color really pops.',12,'2004-09-19 17:01:00','2009-10-02 12:47:00'),(49,31,5,'Really cute top! the embroidery on the collar & bib of this top is beautiful and unique, received lots of compliments & questions about where i got it. im rather busty up top and the medium fit well, a small probably wouldve fit better but its still super adorable.',20,'2005-06-20 04:41:00','2007-09-24 14:45:00'),(50,55,4,'This is a cute top that can transition easily from summer to fall. it fits well, nice print and its comfortable. i tried this on in the store, but did not purchase it because the color washed me out. this is not the best color for a blonde. would look much better on a brunette. if this was in a different color i most likely would have purchased it.',12,'2004-01-22 02:24:00','2000-06-28 12:36:00'),(51,45,5,'I absolutely love this bib tee! its probably my favorite retailer purchase of all time. im 57\", 140 pounds and the small was a perfect fit for me. i typically wear either a s or m tops.',33,'2015-01-24 11:20:00','2004-11-25 11:29:00'),(52,20,3,'Love the color and style, but material snags easily',19,'2013-01-22 13:23:00','2001-01-08 23:50:00'),(53,25,5,'Very soft and comfortable. the shirt has an unusual, asymmetrical seam that appears along the front, right-hand side of the garment. (the model is positioned so that you cant see this detail from the picture. i attached a picture that includes the front seam.) i actually like the seam - it creates more visual interest, and adds a little bit of ruching that helps hide my belly. the cowl neck is very well done - there are two layers that form the cowl, and ive found that it means wardrobe malfun',17,'2012-06-29 08:33:00','2010-02-04 06:57:00'),(54,9,4,'Nice top. armholes are a bit oversized but as an older woman, im picky about that. the print is pretty and unusual. it just didnt look great on me. theres a slight peplum in the back that hangs nicely. its a lightweight tee fabric thats opaque. i tried it on with a black bra which was barely visible. great for warmer climates but there are so many gorgeous tops out now, that i decided to return since summer is winding down. i do recommend.',26,'2009-10-20 09:04:00','2019-01-28 04:19:00'),(55,31,5,'This is an adorable top that i find to be extremely comfortable. i dont usually buy prints but this one is so feminine and looks great with dark wash jeans. i am a 36d and the medium was a perfect fit.',21,'2011-08-11 21:58:00','2008-06-22 07:48:00'),(56,24,2,'I am pregnant and i thought this would be a great sleep bra. its soft and fits okay, but it has zero support or shape. i would only buy if you are a b cup or smaller and can get away without support. if i would have seen this is the store, i would have passed over it. however, i was too lazy to return so i am wearing it. its comfortable so thats a redeeming quality. i would not recommend for larger chested ladies, though!',15,'2022-01-03 06:52:00','2007-10-24 15:10:00'),(57,37,3,'This tank fit well and i loved the ruffle in the back and how it layed. but the front was not a good look and i will be retuning it.',3,'2016-12-11 20:54:00','2008-06-27 21:47:00'),(58,20,4,'I got this in the petite length, size o, and it fit just right. i like that i didnt have to have it altered in the length; can wear with flats with plenty of clearance to the floor from the bottom hem. my only beef with the design is the height of the waist. i personally think that the elastic waistband looks cheap, and really needs to be concealed with a belt, yet because it sits so high, literally right under the bustline, its a tricky one to pull off. i have a wide belt that sort of does th',27,'2002-06-20 15:19:00','2009-04-20 21:52:00'),(59,17,4,'Ive been looking for bralettes that provide some support but not binding/tight for night time and casual wear. this is a light weight bra, could be a little more supportive. pretty color, with nice lines. only downside is the retailer tag on the back - itchy (i need to remove it.)',8,'2003-08-18 21:40:00','2003-04-25 09:42:00'),(60,57,5,'This dress is simply beautiful and stunning. it is so figure flattering and i cant wait to wear it. size small worked for me, and since im tall it fell right to my ankle which is perfect for me. i could not be happier with the purchase and the keyhole in the back is a beautiful detail.',32,'2014-03-29 17:55:00','2000-02-06 11:23:00'),(61,34,1,'3 tags sewn in, 2 small (about 1 long) and 1 huge (about 2 x 3). very itchy so i cut them out. then the thread left behind was plasticy and even more itchy! how can you make an intimates item with such itchy tags? not comfortable at all! also - i love bralettes and wear them all the time including to work. i am a b cup. however, this one is so thin and flimsy that it gives no support even to a b cup - so for me this would only be a lounging bralette - if it wasnt so itchy!',33,'2020-05-01 13:53:00','2012-06-28 00:17:00'),(62,3,5,'I recently got this on sale after looking at it forever on my wish list. im so happy with it. its very comfortable and just long enough for my torso (53). the pattern on the front is very flattering.',16,'2008-12-14 18:15:00','2017-03-14 08:36:00'),(63,22,5,'Very comfortable shirt, light weight top with lovely floral colors. great for spring/summer with white jeans. love everything one september makes!',11,'2011-11-25 15:41:00','2004-05-27 14:14:00'),(64,54,5,'Loved this top and was really happy to find it on sale!',2,'2000-12-08 09:35:00','2018-11-14 21:07:00'),(65,17,4,'Beautiful top, but delicate! i wore it to school and the straps on my backpack caused some pilling. other than that it is beautiful and vibrant! just make sure you arent doing/wearing anything that will rub it continuously since the fabric is delicate',27,'2001-12-03 11:20:00','2009-06-04 18:35:00'),(66,36,4,'Just received this in the mail, tried it on and am smitten. im usually a l, but sometimes im a xl (if no stretch), in retailer tops. i bought this one in l and im sure glad i did. very flowy, stretchy and comfortable. i also bought the meda lace top from one september and they are very similar expect this is more of a t-shirt and the other is more of a blouse. i almost think i couldve gotten a m in this because there is a lot of extra fabric at the chest which is usually never the issue for me',21,'2013-02-14 21:43:00','2007-02-10 16:05:00'),(67,59,5,'Love this top! i kept eyeing it online and wavering on size, since my post-baby body is a little wonky. i went with the xsp, and miraculously, it works perfectly! so, i would say it does run just a little large..... i love the length, and usually do not go with petite sizes at retailer because i like the longer lengths of the regular. but this is perfect on me, and there is give up top, so it looks lovely. and it is very soft and comfortable. this will be a go-to top this season!',30,'2004-09-18 23:50:00','2018-10-16 12:57:00'),(68,47,2,'I really loved this top online and wanted to love it in person. it is soft and the patter is okay in person. the neckline is higher than i am used to. also, there are two buttons in the back that must be unbuttoned in order to wear the top. it is difficult to button them behind your neck with the top on. unfortunately i had to return this item...',25,'2006-08-17 08:40:00','2005-03-06 21:54:00'),(69,46,3,'I really wanted this to work. alas, it had a strange fit for me. the straps would not stay up, and it had a weird fit under the breast. it worked standing up, but the minute i sat down it fell off my shoulders. the fabric was beautiful! and i loved that it had pockets.',4,'2001-03-29 14:04:00','2014-03-31 16:04:00'),(70,16,4,'This top is so cute, but it is massively babydoll shaped (a- line) which is not apparent from the pictures. i measured the xs i have and the chest is about 42\" and sweep is over 70\". i would definitely keep this top if it hung straighter. the craftsmanship is lovely and fabric is so natural and handwoven looking. im thinking about asking my tailor if she can take the sides in, but that might ruin it as the fabric layout is cut and proportioned to this swing style.',30,'2011-09-26 14:33:00','2021-02-22 23:46:00'),(71,45,2,'Why do designers keep making crop tops??!! i cant imagine this would be flattering on anyone, especially someone average height and well endowed on top. i looked like a football player. the pattern and fabric are gorgeous, so if you are like 4 tall and super tiny and can fit xxs this may work? i am between a 6-8 and fit a small and it was huge on me and almost was bigger at the bottom than the top. such a weird cut. there is a cami underneath so if it rides up that will show but that is so 80s',5,'2003-09-28 20:26:00','2013-05-22 09:18:00'),(72,62,5,'I have a short torso and this works well for me. 34c, bought the 0. theres not much stretch to the fabric so it is fitted to my chest, but not in an uncomfortable way. definitely doesnt hang and have extra fabric like on the model. \n \n \n \n zipper goes almost all the way down to the bottom so its easier to get on and off which makes up for the lack of stretch n the fabric.\n \n \n \n unlike another reviewer, i found it went really well with navy pants and i wore it to a business meeting under a blazer. wi',27,'2001-03-18 22:20:00','2015-08-17 01:21:00'),(73,29,4,'I love this top. it is loose and comfortable. it is not sheer so you dont need a cami. it runs a little large so size down if you want a more tailored fit. 1 criticism, it catches on sharp jewelry or belts and can pull if you are not careful.',27,'2011-12-03 06:14:00','2005-10-24 05:51:00'),(74,37,5,'I passed up this dress so many times in the store and finally tried it on today because i wanted a casual dress while traveling in the cape. i was surprised how much cuter it is on than on hanger. i sized down to get a more fitting look and really made a difference for me in style. i was not a fan of the way it looked so loose on model. it looks really cute fitted and a bit sexy even. it is lined and very comfy and can be dressed up a but for work with a cardi. i believe i will get a lot of wear',33,'2013-08-10 07:55:00','2001-03-07 09:54:00'),(75,50,5,'I am so drawn to baby doll and boxy shirts so i immediately tried this on in the store. i am petite and only 52\", so usually shirts with a lot of fabric swallow me whole but this one was still cute. there is a lot more fabric than the picture lets on, but i think it is still super cute and flattering. i would definitely check the size chart and read comments to see if someone with your same size description has recommended a specific size for your body type. i am petite and weigh about 110 lbs',25,'2002-04-03 22:39:00','2009-09-15 13:19:00'),(76,54,4,'I would have loved this dress if the bust and waist were just a little more fitted. i am 32c and the top was too big. fit perfectly on hips. the lace material means it cannot be easily altered, so i chose to return the dress. i would have definitely kept it if it were a better fit.',8,'2000-04-30 05:44:00','2018-06-26 13:57:00'),(77,45,2,'The zipper broke on this piece the first time i wore it. very disappointing since i love the design. im actually going to try to replace the zipper myself with something stronger, but annoying that its come to that.',9,'2012-02-15 11:16:00','2001-07-23 03:35:00'),(78,50,5,'I usually size up with this brand. small was perfect for me at 135lbs. this top has a luxurious but casual feel and beautiful. i am obsessed and want to wear it everyday. it wears a little long and drapey but a little tight where it rolls up in the arms.',16,'2022-03-20 15:19:00','2022-04-12 11:02:00'),(79,12,4,'This dress is adorable - its a perfect casual look for summer and the quality is nice with the lining (though still overpriced, in my opinion). the tie detail is somewhat adjustable, and i found my normal size s to fit fine (57, 128#). where this gets me is the fact that its dry clean...totally doesnt make sense for a dress that is essentially a fancy tshirt for summer. i might bring it back for that alone, since i originally planned to wear it a lot. :(',32,'2020-03-19 15:04:00','2011-04-16 12:45:00'),(80,4,5,'I am usually a petite 6 but since this dress did not come in petites i tried on 4 and it fit. im 51\" -112lbs so dress hit rt below knee -will have it hemmed up a bit do not so overwhelming.\n \n this dress looks stunning on! great vibrant color ( i have dark hair) makes this classic elegant dress look contemporary and stylish. when i tried it on in store, salesperson and others who happen to see it on me raved and told me to grab it! i did and am glad.\n \n i plan to wear it this spring for my daughte',27,'2011-03-01 04:50:00','2006-11-30 13:31:00'),(81,37,5,'Loved this top. great design. comfortable and unique. soft material',7,'2016-02-29 18:34:00','2006-08-14 13:58:00'),(82,47,5,'The rest of the reviewers are right about the color being in accurately pictured. i ordered the dark orange color and i recieved more of a dark cedar brown colored jacket. the print is great, i love it! its so different than any other jackets ive seen. while the jacket is ber cute, it is a bit bulky (though the waist tie helps with that) and its not heavy winter appropriate ( its not waterproof or heavily insulated). for your average winter day though, it will be a fun option! the removable v',10,'2021-11-20 09:31:00','2016-06-17 06:35:00'),(83,35,5,'I purchased this top in an antro store last week. the quality is wonderful and the greenish blue color is very unique. the blouse has a beautiful stretchy camsiole that is attached at the shoulders, but can be removed by snaps. i tooks great when worn two different ways. i wore it with the campole out, and it peeks through the blouse at the bottom. it also looks great when the camisole is worn in. my only wish is that it would come in a petite size as its a touch big at the shoulders and neckli',7,'2007-08-29 02:15:00','2016-05-08 07:12:00'),(84,57,3,'I received this shirt in my typical xs and it fits perfectly. i?m not crazy in love with it but i also don?t dislike. the shirt is on the thin side. do i need to wear a cami underneath it, no. my concern is holes. it does remind me of a material that could develop some holes after some wear and washes. with that being said i?ll wash this shirt in cold water and hang dry and hopefully that will prevent holes from developing. the length is fine and i do like the slits in front?it adds a little dim',5,'2005-10-28 02:27:00','2005-04-06 21:52:00'),(85,36,1,'I was really hoping to like this, but it did not look the way it does on the model, at least not on me. the sharkbite hem is much more pronounced and looser. the one in the photo looks like it was pinned back. i am 58\" and usually wear a medium or large. i got a medium and there was a lot more material on the bottom half than the photo shows. it made me look bigger and was not flattering. material has a nice weave but its thin and delicate. i bought the (holly) deep olive and the blue. colors',21,'2017-10-30 16:32:00','2020-01-14 09:19:00'),(86,19,4,'I tried this on from the sale section, and they only had a 2 (i usually do 0), and surprisingly, that size was the right fit. it is fitted, with just enough room to eat :-) \n \n te blue is a light blue, almost neutral, with the white embroidery, i think it looked stylish, and decided to keep it. the peplum part hit just in the right spot, i am short (petite) but my torso is normal size...',1,'2000-10-23 01:17:00','2000-01-05 05:34:00'),(87,46,4,'I debated n that as i think it looks loose on the model, but if i was to tighten it, it looks a lot more flattering... i tried on the xs in the store (i usually do that to decide if i need petite), and it looked huge, when we pinched the back to see if xxs would work, it was a lot of fabric, and looser didnt look as good on me... but i like the dress overall, so still recommend. and for those who like the looser look, this is great. i would, however, order eptite for 51.5\". (115 lbs, 03 dd che',3,'2001-12-11 09:20:00','2019-10-16 06:17:00'),(88,54,2,'Really cute piece, but its huge. i ordered an xxs petite and it was unfortunately extremely wide and not flattering. returning.',28,'2016-04-02 22:18:00','2007-01-17 05:55:00'),(89,27,4,'I bought this top online in the burnt orange color and was so excited to get it. when i tried it on, the fit was fine but it just lacked...something. the back was a little bit too long, the front was a little bit too short and it lacked the overall tailored look that i was after. gorgeous fabric and top, but not for me. i wanted something more for $150! bought the velvet tunic instead ;)',13,'2022-08-31 02:23:00','2007-12-10 03:48:00'),(90,39,4,'I love cute summer dresses and this one, especially because it is made out of linen, is unique. it is very well-made with a design that is quite flattering. i am 5 foot 6 and a little curvy with a 38 c bust and i got a size 10. it fits well although it is difficult to zip up because the material has no give. the perfect dress to wear to italy or france! now i just have to book my tickets!',18,'2001-01-17 05:37:00','2009-12-21 09:14:00'),(91,34,5,'This top is so much prettier in real life than it is on the model. the pattern and texture are both lovely, and the peplum is surprisingly flattering. it is definitely on the short side, but i think that gives it a modern look. the fabric does not stretch at all, but i still think it fits tts. if you have a very large chest you may want to go up a size, but otherwise i would order your normal size.',31,'2011-12-21 14:08:00','2005-02-16 23:00:00'),(92,15,5,'None',8,'2006-11-19 21:11:00','2020-03-11 14:30:00'),(93,6,5,'None',13,'2010-01-03 21:24:00','2006-12-12 10:46:00'),(94,8,4,'This shirt caught my eye because of how beautiful it was. i love the shape, design, and and the color. its perfect for spring and summer with some white pants. unfortunately, i dont see any possibilities for this shirt to be worn any other way. so far, it doesnt work with any of my jeans, skirts, or shorts. i usually prefer items with more versatility for outfits, so im still on the fence if im going to keep it or not. with that aside, it seriously is a great quality shirt with a beautiful',9,'2000-06-29 09:24:00','2017-01-16 06:51:00'),(95,10,5,'Purchased this top online, and when i received it was very pleased.\n \n it has and elegant cut and yet is a casual fabric.\n \n love that the sleeves run longer......ads to the overall look.\n \n also loved the v neckline.........enhances the feel of the overall style.\n \n with various necklaces this top has limitless options!\n \n the color states moss....which i usually think of as greenish brown......i found it to be more of a taupe.\n \n would have liked it to have a green tones, however it is still a fantastic f',7,'2003-08-03 01:44:00','2004-07-10 10:12:00'),(96,42,1,'I usually wear a medium and bought a small. it fit ok, but had no shape and was not flattering. i love baby doll dresses and tops, but this was a tent. my daughter saw me try it on and said \"thats a piece of tablecloth.\" its going back.',26,'2000-05-13 18:35:00','2004-03-06 11:50:00'),(97,40,1,'I was very excited to order this top in red xs. so cute, but it was huge, shapeless and support thin! it had to go back. i shouldve looked at other reviews.',8,'2016-02-17 01:09:00','2013-07-13 12:37:00'),(98,14,5,'None',22,'2013-02-08 13:51:00','2015-10-12 21:51:00'),(99,34,3,'I am in need of easy comfortable tops for everyday wear. i bought this top mostly because of the cute buttons. when i received it, it looked exactly as it does in the picture online, however, the buttons kept slipping out of their homes because the holes were slightly too big. the shirt fit but was just a tad snug near the upper arms, which would stretch and loosen up throughout the day. its definitely a comfortable shirt, but it felt more like a pajama top. its going back.',7,'2000-01-17 02:21:00','2004-06-11 09:10:00'),(100,50,4,'At first i wasnt sure about it. the neckline is much lower and wavy than i thought. but after wearing it, it really is comfortable. it stretches a lot, so i wear a cami underneath so when i lean forward im not showing the world my torso.',7,'2005-01-14 09:57:00','2004-08-20 19:00:00'),(101,55,4,'I find that this brand can be a little bit all-over-the-place with sizes. had i tried this on in person i may have bought it in a small instead of a m. despite being a bit big it still looks great and hides my flaws well. i bought a m in another shirt from them (the seamed scoop neck) and that shirt was a full 2 inches smaller in the bust than this. just something to keep in mind. still a great shirt, love the neutral color.',2,'2008-05-09 02:16:00','2006-05-10 15:50:00'),(102,23,5,'This top is absolutely stunning. i purchased the white one. just received and it fits nicely-a little on the big side but i believe it looks better that way. this will look great with everything. it is well constructed and looks very unique. love it!',23,'2019-03-29 16:17:00','2012-02-15 07:13:00'),(103,20,2,'The fabric felt cheap and i didnt find it to be a flattering top. for reference i am wearing a medium in the photos and my measurements are 38-30-40.',17,'2011-08-12 12:17:00','2003-06-18 09:13:00'),(104,56,2,'Runs big and looked unflattering. i am petite, might work on someone taller.',20,'2012-09-29 18:22:00','2005-10-04 08:09:00'),(105,60,5,'I bought this lovely silk/velvet shirt in the &quot;sky&quot; color but it is more on the teal blue side than sky blue, which disappointed me. it is definitely darker than appears in photo. still a luxurious well-made beauty with sassy appeal. it drapes like a snake slithering down your body. it comes with attitude.',32,'2011-09-01 03:10:00','2019-07-27 13:44:00'),(106,5,4,'Was so excited to order this beautiful shirt! and the color sky is gorgeous! but as another reviewer said--it runs small. it was also way too short. so sadly i will be returning this. i gave it 5 stars because it is beautiful and great quality--it just didnt fit me.',18,'2015-11-05 19:04:00','2000-08-28 07:41:00'),(107,3,4,'I ordered ivory in xl because this brand tends to run tight if youre well endowed. its a beautiful color and i love the contrasting plaid lining the inside of the collar and cuffs. havent decided about keeping it because it looks oversized (but cozy) and its really long. it almost touches the top of my knees in back. sooooo pretty though.',10,'2019-05-22 20:11:00','2015-03-10 21:06:00'),(108,36,5,'The shirt is exactly as it is pictured, i have the burnt orange color and love it! i received numerous compliments both paired with jeans and tucked into a fun skirt. it fits true to size, as i normally wear a small in all retailer however it is the slightest bit tight in the shoulders. i would give this top a 5/5.',31,'2013-06-17 11:29:00','2014-01-08 02:29:00'),(109,42,5,'Perfect dress for hot, humid, sticky weather.',6,'2008-09-20 22:16:00','2006-12-09 12:36:00'),(110,30,1,'This is so thin and poor quality. especially for the price. it felt like a thin pajama top. the buttons are terrible little shell buttons. this could not have been returned faster.',25,'2018-01-16 11:10:00','2000-03-16 09:08:00'),(111,9,3,'I didnt end up keeping this dress...it just wasnt right for me. it is very cute and fit well but the fabric was very thin (partially lined which is a plus) and the hem line coming up on the sides made it just too short for me. i ordered the petite xs and liked the length in front and back well but the side slit/vent was just too high for my liking. the tie part hit at the perfect spot for me at only 54\" (~118#). i guess i just didnt \"love\" it and would rather save my funds for something i ca',1,'2022-07-07 20:34:00','2003-03-15 11:38:00'),(112,62,5,'I read the first review on this and ordered both a small and a medium as i thought this would run small. i have to totally disagree with the reviewer! i find that this top runs true to size or even generous! the sky color is so pretty and this top can be dressed up with some nice heels and a necklace or it can be comfy casual! i usually wear a small in hh brand and this one was true to fit (5\"2\", broad shoulders, 120 lb)',10,'2015-04-03 19:42:00','2022-08-29 17:13:00'),(113,26,5,'This dress is comfortable and stylish at the same time. it runs true to size. im 51\" 113 lbs and got the xs petite. wore it once so far for a few hours and got a few compliments on it!',26,'2020-10-08 04:21:00','2012-09-03 20:35:00'),(114,15,2,'The design/shape of the dress are quite flattering, flirty and feminine. but.... there is no way that the dress i received is new. the color is a faded washed out red and there are black stains all over the belt area. there is no tag... the fabric looks droopy and laundered and is not crisp, stiff or new. i am very disappointed by the quality of the item that i received. undoubtedly this one is going back.\n \n dear retailer - please make sure that you do not send pre-owend clothing articles to',18,'2019-08-27 06:58:00','2014-02-04 11:17:00'),(115,29,4,'This one totally worked for me. love the color, length, and style.',12,'2018-12-22 16:01:00','2010-11-09 21:10:00'),(116,54,4,'Prior reviewer nailed it with the summary of this dress. it definitely needs heels. im 54\", 120#, 34d and this is a size 36. i usually wear a size s or 4 with most retailer stuff.',18,'2008-09-28 00:01:00','2009-03-07 07:44:00'),(117,4,5,'This is the perfect summer dress. it can be dressed up or down. the quality of the linen fabric is very nice. im 51\" and it hit right below my knees. i found it to run true to size. those with a smaller bust might want to go down a size, but the tie in the front can be adjusted. its lovely.',7,'2000-10-19 14:07:00','2006-08-12 22:23:00'),(118,5,2,'First, the fabric is beautiful and lovely for spring and summer. i really wanted to like this top, but the fitting is so awkward for me. i typically where a 0/xs, and sized up in the shirt to a size 2. it was very tight and pulled funny across the chest (size 32/a). i also found the cut at the shoulders very narrow (need a strapless bra) and made it look unflattering overall. had to return this one back to the store.',32,'2000-01-16 22:55:00','2018-12-12 16:55:00'),(119,12,5,'The color is perfect for fall and into winter. only the inside collar on the photo shows the subtle plaid lining. the lining was an unexpected bonus, and adds even more dimension to the shirt if the sleeves are turned up.\n \n the fit is true to size and the stressed velvet fabric is current for this season.\n \n im going to enjoy wearing this shirt.',8,'2000-06-06 02:59:00','2002-05-18 15:47:00'),(120,33,5,'The perfect striped t-shirt, and the cute little buttons down the front are a wonderful accent with each one being different. i love it!',15,'2014-04-28 00:57:00','2007-03-29 11:32:00'),(121,32,5,'Great look and you can wear this vest with almost everything . i normally wear a small but they only had mediums and it fit fine( i like it tied). this will stay in my closet all year round . it does look like it will wrinkle easily but that doesnt bother me . a must buy !',26,'2005-04-07 03:38:00','2006-11-30 20:03:00'),(122,54,5,'This is a great pull over dress that can easily be dressed to wear to work, to a bbq, or to happy hour. i have a large chest which sometimes makes this fit look like a tent but this fabric drapes nicely. the only thing i would note is the neckline was slightly higher on me than for the model.',26,'2011-04-24 21:22:00','2010-04-15 05:12:00'),(123,41,5,'After reading the previous reviews, i ordered a size larger. i am so glad i did it! it fits perfectly! i am 54\"/115/32dd and went with the s regular. so beautiful! i cant wait to wear it!',7,'2021-12-29 19:10:00','2010-12-31 19:06:00'),(124,43,3,'I was so excited to try out this top since it was such a bargain and neutral. unfortunately, the shape is \"a\" line and accentuates the hip area a bit more than i find flattering. so, it will be returned.',12,'2015-10-26 00:44:00','2002-07-05 12:09:00'),(125,40,3,'Like others reviewers mentioned on here, this dress is extremely well made. but there were too many cons for me, as well. this would most certainly work on a petite/shorter frame, but for tall, busty, and curvier girls, it just sits wrong on all places unfortunately. the color is lovely along with the nice collar that ties in the back really made this dress stand out.\n \n however, im a 36c and found that the arm/shoulder part so large and bulky that is made me look bigger on top. there was entirel',5,'2007-12-13 15:23:00','2009-02-18 22:44:00'),(126,14,4,'I read the previous reviews and had hoped that the exclamations about the color being inaccurate were exaggerated- however they are sadly very true. let me be clear that this is a beautiful, comfortable piece of clothing- when you put it on it feels thick and of very good quality. and while the pattern is interesting and pretty, the \"dark orange\" color i was expecting is actually a mud brown. i think its unfortunate that retailer misrepresented such a key element of the jacket, but i digress. the',8,'2004-05-08 09:56:00','2015-03-14 10:34:00'),(127,25,5,'This coat is beautiful! i love the color and the design. it definitely runs a little large. i usually wear a small or a zero and i can wear a small wth a large sweater underneath no problem. i might have wanted an extra small but i just stuck with the small because i needed the coat already. the vest keeps it warm, but the sleeves arent lined so its cold unless you have a nice sweater underneath it if youre going to be in cold weather.',9,'2013-12-19 13:15:00','2003-05-12 09:44:00'),(128,32,4,'Nice vest, pretty olive color, hangs nice but...its just kinda funny. just hangs and really looks odd when tied. i like the laying piece just wished it had more \"umph\".',20,'2008-07-10 12:24:00','2020-05-31 05:04:00'),(129,9,5,'This top is super comfy and casual. the slit/design in the front gives it more of a stylish look than your average white long sleeve tee. would definitely recommend.',23,'2022-04-05 13:04:00','2020-09-14 11:28:00'),(130,53,4,'Intrepid soul that i am, i washed it in the machine in cold water on a 25 minute cycle, then put it in the dryer for 8 minutes, shook it out, hung it up, and it is just the same as when it went in. doesnt need to be ironed and didnt shrink. yes, the swing is vast, but that is part of its charm. pair it with a fitted piece on the bottom and no one will think that you are actually needing that much material to cover anything! i think it is fun, something i will use for years, wonderfully comfort',25,'2002-01-23 08:11:00','2017-12-10 00:40:00'),(131,46,3,'Its ok, fit doesnt wow me because of my body. chest is too wide, hips look too narrow. drapes across my back fat in an especially non-flattering way. basically made my square-apple body look more square-apple. great part about this dress is that its comfy and hides the tummy pooch. construction is poorly done...contrasting liner at v-neck is rolling out on one side only and then doing the same at the hem contralaterally. another negative point is dry clean only. boo. im 53\" 140# 39-28-35 an',27,'2020-04-02 19:40:00','2014-04-21 10:08:00'),(132,19,4,'In my retailer this was hung over in the pj section, and it really has more of a jammie top feel... soft, thin and stretchy. its super cozy and comfortable and it drapes really nice. mine seems to have stretched out a little, especially the neckline (and the little buttons have a hard time staying closed). im happy with it though for what it is - a great, casual day t.',26,'2022-09-03 03:42:00','2014-09-21 23:58:00'),(133,3,5,'I love this vest! there are so many ways to style it...open or tied closed, over a dress or with a tshirt and jeans. i get compliments every time i wear it. its soft and light enough to add interest to an outfit without being too heavy/hot to wear all day.',2,'2003-06-29 01:49:00','2010-04-23 11:25:00'),(134,53,5,'This blouse is a perfect creation: perfect-weight cotton, many, many details, and color, all perfectly executed. theres fullness to the body, so this will definitely be easy to wear in hot, humid locations this summer, and it would be easy to pair with many things you have already for a casual yet collected look. theres no mistaking quality when you look at this piece! i bought the medium for my 130#, 34f, size 8 blouse/tee frame. this is the blouse you will have for years, and you will enjoy',5,'2016-08-13 19:21:00','2005-04-06 20:44:00'),(135,5,4,'None',17,'2010-07-16 19:41:00','2005-04-07 20:44:00'),(136,33,4,'Love this vest! the color looks a little more brown in the picture than it really is--its a deep forest green that goes great with jeans or black pants. a great piece for polished but casual style, and the fabric has a nice, soft suede-like finish.if only the was *slightly* higher to hit my true natural waist, it would get that fifth star (but sometimes i wear petite sizes, so that might be the issue here--still looks good tied).',23,'2009-03-01 17:02:00','2011-02-19 06:27:00'),(137,3,4,'I received the sky color in m online. am definetly keeping it as it is beautiful. however i wish they had made it a little less wide and more long. i am 5 3 and could totally size down to a s but even at my height it would be too short. i like crop tops and waist hitting tops a lot. but the shortness on this one just looks like it shrunk in the dryer',17,'2009-07-29 01:22:00','2001-05-18 20:34:00'),(138,50,4,'I am obsessed with peplum down coats because the ones you usually see have no shape and are extremely unflattering. i was excited for this to arrive. this is quite nice and it looks more feminine than the other down coats out there. the coat itself runs just true to my shirt size but not what i want for a coat. i will be returning this for a size up because i will want to wear a sweater or at least maybe a thicker shirt under this especially for winter or fall. the fabric is decent and the weigh',20,'2001-04-21 08:22:00','2007-05-23 08:50:00'),(139,27,5,'The silhouette and length of this skirt and length are flattering, classic and comfortable! the colors and weight of this skirt make it versatile - could be worn year-round (so long as its not 100 degrees out - there is a bit of weight to it). its one of my favorite pieces in my closet. can be styled 20 different ways. pair with a higher-end tee, tank, denim jacket or body-hugging sweater. i sized down.',27,'2019-05-02 23:17:00','2013-04-10 07:41:00'),(140,49,5,'Perfect for work or going out. i layered this with the reversible tank in medium pink so it would be work appropriate. it did not feel scratchy to me, maybe because i layered it. great buy especially with the discounts. feel like i lucked out.',26,'2005-06-04 13:14:00','2004-09-18 13:02:00'),(141,47,4,'Its a pretty top, but it runs very short. the back is also pretty see through so im not sure i will keep it. its called off the shoulder but it is so tight when you try and actually wear it off the shoulder. great design, just not sure i will keep it due to length',12,'2001-02-21 04:50:00','2006-08-06 01:55:00'),(142,31,5,'None',12,'2001-01-27 08:36:00','2009-03-21 17:59:00'),(143,54,5,'Iim not usually big on lace but this is so unique and versatile that i went for it. looks good dressed up w/a nice top or casual w/a tee. can be worn practically all year. love it!',13,'2015-12-31 05:45:00','2019-07-26 21:10:00'),(144,4,3,'My firned tried this on and her first comment was \"take it off, it is scratchy\", so i didnt bother trying it on. it is, however, beautiful, if you are not sensitive to scratchy material.\n fit was true to size.',5,'2013-02-17 07:42:00','2013-12-15 17:10:00'),(145,60,3,'The stylist had me try this top on off the shoulders, but that was kind of snug, perhaps why it didnt fit right, it is not off the shoulders on this picture. the cut is loose, so it looked big on me, but going smaller would not have worked the way i had it on... may give it another try on. xs was big, so would need to try the xxs next time. but off the shoulders looked nice on the lady who was smaller built next to me!\n \n \n \n colors are nice, light, but appropriate for fall (or summer!) light fabri',14,'2010-01-15 15:06:00','2000-07-24 16:32:00'),(146,56,5,'Some reviewers found this skirt to be on the smaller side, but for me, it was big,,, too bad the smaller size is sold out (well, all peittes are sold out). the length is also pretty long, below the knee, but in the narrow part still...so able to keep it. the colors are great. i brought it in the store to try on in front fo the stylists, adn they all loved it and told me to keep it... winner for sure!',9,'2003-10-10 21:00:00','2015-11-07 15:50:00'),(147,2,5,'I purchased this skirt at retailer store in texas. i fell in love since i saw it. the fabric is nice and the colors are pretty and cheerful for this spring/summer !! and it has pockets on the sides! dont we love pockets? very practical and lightweight',22,'2016-12-08 14:07:00','2009-07-19 12:06:00'),(148,4,5,'This is a very pretty skirt and the colors are better in real life. sizing was mostly true to size for me, slightly tight in the waist but i have a thicker waist compared to my hips. im 57 and 138# and ordered a size 4 (i usually size up to a 6 with retailer pencil skirts.) a 6 probably would have fit as well, especially in the waist but didnt want it too big in the hips. length was perfect, to my knees.',16,'2008-08-13 19:23:00','2016-01-21 12:16:00'),(149,54,5,'This skirt is wonderful! the price point seems a bit high for the average office gal, but the quality is impeccable. i really enjoy looking at myself in the mirror when wearing this skirt. it can be dressed up, dressed down, worn during all seasons. the design/pattern is artsy and whimsical without being too \"out-there\" (unless you want it to be, of course!). the fit is true to size, and the delicate details are just lovely.',32,'2004-09-28 20:47:00','2002-01-11 14:24:00'),(150,45,5,'Like other reviewers noted, the pics dont do this skirt justice. it is truly beautiful with an intricate lace pattern and rich colors. cant wait to wear this to work!',10,'2008-11-11 17:28:00','2004-06-06 09:43:00'),(151,24,4,'Love this skirt. the detail is amazing. runs small i ordered a 12 im usually a 10, but still a little snug.',26,'2000-02-11 01:01:00','2002-04-15 07:43:00'),(152,24,3,'Not keeping this one. the fabric is a bit tacky-looking in person, the cut is odd and its just not me. fit is fine and there are snaps to keep the neckline flat and shaped, the colors are as shown and it is a good length (falls to top of hip). i simply did not like it. too metallic looking maybe...',31,'2011-08-28 11:40:00','2001-07-09 04:30:00'),(153,59,3,'The top as with most of aps tops is well stitched. material is very uncomfortable. if you have large bust it is a little divulging. this may prompt you to wear something underneath to look modest and change the shape of the top!',24,'2001-01-18 11:14:00','2018-06-16 23:32:00'),(154,27,3,'I love the metallic colors of this top and figured i could wear it under a ruched jacket and circle skirt for work. welp, thats out the window. this design is poor. for one, this is not a piece for a petite woman with no torso and i dont know how anyone with a longer torso wears t his. this hits above my belly botton on and i got apetite 2. i have no torso. so, without a jacket, i would never wear this. its very low cut..the back is very low..its a little loose but i run between a 2 and a 4.',23,'2000-12-13 14:56:00','2013-01-15 17:00:00'),(155,30,5,'This top is so much better in person. i do not agree with some of the other reviews about the fabric being scratchy. it is not and i have sensitive skin. i love this top and have got lots of compliments.',21,'2015-05-01 09:16:00','2004-05-25 16:16:00'),(156,31,5,'This is a lovely pencil skirt that is well-made and really brightens a work day. like a lot skirts with multiple colors, a lot of tops feel like they should match but you have to try a few that really work with the skirt and your look to get the right impact.',23,'2013-05-03 07:51:00','2002-01-13 17:47:00'),(157,61,3,'So disappointed that no where in the limiting did it mention this suit is australian in size!! i ordered the 10 (im usually an 8 but that was sold out) and the suit arrives and doesnt even fir over my hips. -- the label clearly says 10 australian us 6! gutted that i have to return this suit because of this sizing issue. the suit looks to be well made and the design is adorable of it only for.',32,'2002-02-23 19:34:00','2013-07-22 04:47:00'),(158,28,4,'I saw this top online and read the reviews so i passed when i went into the store. when i went in again i thought i would give it a try. so glad i did ! it fits great and is way way prettier in person ! i ended up buying it and so glad i did !',1,'2007-07-13 03:06:00','2013-03-29 01:12:00'),(159,51,4,'This is a very pretty top with vibrant metallic colors. i would be perfect for a holiday party or going out to dinner. it wasnt as scratchy as i thought it would be based on the reviews, however, it ran a little big. im 5.3 and about 130 pounds and i almost always wear a size 6, but the six was too big. id recommend sizing down. it was also lower cut than i thought it would be....showed a lot of cleavage (im a 34d) so its not work appropriate. .',16,'2015-08-16 01:01:00','2008-01-03 16:38:00'),(160,57,4,'Love everything about this beautiful coat except the way it fits on me. it is just perfect in the shoulders but once it flares out at the bottom, i look like a clown costume. if i size down it will not fit in my shoulders. perhaps a tailor can install buckles that match the neckline buckle to the sides of the coat to fold in the flare. on another note the buckle at the neckline feels very hard and fake, not sure if its real leather.',28,'2014-08-21 14:34:00','2012-02-20 08:25:00'),(161,48,1,'The title says it all....this fabric of this top is both the best and worst part of the design. the colors are vibrant and the combination of materials (shoulder is a knit, sweater-like navy fabric) is interesting. however, that is where the positive comments end on this one. the top is so scratchy,, stiff, and, frankly, uncomfortable. i cannot imagine wanting to wear it. it could benefit from a lining, and that might have solved the problem of scratchy, itchy fabric.\n \n the stiff fabric of the bo',10,'2008-01-20 17:48:00','2012-07-08 11:36:00'),(162,7,4,'My usual size 6 fits perfectly... yes the metallic fibers on the inside are scratchy. a cami solves that problem. when ordering, i realized i cld not go strapless & wld have to wear a one of my wider strap camis in navy or black to cover the bra strap area. it was obvious some sort of cover-up swtr or jacket w/b needed & wld cover the strap area anyway. so, i also ordered the faux-fur cardi in the ivory to wear over this top. its a shrug-like cardi w/ 3/4 slvs. comes in the plum also if you',14,'2017-04-02 10:56:00','2014-12-08 16:53:00'),(163,5,5,'The online picture does not do this skirt justice. its very pretty and unique in design. i think it should be worn with a tighter shirt that is tucked in unlike the picture. this is truly a pretty pencil skirt.',1,'2012-08-30 00:14:00','2010-04-21 11:16:00'),(164,14,4,'I bought this and like other reviews, agree that the quality probably could be better, but i still love it enough to keep. the buckle fell apart, but i was able to fix it and the zipper seems a little weak. it has pilled, but the fabric is textured, so i didnt even notice until i read the other reviews and then looked back at my jacket. it is a perfect medium coat for 40s & 50s before i am ready to bust out my ugly down north face for winter. i get compliments every time i wear it! love!!',9,'2020-09-01 04:33:00','2016-10-06 05:25:00'),(165,21,3,'None',17,'2018-05-20 04:01:00','2016-02-27 19:40:00'),(166,58,5,'I bought a petite, size 2. i am 53\", 111 lb - it fit perfect with a tiny bit of room. looks just like the one pictured. length on me was about 1 inch lower than the model. very bright with multiple colors. has a nice stretch. very cute.',20,'2014-01-14 01:49:00','2005-09-02 19:41:00'),(167,25,5,'This will be perfect for the mild fall weather in texas. its light weight and i love that the top is a little more fitted and the bottom swings out.',7,'2009-12-27 07:07:00','2021-10-27 23:39:00'),(168,27,5,'None',11,'2009-06-23 22:50:00','2011-05-29 21:49:00'),(169,40,5,'I love the dresses by maeve and this one is no exception. i was pleasantly surprised upon receiving this dress because i wasnt sure about the print size and colors when i saw it online, but the print is beautiful. its a very simple but elegant style and the ruffle on the back adds an extra touch of interest. i like that it has enough coverage at the top (front and back), the underarms do not fall very low, and it is lined. the a-line skirt will flatter most body types. the fabric and overall q',20,'2009-07-01 15:50:00','2006-01-16 08:27:00'),(170,3,5,'These pants are fun! i use them as sleep pants. i had to size up because the waist band was a little tight for comfort.',21,'2001-07-07 09:30:00','2002-05-13 15:48:00'),(171,42,5,'I ordered this in xs, im 54\", around 115lbs, and it fits perfectly. the material is very soft, but not see-through, and the romper is well-made. i wish it came in other colours, id buy more!',2,'2021-04-03 07:37:00','2006-11-02 22:54:00'),(172,34,4,'I purchased these for something other than sweats to wear for a girls get away weekend. they were so comfortable and flattering, friends told me i could wear them out for dinner.\n \n \n \n the fabric is beautiful, and i loved the way they draped. the angled cut on the legs is very cute, and something a bit different. these could be perfect for a hot summer evening dinner, because the fabric is very light and breezy. dress it up with a tank top and ballet flats and youre good to go.',11,'2003-02-20 21:25:00','2016-06-01 18:00:00'),(173,37,4,'Love this cream sleeveless top....it goes with everything and you can dress it up or down! this will be a go to top all summer long and probably wear thru the fall as well with a layered sweater, if needed. i typically wear small or medium size and got the medium hoping for a little longer length. i am 57, 34c, and overall wt. of approx. 128 lbs...it fits very nicely . thank you retailer!',32,'2008-05-14 12:04:00','2014-11-19 08:22:00'),(174,12,5,'This skirt is beautiful (especially the color) and looks well made. however, i am very pear shaped and this skirt is just too straight to be flattering on me. i agree that it runs small but even when i sized up it still wasnt flattering. i imagine that those who were not bestowed with massive hips will look lovely in this.',6,'2013-08-06 20:57:00','2001-09-22 15:48:00'),(175,58,4,'Happy with this top- slightly thinner material than i was expecting but thatll be fine with our hot summers. got the navy striped one- very pretty and extremely soft. washes well. i do wear an tank underneath though bc the armholes are slightly large and you can see part of my bra.',33,'2013-07-27 03:50:00','2012-07-06 02:35:00'),(176,18,5,'Love the fit of this sweater! it almost fits like a sweatshirt and definitely not as long as on the model. it hits me just below the hips( for ref. im 5-3\"). im considering getting all the other colors because its so cute and comfortable. could be dressed up or down. runs true to size-im always a small and this fits perfectly roomy.',20,'2019-02-04 17:25:00','2012-09-30 08:48:00'),(177,27,5,'I love this sweater!! i like sweaters that are narrow on top and taper out so it doesnt look like a sack on me. plus, it is the perfect weight. i wish i would have bought one in a different color because it is so comfortable.',9,'2021-05-02 21:10:00','2000-07-28 15:54:00'),(178,29,2,'The colors are vivid and perfectly autumnal but the fit is a mess. it was overall too large, the waistline curves up in the front and then falls into small pleats which was maternityish, the waistband was thicker than the dress and sat away from my body and the material was a cheapish poly. had the outer dress been made from the same material as the lining, i would have liked it better. the modesty closure was a plus but the dress was already unraveling when i took it out. #returned',11,'2014-08-13 19:07:00','2002-01-10 14:22:00'),(179,54,5,'Love this tunic! i am a curvy gal (with a few extra curves in the middle) and this is a perfect top for accentuating the good and masking the negative. i purchased the pink color and it is a gorgeous peachy- pink, a much deeper color than what is portrayed in the picture. i found it true to size. typically i wear a medium or large, depending on the structure and the medium fit well. a little more fitted on top and looser around the waist. i came back to buy another in the ivory but alas, it is',1,'2011-01-07 03:20:00','2010-07-06 03:33:00'),(180,56,5,'Loved the green color, the cut is super flattering, but alas, i do need hte petite, ti was a bit long and i looked a little lost. unfrotuantely, the color is sold out in petite :-(',24,'2003-07-16 16:12:00','2005-01-20 21:14:00'),(181,6,4,'But i thought this was lace or with texture, it is more a pattern on regular fabric.\n \n \n \n colors are nice, there are subtle flowers with bright colors in the pattern, the fit is nice, the 0p fit snugly enough, i dont think there was much give but that was comfortable enough. petite length did end below the knee as shown. i think it would have been nicer shorter but dont want to have to pay extra to ehm so i left that one behind...maybe on sale :-)',22,'2009-11-27 05:06:00','2010-08-21 22:17:00'),(182,3,5,'I like this sweater so much i just bought it in a second color! the pleats make the sweater conform to my shape just enough to be flattering. i wore it over three different dresses this week that might have felt too bare for work or cooler weather. i live in a hot climate so this is the right weight for our cooler months. the metallic threads give it a little bit of flair and the grey color goes with everything. im 57\" size 10-12 and the large fit just right.',3,'2000-01-26 17:31:00','2010-12-20 14:29:00'),(183,16,4,'Beautiful color,, great quality, and great fit if you size up! i learned my lesson with previous purchases and sized up when i read it runs small. i usually wear a 0/2 and i took a risk and went for the 4. it fits perfectly. i have a 25 in waist.',12,'2012-12-08 17:47:00','2001-12-16 01:35:00'),(184,44,2,'Online, this looks like a great sweater. i ordered an xxsp and found that this sweater is much wider in the middle than pictured. in fact, im pretty sure they pinned the shirt in the back for the picture to make it appear slimmer. unfortunately, this sweater will not work for me, as i am an hourglass shape and this shirt makes me look 20 pounds heavier.',32,'2007-02-20 21:12:00','2008-03-25 06:47:00'),(185,4,2,'I was worried about this item when i ordered it because of how it looks in the picture, but i had wishful thinking. i should have gone with my gut! this shirt does not have the same quality as all my other retailer purchases. it is see-through and flimsy. the bottom is just like the picture, it hangs in an odd rumpled way. the top is very flattering though, so its a shame! if the bottom fit nicer like their other products i could have gotten away with wearing a cami under it to make up for the qu',28,'2006-08-01 07:23:00','2020-11-20 22:42:00'),(186,22,4,'This skirt is a great length and nice piece for fall/winter. i love the color. it fits like a high waisted skirt would which is why i purchased the next size up.',20,'2022-01-05 20:24:00','2016-04-21 01:40:00'),(187,28,5,'This easel caftan is simply amazing! the silhouette fits all sizes and shapes while providing a unique dress.',5,'2004-03-06 17:52:00','2016-04-19 19:39:00'),(188,5,4,'Just came today: the print is gorgeous. very bohemian. its a dressier dress with the chiffon. on the con side, the chiffon is very delicate, snagged easily while trying on. theres raw edges on the waistband, needed trimming fresh out of the package. sz 10 fit in the waist, too small for 36d bust; sz 12 fits bust but is big in the waist. sz 10 ankle length for 57\", 12 hits the floor. havent decided if ill keep the 12 and try to alter.',11,'2012-10-21 17:41:00','2017-03-21 03:36:00'),(189,8,4,'My waist measures 28\" and the size 4 is a snug fit. i normally buy size 2 in retailer skirts, but the 2 was unbearably tight. cute skirt though! i like that its machine washable, and the quality looks good.',18,'2017-10-12 18:52:00','2001-12-14 06:56:00'),(190,57,4,'I love the fabric and color (i bought the green one). my only complaint is that the base is wider than the picture shows. it looks more fitted on the model. it is more of an a shape (significantly wider at the hips.)',3,'2002-06-22 08:06:00','2016-02-19 10:06:00'),(191,27,2,'I was minimally torn over whether to return this but ultimately its going back because the knit is just too thin. i thought it would be cozy and be of normal sweater weight but its not. and because its so light, the swing effect doesnt really come off. nothing special.',10,'2015-10-25 19:52:00','2002-07-07 08:47:00'),(192,59,5,'None',24,'2000-06-23 11:35:00','2006-09-17 01:41:00'),(193,8,5,'I love the color of this skirt, and the fabric is wonderful. it was a bit longer than anticipated, but fit well.',25,'2007-03-05 02:46:00','2001-08-05 03:29:00'),(194,46,3,'Dress ran very large in every way. beautiful design, lining and quality material. i should have sized down 2 sizes. item is now sold out.',10,'2008-02-18 10:05:00','2019-09-07 09:37:00'),(195,54,5,'Finally a \"swing top\" that doesnt look like a sack on me! ive been wanting to partake of this current style, but everything ive tried so far just looks \"dumpy\" on me. not this top -- it is very feminine and flattering. i am 57\" 118 lbs and have a small waist -- and although this is a \"swing\" style, it still shows my waist and doesnt overpower me. it is also a lovely fabric -- especially in the soft pink which i got. im thinking of going back for more colors!',28,'2008-08-08 17:47:00','2012-03-18 03:15:00'),(196,43,5,'I bought this shirt in the neutral and white and love it. so many people compliment it. i usually pair it with white pants and cute wedges to dress it up (obviously with a statement necklace too). but the greatest thing about this shirt is the fact that you can also dress it down. the material is fabulous but i have not washed it yet so i am not sure if it is going to shrink (which i hope it doesnt because it is one of my favorite pieces). \n \n \n \n unlike the other reviewer i did not think that the',24,'2011-08-10 14:40:00','2006-12-23 15:51:00'),(197,56,5,'Unlike the other reviewers, i did not have any problem with the sizing, fit or length of this skirt. it is a midi skirt so i think its suppose to be a little bit longer?? for me it fit true to size. for reference i am 58\", 135 pounds and the size 6 fit perfectly. i think the color is beautiful and the quality is good.',26,'2010-12-06 21:07:00','2013-03-01 18:55:00'),(198,33,5,'For a now feel, that comfy and well made, this was a great choice!',10,'2012-07-22 09:20:00','2019-01-22 04:04:00'),(199,40,3,'This skirt looks exactly as pictured and fits great. i purchased it a few weeks ago and got lots of compliments on it. however, on the third wear, the side zipper split wide open. needless to say, it was returned.',16,'2000-09-24 07:26:00','2007-06-28 11:19:00'),(200,20,3,'Dang, i got a small and was still swimming in it. its made of the fabric that increasingly seems to be the fabric of choice for all things t-shirty- soft and thin-ish, a bit translucent. id rather wait for something more formfitting and flattering- back it went.',18,'2001-02-14 22:28:00','2017-06-23 01:32:00'),(201,9,5,'None',25,'2007-08-16 19:27:00','2005-09-21 03:22:00'),(202,22,3,'Bought this item on sale and was very disappointed in the quality for the cost. fabric feels cheap, like it will snag easily and will stretch out quickly. did not flatter the female form- felt like a burlap sack. gorgeous blue color but not worth the price tag. returned it.',16,'2001-02-25 22:53:00','2008-10-21 12:15:00'),(203,62,5,'Nice weight sweater that allows one to wear leggings or ultra skinny jeans without looking like im pregnant (not that theres anything wrong with that) very feminine and light weight enough to wear with a cami underneath and a pretty scarf.',17,'2007-03-26 07:59:00','2004-08-07 02:10:00'),(204,20,4,'I loved this top; it reminded me of one i have from retailer from circa 2008 in black and white; however, on this one, the chest area is too big, in both the 14 and 16, and i even found myself tugging downward on the fabric to keep it in place because the waist is elastic and also too big. i probably need a size 12, but then i fear it would be too short-waisted on me, for i am 510\". unfortunately, it is not for me. also, the sleeves are much bigger and flouncier than they appear in the photo on t',7,'2015-08-17 00:15:00','2022-03-31 10:10:00'),(205,4,3,'I love the rich deep color and the style but once again this brand runs really small in the waist. i am normally a 8/10 in retailer skirts and the size 10 was tight at the waist enough so i could not button it and feel comfortable. the quality is ok, something i feel i would see at another type of discount store. for me this skirt did not work but the color and softness of the fabric was a plus.',3,'2003-07-09 11:05:00','2022-09-05 01:50:00'),(206,27,5,'Great shirt to wear with white pants and wedges. im a teacher and this is perfect for warmer months for school or for casual evening out. it runs big but falls in such a way that it doesnt make the wearer look big; it falls elegantly and in a flattering way.\n \n \n \n great, versatile shirt.',2,'2017-09-17 07:15:00','2002-10-16 21:21:00'),(207,37,4,'I loved this skirt on but just the other reviewers, it runs small in the waist throwing off the dimension of the skirt. i ended up getting the 0 despite the fact that it was tighter in the waist because the 2 at this length (with my height) and amount of material became overwhelming on me. it would have looked better in a slightly shorter cut as another reviewer stated as well.',27,'2010-03-03 00:01:00','2011-01-29 23:45:00'),(208,31,5,'Gorgeous top, very nice. detail work, soft and flattering. i dont think its too full on the bottom at all - mine has a loose but pretty straight silhouette. word of warning: soft pink is not pink it is peach with some pink - and definitely not my color. if peach isnt flattering on you, heed this and other reviewers comments they are weighing correctly! i will have to either return for the white or dye the fabric myself to a more flattering shade, bummer that i thought the other reviewers might',2,'2003-07-31 07:13:00','2009-06-10 17:18:00'),(209,11,1,'Love the fabric of this shirt even though it was thinner than i expected. it is soft to the skin and flattering. however i returned it because it is made for women with long torso and shorter shoulders.',4,'2000-03-11 22:17:00','2001-03-20 18:07:00'),(210,38,5,'I have already worn this several times. it is very flattering, lightweight, and easy to wear. dressy but also very soft and comfortable.',28,'2021-05-14 10:10:00','2010-04-29 18:22:00'),(211,55,4,'Very pretty fabric and beautiful color, but i agree with the other reviewer here, the fit is a bit strange. the waist is very small - need to size up at least one size for that to fit - while the rest fits nicely. its also a little longer than i had expected...sort of looks like it should be a couple inches shorter (and im 511\"!).',31,'2004-05-01 16:02:00','2016-12-05 04:17:00'),(212,40,4,'I was so excited about the arrival of my maza dress. much to my surprise the material was not has structured as i thought it would be from the photos. the fit was very tight and did not fall as nicely as i anticipated. because i loved the classic design i decided to give it another chance so i returned it for the next size up and fell in love, the open sleeve was a nice surprise with a touch if elegance. the front buttons added a bit of old charm and feminine\n appeal. while the material was not v',8,'2007-01-25 21:47:00','2000-10-18 23:41:00'),(213,24,5,'Im 54\", 130 lbs. 34 d. i bought the medium. i think i could have gotten the small but i didnt have time to re-order. it fit fine but could have been a little more snug around my top half. i love the length and the fabric.!',2,'2007-07-06 18:34:00','2005-08-22 21:08:00'),(214,29,1,'The skirt that i received had very little blue or green in it, and was mostly white, yellow and some red. the fit was fine but the quality for the price was not there for me. the lack of quality and the disappointment in the quality equals a return.',26,'2012-05-28 11:53:00','2011-03-04 21:13:00'),(215,51,5,'Ranna designs richly detailed dresses and this is no exception. looks just like the pictures (colors/cut/drape) with the exception of a modesty hook at the deep v-neck. sleeves are sheer with an elastic cuff. this dress does not stretch--the bodice felt very fitted and tight, especially at the waist band. runs tts or small; if youre busty/broad shouldered, size up. it has a dreadful side zip, is fully lined and all synthetic fabric (boo!) i purchased size 10p, my stats 36c/38-27-35/135#.',3,'2015-07-21 19:45:00','2000-12-31 22:28:00'),(216,57,2,'Bought a large, could barely pull up over my butt. runs extremely small. its cute but if your not a stick figure, this is not the suit for you.',8,'2003-12-21 00:21:00','2020-04-14 01:45:00'),(217,46,5,'Adorable... too chilly now to wear alone & too cute to cover it up! my navy parka or jean jacket will prob be ok w/ it though. size 6 fits me perfectly & looks pretty much on me as in the pic. love plaid & cotton blend tops anyways. ruffles - adorable, & im not too big on that but do love this look. when i first removed this top from the packaging it had an odd smoky-like odor, but its the dye i think. after hanging it for a few days the smell disappeared. i have in mind to wear w/ the pilcr',7,'2020-08-28 11:08:00','2013-07-11 18:36:00'),(218,13,5,'This dress makes you feel like a bohemian goddess. falls in the right area and absolutely adorable. the dress is very fragile, handle with care.',11,'2018-09-29 15:14:00','2020-03-01 03:12:00'),(219,19,5,'This is my new favorite top! looks and fits as described.',1,'2008-04-06 18:51:00','2006-02-17 21:44:00'),(220,60,4,'Last minute i needed a family-friendly top for a chilly night, so i tried on a couple of flowy sweaters at retailer and this was the keeper. while i found other styles a bit too boxy or bulky for my short torso, this has a nice a-line shape that gave me a slim profile while still being forgiving, plus the detail up top is feminine and i liked not having fabric piled up around my neck. i am usually a small but wanted this to fit like the model so i sized up to a medium and voila, i am a model. just',24,'2018-08-21 08:02:00','2020-12-13 21:58:00'),(221,52,5,'Love all the colors in this skirt and that i can wear it with a tee and flat sandals or a black jacket and heels. easy piece to wear many ways. great quality too.',27,'2010-04-03 03:41:00','2018-08-14 07:11:00'),(222,38,5,'This tunic trumped any other i have seen this season. the style, with the delicate open stitchwork around the upper chest gave it quite a feminine appeal. i especially love the weight of the fabric being on the light side. wont have to worry about hot flashes like when wearing a thicker fabric! its warm without being bulky. and to top it off, it was on sale and i was able to grab two colors. this tunic is also age appropriate and flattering for most anyone. extraordinary to say the least.',4,'2019-07-02 23:35:00','2013-05-19 16:31:00'),(223,14,5,'I needed a dress that was easy to throw on for summer days and this dress is perfect for that. its flattering, light weight and unique. ive received a handful of compliments while wearing this dress. i am 5 6\" 150 lbs, hourglass figure and typically purchase a small or medium (8-10) and chose a small for this dress. id say its still loose on me- which is what i prefer. the scoop neck and cut out allows you wear a normal bra. however, ive noticed im more comfortable wearing a camisole or s',33,'2005-08-23 13:22:00','2012-12-13 01:34:00'),(224,51,4,'The inseam is advertised as 28\", but they are more like 38\". i was hoping they were for short people, but they are for someone with very long legs, event in my tallest heels, id have to get them hemmed! just a warning to my short friends out there. the quality, fit, look was great, but way way way too long.',28,'2004-04-29 12:21:00','2006-06-24 14:47:00'),(225,62,5,'I love paige brand pants-they are soft, comfortable, and forgiving. i love these, and want them badly. the are still tight all the way to the knee and then go out into a flattering flare-it is difficult to find the perfect fit on something like this-and paige has done a wonderful job for my body.\n \n my store does not carry petite so i tried these on in regular length. they were significantly too long for me (53\") probably 3-4 inches to long. i am hoping for a sale so i can buy them in petite for',1,'2008-10-06 13:47:00','2014-06-21 10:26:00'),(226,7,5,'This top is really pretty and nice quality. runs big - i went down a size, and its perfect. coloring is more subtle in person than in the photo.',11,'2006-06-01 13:05:00','2001-11-13 10:52:00'),(227,58,4,'So i love pilcro, i wear them all the time and usually size down because they \"grow\" after wearing them. i tried on my usual size in these and felt like they are too tight, not sure if they will get any looser. the material feels really good, lightweight and the stripes are subtle but cute. not sure if ill keep them or maybe size up,',5,'2007-04-02 03:10:00','2007-06-04 00:13:00'),(228,3,4,'This is a cute top with jeans for spring and summer, or warmer climates - very fresh and airy. the fabric hangs nicely and although it is lightweight, it is not too thin or see through. ii does not get overly wrinkled either. the style is flattering for most body types and it can be dressed up or down. the v neck is just right: not too deep that you feel like you are showing too much cleavage, but deep enough to be feminine and slimming. i normally wear a size s in retailer tops and blouses',4,'2005-07-07 16:16:00','2007-02-17 09:46:00'),(229,23,4,'Petite pants hsould be able to fit short peple, but a 32 inch inseam on pants with buttons at the nottom, cant even gegt them hemmed, what a bummer. my inseam is 27 inchess, so i would need a 5 inch heel. otherwise, gorgeous, and waiat fits true to size. thighs a bit snug for musclea, but stretchy enough to fit. thinking about keeping them, but have to find big plaform heeks...',30,'2003-04-16 11:52:00','2002-06-22 21:28:00'),(230,13,5,'I tried on the petite size in my usual xs, adn i actually have to go down to xxs, i looked overtaken by the shirt. im 52\" and 115lbs)\n \n cut is flowy and not close to the body, sleeves are narrower, but still ok with athletic built.\n \n color: light one is great for gals with darker complexion and hair, but for my pale self, the darker one was better... but cant go wrong, i ordered both colors and liked both of them.\n \n ruffle is a great addition too...',5,'2007-05-05 08:59:00','2011-12-23 16:59:00'),(231,47,5,'I tried these on on a whim because i liked the shirt that they were displayed with in the store and was surprised how much i liked them! they are a great lighter weight alternative to the pilcro hyphen chino. great for hot days of summer.\n \n the subtle vertical stripes go with everything and help elongate the leg. overall a really flattering cut. the waist is not too low and does not create muffin top.',16,'2004-03-10 20:13:00','2010-06-17 10:56:00'),(232,24,2,'The shirt is absolutely cute looking. but thats just that....looks. im 52\" size 6 & wears m to l top. i tried on the medium in the store, it was rather flowing. i liked it. but i didnt like how it fit on the underarm area. it hung very low. so i ordered a petite m. still the same. plus the store the lighting was dark so i didnt realize how see through the shirt was too. had to return it.',23,'2011-08-20 03:16:00','2022-08-15 08:51:00'),(233,28,5,'These jeans! i tried these on, in addition to the high rise paige denim, and these won out hands down. classic flattering fit from mother, with an element of edginess with the frayed hem. these are long enough on me (im 55) to cuff at the ankle if i dont want a distressed look on a particular day. they are slightly stretchy like other mother denim but not so much that i would size down. i have muscular calves and thighs, but someone who does not could likely size down and be happy with the a',17,'2007-01-01 05:06:00','2016-11-21 05:45:00'),(234,28,5,'I ordered this top in my usual size and am exchanging it for one size smaller.\n \n it runs very generous, and so the sizing is a little off.\n \n the style and quality are beautiful, so i am anxious to receive the smaller size.',10,'2000-07-30 01:19:00','2017-11-10 21:00:00'),(235,16,5,'The blush stripes are subtle but they definitely give elongating effect to your legs.\n \n \n \n very comfortable pair of crop pants but my calves are definitely feeling tight in there!',2,'2013-04-20 15:18:00','2017-11-11 21:00:00'),(236,45,5,'I got a small mauve. the fit is great and the length is perfect for me, just few inches above my knees.\n \n cute and cozy! what more can i aske for!?',14,'2000-10-28 11:20:00','2012-12-16 21:53:00'),(237,2,2,'I have a similar pair of capris from retailer and when i ordered these i thought they were the same in a different color. these are less flattering and i may not keep them.',22,'2015-12-29 05:45:00','2013-10-08 03:42:00'),(238,33,5,'Fun detail with the beading and lace! arms are a little longer while the body of the sweatshirt is a little shorter than expected, but thats the style of the piece. the fit was tts with those proportions mind. the ladies at the store said that if i ordered the size up, it might be a little longer in the body, but that the arms and shoulders would have been the biggest change. the material isnt too thick, so its a nice lighter layer for fall/spring. really love it!',13,'2018-05-05 03:16:00','2022-03-09 22:25:00'),(239,16,3,'I love the style of this top, and the longer length would be great with leggings and fitted shorts. its somewhat fitted on the top yet its a-line shape gives a full swing at the bottom. the ruffled v-neckline is pretty, and i like the longer length of the short sleeves. but with all these attributes, unfortunately they cut the armholes really big, so when you put your arms forward, the sleeves pull against your arms. i was trying to decide if i should keep it anyway, but for $98 dollars i thin',4,'2006-02-14 16:22:00','2015-11-12 10:03:00'),(240,25,4,'Ordered these online and they fit perfectly. i was looking for lightweight pants for hot and humid summer days and this pair is exactly what i needed. the striped pattern is cute and adds some color.',24,'2005-10-04 19:15:00','2002-05-07 13:31:00'),(241,40,1,'I loved this dress from the moment i tried it on. so flattering to my postpartum body without being a huge tent. soft fabric, and for a white/lightly striped dress, not sheer. im bummed because after washing only twice (followed the instructions to wash) on gentle cycle and low tumble dry, holes started appearing everywhere, both on the cream ribbed hem in the front bottom and all across the chest, in the white part of the fabric only (it looks like the black stripes are holding the holes toget',12,'2009-07-23 03:41:00','2013-05-18 12:54:00'),(242,10,5,'I went ahead and ordered a size up based on previous reviews, but i should have ordered my own size, as theyre a bit loose around the waist. the pants are adorable and the pinstripes very flattering, so i definitely recommend them!',33,'2007-01-06 08:12:00','2012-09-04 00:21:00'),(243,61,4,'I really want to love this shirt, but the small is just way too big on me. for reference, im a 32d (which is why i didnt want to size down much more than a small), 56 and 125 and im drowning in this. im going to try it with different bottoms and ultimately will keep it because i do love the quality. just size down a couple of sizes!!',32,'2011-08-27 12:49:00','2022-06-06 04:33:00'),(244,20,3,'Love pilcro, love the stripes and the length - but this particular pair of capris/crops are super tight fitting. i went up a size from my usual and still felt tight. i guess its just the cut/fabric combo. i wanted it to be a slightly less form fitting feel ...... may work for you, however!',17,'2012-04-13 15:19:00','2007-12-20 00:41:00'),(245,44,5,'This is exactly what i was expecting. cute, comfortable and casual. there are some gold sequins in the scroll work that i didnt see online. they are super pretty in person.',9,'2002-02-06 16:00:00','2017-03-02 08:41:00'),(246,1,3,'I tried these on in the store, and they are super cute but run small. i typically wear a size 25 (im 5 5\" and 108 lbs.) and they were too tight for me. i like the fabric and the cut; i think theyd be great one size up. (my store didnt have them.)',8,'2012-07-13 19:30:00','2000-05-08 21:34:00'),(247,27,4,'Really nice, substantial, fully lined sweater coat. i love the structured look and the faux-leather piping around the zipper and the pockets. quality seems to be very good. it runs true to size, maybe slightly on the small side (especially for larger hips/busts) so if you are in between sizes, go up. i chose small and its just right; i wouldnt be able to zip around my hips with xsmall. besides the price, which is why i dropped one star, i cannot really find any fault in this sweater coat.',13,'2008-03-25 00:59:00','2013-02-17 21:24:00'),(248,6,5,'None',17,'2012-07-20 17:40:00','2014-01-13 02:04:00'),(249,36,4,'Really pretty, but runs at least a full size small.',32,'2003-11-17 21:18:00','2011-03-05 21:23:00'),(250,44,5,'I love these pants. i have worn them a number of times already this season. i am 5 so i did have to have them hemmed. i lost the bottom button in the process but there are still 3 or 4 on the pants so i dont think they look odd. i also wear very high boots with these pants so that helps. a crisp white blouse and black leather jacket and i felt like a million bucks!',27,'2009-09-11 13:21:00','2004-05-17 20:40:00'),(251,19,5,'I love this tunic the natural color is just that, this is a tunic so the fit is a little large. i kept it and had it altered because i really do love this top',5,'2014-04-15 13:49:00','2007-08-01 10:59:00'),(252,10,5,'These cropped pants are very light weight and super cute. they seem to run just a bit small (i sized up one size from my usual) and dont seem to stretch so a size larger than you generally take may be necessary. the thin pin stripe design is very light in color so they are quite versatile.',30,'2021-04-27 00:25:00','2017-02-24 09:51:00'),(253,21,5,'I have this dress on today in white and i am coming back to buy the second color even though pink is not my favorite. great comfy, casual dress that pairs well with a variety of shoes and jewelry to dress it up. highly recommend for summer!',6,'2011-01-02 07:57:00','2012-04-01 14:29:00'),(254,9,5,'Size down! i love this item. it goes perfect with leggings but if you are typically a small you would need to order an extra small and so forth. hopefully once i wash this it will shrink some.',8,'2002-11-08 10:52:00','2013-12-21 01:44:00'),(255,54,4,'Cute, swing top that would be flattering on most. i love the print on the white color and its so soft. doesnt wrinkle easy. but it does run big! im usually a s in retailer but i was drowning in it. so, size down!',32,'2007-06-30 01:34:00','2007-08-04 23:00:00'),(256,16,5,'I purchased this top in a regular small and surprisingly, it fits me very well (im 52\", 34b, 26 waist, 36 hips). the hem falls about two inches longer than shown on the model. i like the v-neck the most because the ruffles are not too much, and its not too low cut. i purchased the white color because i think the pattern is unique and its brighter for spring/summer. i think skinny jeans and ankle boots or wedges would make the look very stylish. by the way, the fabric is super soft (but not w',23,'2012-01-10 15:31:00','2004-10-28 10:12:00'),(257,39,4,'This skirt is really beautiful but i agree with the other reviewers; it runs very small. im typically an 8 or 10. if i get a 10, there is usually a bit of room in the item. i decided to get a 10 in this skirt, just in case. i got it zipped but would have trouble breathing as the evening wore on. the pockets are wonderful and the fabric is weighty and really lovely.',17,'2012-11-05 04:05:00','2011-10-29 14:40:00'),(258,32,3,'Fits well through the shoulders and arms, but there is zero waist, and it just looks like a bunch of extra fabric hanging from the top. super cute, but have to return because of that.',25,'2018-10-20 15:36:00','2007-07-25 06:20:00'),(259,27,5,'From the picture i wasnt sure how it would fit. got in the mail and i love it. fits snug when you first put it on and get looser as you wear it. definitely should of gotten a large.',19,'2015-07-01 07:52:00','2009-05-13 12:36:00'),(260,9,5,'I was hesitant to purchase this coat because of the price, and when i received it i have to admit i was a little disappointed with the quality of the coat. the sleeves are made out of a soft felted material but i can see this pilling easily. other than that, the silhouette of the coat is perfect...not too boxy! its also not too heavy so that you can wear it through fall and into the first months of winter. i love it!',7,'2016-10-14 02:21:00','2013-05-23 05:11:00'),(261,15,5,'This top is very cute. got it in the lighter color. the fit is great and it will go with many things. if size medium were not out of stock in the blue color i would have purchased that one also.',3,'2006-07-13 00:00:00','2005-11-19 11:10:00'),(262,59,3,'I really wanted to love this t and was excited to receive it in the mail. i thought i was being realistic in assuming that is would be somewhat sheer given that there doesnt seem to be a womans white t on the planet that isnt these days, however it was really sheer. the fit was also short and boxy (this coming from a 53 woman who is short-waisted) on the plus size the material is extremely soft and the design is cute. maybe if you are younger and dont mind the sheerness its worth the gambl',13,'2005-08-20 21:44:00','2016-06-09 23:17:00'),(263,60,5,'This is a perfect jacket over any shirt, tee, or dress. jacket is well made and goes with anything!',10,'2003-08-13 08:10:00','2003-11-29 11:01:00'),(264,32,5,'I ordered this dress in both colors. the peach color is so beautiful in person. im planning to wear this dress for our rehearsal dinner at the end of the summer, if i can hold off until then! definitely worth the price.',24,'2010-05-18 09:57:00','2003-11-29 08:19:00'),(265,46,4,'None',11,'2011-12-01 11:23:00','2022-03-01 00:49:00'),(266,29,5,'This dress is incredible. i saw a sales girl wearing it in my local retailer and loved it! i bought it in the navy color, its gorgeous in person, very bright, vibrant colors. i am 59 34 c bra 27 inch waist and the s was quite big on my waist. i kept it anyway because the xs has been sold out, and got it taken in a bit. i wore it while vacationing in mexico and it definitely turned heads, if youre thinking about buying this dress, do it, you wont regret it!',11,'2007-03-28 03:49:00','2000-08-01 09:06:00'),(267,7,4,'Love the look and quality of this jacket. i&amp;#39;d say it fits true to size but it is way too short for me (i&amp;#39;m just under 6&amp;#39; tall). wish these came in tall sizes!',31,'2019-12-30 23:22:00','2015-07-29 14:06:00'),(268,52,4,'I really love the front of this shirt. however, the back of the shirt is more of a jersey material so it doesnt seem to match the front of the shirt. i still wear it and it looks cute, but it threw me off a bit at first.',8,'2003-02-12 11:18:00','2012-02-28 03:15:00'),(269,11,5,'Absolutely love this dress! fits true to size and makes anyone look fabulous',20,'2020-07-30 20:59:00','2011-05-31 11:45:00'),(270,21,3,'I liked the color of this top but i didnt really like the ruffled stitching around the middle. it looks like someone just tacked on the bottom half. i bought this for my daughter and she likes it. i think it is comfortable and a good top to knock around in.',26,'2004-08-14 04:14:00','2002-11-21 13:26:00'),(271,29,5,'Per other reviewers, i sized up from a small to a medium and the jacket fits me just right with room for layers. it is short (cropped), but i like where it hits me and is versatile for jeans and dresses.',1,'2017-04-18 15:54:00','2012-10-15 04:22:00'),(272,52,5,'I have alst years version,a dn they are essentially the smae, minus some leather parts removed... this jacket is great, the back si a little shorter, so it goes so well with peplum tops an ddresses with higher waists (without looking bigger from the back when the hem is longer and hits where the skirt aprts bulge out). i love hte darker color, i wish it came is super dark rinse...\n \n i usually buy petites, but i never tired on the eptite in this jacket... i am holding myself back to order this on',4,'2013-07-16 15:38:00','2001-02-14 23:14:00'),(273,35,5,'Bought both colors in xs and soooooo glad i did. this dress is absolutely gorgeous in either color... will have (do to the nice quality) and wear (very stylish) for a loooooong time.\n \n \n \n a must have for the summer!!!!!!',29,'2008-02-02 01:24:00','2015-04-14 16:08:00'),(274,50,5,'Comfy sweatshirt with fun polka dot details. soft and not baggy. a little on the shorter side so i think i will layer a lace cami underneath and it will look even prettier. im 57\", 140 pounds with an athletic, hourglass shape, 32dd. i bought the \"2\" which equates to a medium since i wanted it a little looser being a sweatshirt (im normally an retailer small but i dont think that would have worked in this case as it would have been too fitted). great comfy weekend piece!',27,'2010-02-23 01:22:00','2003-11-23 07:01:00'),(275,5,5,'I could wear this every day, it is stylish and comfortable',20,'2019-08-10 23:44:00','2019-11-27 20:58:00'),(276,42,5,'Pretty top. love the color and the large ruffle. makes it great for layering or with a pretty necklace.',29,'2005-04-06 20:39:00','2006-01-30 12:49:00'),(277,23,5,'Love this top!\n it is a full/ swing top, but the slightly shorter length balances out the fullness perfectly.\n i have been wearing it with a contrasting fitted cami and get tons of compliments.\n love both colors, and having fun wearing them.\n and after one washing the fullness is softer and looks like the pic.\n runs true to size and in the arms slightly tight, so i went with my usual med and fits perfect.\n if you have issues with sleeve size would recommend going up a size, otherwise very true to size',6,'2015-05-08 16:51:00','2015-08-21 01:18:00'),(278,2,3,'The styling of this top is really cute. it fits perfectly on the shoulders and gets bigger at the hem for the baby doll look. my biggest complaint is the quality! its really cheap and feels like the quality i would expect to see at a cheap retailer. it catches lint like crazy and because the hem is just a pearl edge, it curls really badly. i buy quite a bit from here and this is the worst quality item i have seen in a long time. not worth the $$ if paying full price.',2,'2018-06-21 09:48:00','2014-09-11 22:20:00'),(279,42,5,'Love, love, love this dress. it is very slimming. it hugs you without really touching you. leaving the tie and a few buttons open gives it more of a casual feel.',2,'2016-05-17 03:45:00','2021-01-12 20:32:00'),(280,35,5,'Im 53 130# with a 32dd bust. i usually wear small in retailer/ cloth and stone/ running horses. the small fit me fine, but with no room for layers underneath. the small was very snug. would be perfect for california evenings. but, i live in the north east! the medium still has a great shape on me, still fitted at the waist (27inches), but enough room to wear a light sweater or flannel under. the medium still also looks great over my maxi dress.',19,'2019-06-29 13:02:00','2005-04-04 04:34:00'),(281,44,5,'This dress is gorgeous!!! i love it! i bought it to wear to a july wedding. i got the navy and it is so fresh and crisp in color. the sizing is on spot! i slipped it on and it was comfortable, easy and stylish. i am 57\" and typically xs. it falls exactly as portrayed in the online photos. it is lined in the skirt and the top is stretch jersey in the best weight! i am in love!',22,'2006-06-05 17:23:00','2007-12-28 20:59:00'),(282,59,5,'This shirt is one of my favorite retailer purchases ever! it is well made and is perfect for work or the weekend. the first time i wore it, i received so many compliments!',15,'2017-09-24 01:37:00','2007-02-07 17:28:00'),(283,43,5,'I want to live in this sweatshirt. its so comfy, but also well-cut and lays nicely, not boxy at all. im typically a 10-12 or l in tops and the 3 is roomy without looking sloppy.',30,'2015-11-14 22:50:00','2008-03-17 18:23:00'),(284,43,4,'I liked this top even though it was a definite swing style. i ended up altering it to remove some of the fullness.\n \n looks great with jeans as well as black pants for a dressier look. very soft and comfortable fabric. wish it was just a little bit longer.',28,'2005-12-02 08:13:00','2004-04-28 10:49:00'),(285,24,5,'After missing out on last years similar dress, i am so glad i finally purchased this one! it is beautiful in person. i bought to wear to a wedding, but i am curious if others think it might be too white? i bought the peach color. i will keep this dress no matter what. hope they come out with more next season!',20,'2017-04-27 09:48:00','2002-07-30 03:03:00'),(286,45,2,'Like the other reviewer said this top is extremely wide and boxy. it must be pinned in the picture online. its very frustrating when they do that. thank goodness i didnt pay for shipping! for reference, im 52 and 135 pounds and bought the xxs, its going back for sure. im trying to lose baby weight, not trying to look pregnant!',10,'2007-10-10 07:22:00','2019-06-22 02:30:00'),(287,11,5,'I read the reviews and because this jacket is pilcro i took a chance. i was thrilled when i rceived this jacket. darker color of denim with weathered edges. i absolutely love it. dont let it get away. great jean jackets are hard to come by.',24,'2010-06-03 16:04:00','2006-01-05 02:16:00'),(288,59,2,'I wanted to love this sweatshirt, but alas, it is going back. upon opening and unfolding, the first thing i noticed: the dots and not solid. they are sort of distressed looking, with parts of them missing. secondly, it doesnt have a lot of structure. its soft and kind of floppy but in a weird way. its just not flattering on me. it looks more like a pajama top than something i would wear out of the house. for reference, i ordered the 3, and im usually a 10/12 in tops.',18,'2006-04-11 07:12:00','2019-07-20 02:14:00'),(289,6,5,'Love this denim jacket (also have it in white) the reason i didnt give it 5 stars all around is the distressing is just a bit too much (none on the back which is kind of strange). id love it even more if it wasnt distressed at all, then it could be dressed up much more for work. but overall its my favorite, great fit and a bit of stretch so very comfy. please make this in some other denim colors!',30,'2021-05-22 13:23:00','2020-05-09 01:11:00'),(290,30,5,'The cut is brilliant-the wash is subtle-the weight of the denim is sturdy but not stuff-and the stretch is just right. love it. the perfect staple. a scarf in the fall and rolled sleeves in the spring.',10,'2021-06-11 23:41:00','2018-04-28 01:43:00'),(291,36,5,'Love it; the bit of stretch in the denim makes it less stiff than traditional denim.',2,'2014-06-16 00:34:00','2014-04-08 10:13:00'),(292,11,5,'I love these. im between a 29 and 30 and as the 30s were sold out i had to go with the 29s. they fit well. as expected. very nice fabric. good design. have to wear a short shirt or one tucked in. fabric has a bit of stretch which is also nice.',30,'2003-02-17 16:48:00','2004-07-10 09:53:00'),(293,15,3,'Ive been looking at this jacket on line and finally went to the store to try it on. i really liked the styling but the denim was quite stiff. id prefer a softer kind of fabric. i wonder if it would soften if it was washed. also, it ran surprisingly small. i usually take an xsmall or small but the small didnt leave me enough room to comfortably bend my arms. the medium worked better. i wonder how others feel about the fabric and and the sizing. i think ill wait and see if this one goes on sal',8,'2018-11-12 03:57:00','2008-04-17 19:05:00'),(294,61,5,'I lost my favorite denim jacket on a trip a few years ago and havent found one i really liked again...until now. great quality - just heavy enough but not too heavy, just stretchy enough but not too stretchy, great color/design. no complaints. i read the other reviews and was happy to have ordered one size larger than my normal. i typically take a small but the medium in this is perfect. it is possible i actually like this jacket better than the one i lost several years ago, which is a big endo',18,'2004-05-02 20:21:00','2003-04-17 08:21:00'),(295,32,5,'Beautiful colors and silhouette (i got the navy). the skirt is lined and flows wonderfully when you walk. ive gotten a ton of compliments on it. im 59\" and the high hem falls a few inches below my knee, and the low hem falls to my ankles.',16,'2018-12-21 16:10:00','2010-09-03 12:28:00'),(296,27,5,'I love these culottes and i think they will be everywhere this coming spring / summer. the high waist is perfect and looks great with shorter shirts or tucked-in. the denim is high quality and a nice medium dark color.',8,'2012-07-18 05:13:00','2017-12-02 07:19:00'),(297,38,5,'Im glad i listened to the other reviewers...i ordered a large instead of my usual medium. its roomy enough for a sweater underneath. i love the denim! its very soft and has some stretch. my other denim jackets are stiff even after years of washing. i also love the darker denim.',21,'2000-12-01 02:49:00','2019-11-23 12:03:00'),(298,56,5,'None',3,'2012-03-04 18:40:00','2002-07-22 17:34:00'),(299,13,5,'Im 54\" 125 lbs ordered small. fits perfect. super soft denim. love the color love the worn in feel',25,'2011-05-12 16:51:00','2015-03-19 20:37:00'),(300,45,4,'This dress is stunning- vibrant colors and flirty feel to it. i got the small and i am a 34b/27 pants, 132 lbs- great fit. i only question two things- am i tall enough to pull off the extra fabric in the back and what the heck do you where for a bra? those two considerations are why i didnt give it 5 stars.',23,'2019-04-22 07:19:00','2008-09-06 16:50:00'),(301,2,5,'I have been searching for the perfect denim jacket and this it! i love the darker color, more modern day less 80s. it runs a little small. i am always either a s or xs at retailer. lately, their clothes seem to be running a little bigger, so i have been an xs in most tops. when i order online, i never know which size to get. i ordered an xs, however it was very tight in the arms and across the shoulders. i wanted to be able to roll the sleeves up, so i returned it for a s and it fits great. i was',10,'2008-06-11 22:42:00','2004-02-28 14:24:00'),(302,33,5,'I have received so many compliments. its my favorite',13,'2000-02-18 00:25:00','2012-10-26 17:08:00'),(303,12,5,'I wore this dress for the first time yesterday... i have never received so many compliments on a dress before! several people even stopped me in the streets of nyc to tell me how beautiful this dress was!\n \n it is an absolute must-have!',10,'2020-07-06 18:01:00','2007-06-04 05:39:00'),(304,3,3,'I love the pattern on this jacket and enjoy the bell shape. a fun jacket to through on and add quick style to a skinny pants.',9,'2004-05-12 17:21:00','2005-02-23 17:17:00'),(305,42,5,'I love this little jean jacket! i am petite and usually get a xxsp , but went for a size up. im glad i did. it fits a little snug. the color is true to the photo and the material is a medium to heavy denim. the arm length in the petite size is perfect for me. i love this - over maxi dresses, tanks, etc... adorable jacket - great buy!!',15,'2000-04-26 02:11:00','2006-04-13 00:23:00'),(306,16,5,'This dress first caught my eye online. due to the price i resisted. then i saw in store and tried on...i decided to hold off for a sale, but my will was getting thin. once i saw it start to sell out online, i had to take the plunge. i knew this dress was a must have. it is super flattering and comfy! the best of both worlds. im small-chested so both the s and m fit, but the seam on the s fit a bit higher, which was more flattering on me, so s is what i got. it can be dressed up or slightly down',1,'2006-11-16 09:53:00','2004-11-23 01:06:00'),(307,26,5,'I love this blouse! i just bought it recently and have yet to wear it out other than trying it on. this blouse looked very nice on me which can be challenging. i dont live near an retailer so i have to order online exclusively. i have larger hips (135lbs, 56) and finding flattering tops can be tough. sometimes they look amazing online and then once i try them on, they just dont look right. some shirts have a tendency to accentuate my hips too much making me look shorter. this top looked great a',13,'2006-07-01 18:30:00','2009-09-06 17:57:00'),(308,5,4,'First i ordered a m. im normally a 8-10. the m was too small so i returned and ordered a lg. the lg fits great but there is a huge area of distressing on the shoulder that will turn into a hole. i love this jacket but cannot keep it in its condition. hopefully i will make it to the store soon (there are none w/in an hour of me) and look before i buy.',12,'2005-02-08 18:36:00','2022-05-15 20:25:00'),(309,7,5,'I purchased the navy color of this dress. not only did it look good, but felt good as well. since it is for a wedding, i also purchased a white crochet cropped \"sweater\" to wear over as well, making the perfect dress for the mother of the groom. could not have been happier.',6,'2006-01-25 14:30:00','2020-02-21 19:10:00'),(310,14,5,'This top looks pretty much like it does not the model. the sleeves are a nice length and are not too tight. the fabric is light weight, but not see-through. it does not wrinkle a lot. ive gotten several compliments on it and it goes with lots of different bottoms and will work under jackets too. the v-neck is pretty deep, but doesnt show so much cleavage that you couldnt wear it to work.',4,'2005-09-10 15:34:00','2002-08-12 19:48:00'),(311,42,3,'Looks beautiful online but has too much material and the zipper catches on the lace. also runs very large, i am normally a small but would need and xs in this dress',24,'2016-10-25 15:41:00','2001-02-27 12:01:00'),(312,54,3,'True to size on the neckline and arms but extremely large and puffy in the torso. very unflattering cut!',28,'2002-06-14 16:23:00','2007-04-18 23:41:00'),(313,18,4,'I purchased the floral patterned version and get complimented every time i wear it. i found it to be pretty true to size, even after washing. its a little sheer, so youd definitely want to wear a camisole underneath for work. its a great top for spring/summer!',16,'2007-09-07 23:16:00','2010-05-17 16:18:00'),(314,40,3,'I thought this top was adorable in the store and online. it just didnt work for me. although it fit, it flares out too much in the front and just wasnt flattering on me. i am 5 5\" and 128 lbs. and ordered the small.',30,'2000-05-08 03:57:00','2008-08-13 14:33:00'),(315,46,5,'Love this top! made with 100% cotton, a vintage look, and flattering details this top is a winner for me. i think it fits true to size (got my regular size 0) and i did not need the petite and i am fairly short (53\"). it is somewhat see through, but with wearing a nude bra and not wearing it to work, i think it can be worn without a cami. the perfect lightweight, comfortable, standout piece for the summer time :)',6,'2011-02-16 21:02:00','2000-08-26 05:55:00'),(316,43,5,'I really like this blouse a lot. very very easy to wear!! i wore with pencil skirt to work and with skort as shown similar on model with sandals on weekend. very flattering and great blue color!!! very happy with this purchase. highly recommend. i am 56\" short torso and my usual 6 worked.',8,'2018-03-01 03:53:00','2002-09-17 19:02:00'),(317,5,5,'I just purchased this beautiful printed blouse in the pink color and love it! i almost always wear a size small at retailer (34d-27-35) and the fit and length are both perfect on me. if you are smaller chested you can easily go down a size. i absolutely had to have this whe i first saw it at the store and noticed how popular it was as i had to order it due to it selling out like hot cakes there. what i like about it is the texture and the ruffles at the front plus the length of the sleeves stop ri',6,'2003-08-12 19:57:00','2016-05-12 21:35:00'),(318,7,5,'Bought this on a whim and it exceeded my expectations. i didnt know what to expect with the quality of the fabric but this is incredibly soft and warm. havent worn it outside yet but i can see this already as one of my favorite items. im usually an extra-small but the xxs also fits. its a great buy especially since its on sale now.',22,'2008-09-24 19:13:00','2018-11-11 18:17:00'),(319,27,5,'This is an awesome vest - so soft, cozy, and i cannot wait to wear it through fall and winter. for sake of not repeating all the positive aspects that the previous reviewers did, ill mention the one flaw...no pockets :( still totally worth full price in my mind though.',24,'2018-12-31 15:15:00','2004-10-11 01:01:00'),(320,2,5,'I find that maeve shirts tend to run a little small. im usually an 8 but needed this in a 10. this shirt is reallly just perfect. great sleeve length. just the right amount of v neck. beautiful pattern with a vintage feel. i love the combo of stripes, polka dots and sweet flowers.',5,'2006-06-01 06:00:00','2014-08-30 03:51:00'),(321,36,5,'This blouse is so pretty. i love the long tie. the pattern is very unique. it is a thin, light weight fabric so you can easily wear it underneath a leather jacket.',26,'2001-03-31 10:17:00','2012-08-27 07:33:00'),(322,15,5,'This is a beautiful blouse...sheer and feminine. i am small busted and slender so i need a size smaller than usual. it is a full top...cant tell exactly how full in the photos but with a small chest there is just too much under the arms. so if your chest is more ample you could prob order your regular size. this is supposed to be a full, shorter fit...i would say the style is going to look better on someone who is a little taller with a medium sized bust rather than someone who is shorter and b',14,'2011-05-06 01:48:00','2015-10-19 18:18:00'),(323,60,5,'None',28,'2015-07-01 08:19:00','2019-01-30 07:36:00'),(324,29,5,'The photo of these is truly misleading - they are a beautiful vibrant print - see the close-up photo. they are much longer on a regular person - they come a few inches above my ankle and i am 55\"there is a neat slit off to the side on the front of each (like a pleat) that really allows a nice flow. these look great with boots, flats and do sit lower on the waste as i think they run slightly large. not lined, but drape beautifully. there are pockets (sewn closed upon purchase) and pack pockets.',26,'2006-01-17 03:59:00','2020-03-24 21:14:00'),(325,44,2,'Like another reviewer mentioned, this shirt is way too short. im only 52\" (xs) and there is no way this top would tuck in like on the model. also, the quality isnt great as its very thin and there are strings hanging from some of the seams in the front. its a shame b/c the print is really pretty and there is this cute little bicycle charm on the tag which makes it feel more unique. sadly, its going back!',1,'2013-02-07 05:10:00','2021-04-27 10:36:00'),(326,19,5,'I didnt think anything of this top online (i really dont care for how they styled it) but in store it was more interesting. im currently anywhere between a 2-4-6 / xs-s-m, depending on the style, 53\" 120lb 34b. size 2 regular in this top fit me perfectly. for some reason, on me, the sleeves were elongating and flattering (closer to my elbow) and the overall length hit me perfectly at the hip like on the model, the fabric is lightweight and therefore slightly sheer but, due to the color and p',11,'2020-10-18 08:32:00','2003-06-26 23:48:00'),(327,44,4,'Nice fabric and cute design. a little low cut.',11,'2012-06-25 22:05:00','2014-12-22 08:58:00'),(328,57,5,'I absolutely love this sweater!! its soft, easy to wash, and looks great!',12,'2008-04-20 10:11:00','2019-05-29 06:08:00'),(329,52,5,'The blue motif is a gorgeous indigo with an interesting pattern. a short tunic that drapes nicely and is flattering. very happy with this purchase. i plan to buy a 2nd for my mom to keep her cool and stylish.',26,'2001-12-05 15:06:00','2017-11-10 13:14:00'),(330,55,3,'I had high hopes for this top. really boxy, short',13,'2016-05-04 18:48:00','2005-07-16 04:32:00'),(331,32,4,'This dress has potential, but it didnt work for me. it runs true to size to a little big, i ordered medium, my usual size for maeve). as for length it fit me as the model (59\"). the reason im not keeping it is that i wish it had some darts in the back to help define the waist a bit,',31,'2002-06-14 17:38:00','2000-03-20 14:03:00'),(332,25,5,'I love this tee! the material is thick but not too thick. its highly flattering- i love that the sleeves are a longer short sleeve to cover up the bingo wings. the shimmer on the front adds something special.',3,'2003-05-12 04:38:00','2016-04-28 10:18:00'),(333,27,5,'I got this top in the black and i love it. the bottom is a silky material thats really beautiful, and the cutout details are really pretty. so many of retailers sweaters are enormous, but this one fits tts. \n \n \n \n my one complaint is that the bottom white part wrinkles really easily.',2,'2021-05-24 14:22:00','2013-03-16 14:37:00'),(334,12,1,'This top was way too short (im only 51) and way too wide. the cut of this top was so wide, it looked like a tent on me. i really wanted to love this top because the material and style (sleeves, ruffle) are beautiful, unfortunately there is something wrong with the cut. ive have several blouses made by one fine day, which fit nicely, for some reason this top did not. i ordered in my usual s size, even going to an xs would not work because the cut is wrong.',14,'2020-02-07 19:47:00','2014-12-14 14:30:00'),(335,46,5,'My daughter and i both purchased this vest at an retailer store. this vest is so flattering on and is so much cuter in person than in the online picture. it is chic and stylish and will definitely be a staple for fall and winter.',31,'2016-09-24 20:41:00','2010-01-01 11:00:00'),(336,31,5,'This is a great piece to help ease on in to the chillier days of fall and winter. its versatile- i can see myself wearing it with plain short or long sleeved tees or even tops with more elaborate padderns or button downs! theres so many options i cannot wait to put this gorgeous piece to use! just as an fyi, the sleeve openings are slightly unfinished and have a frayed effect to them. this may not even be noticeable if youre not looking right up close. for me, this adds to the unique quality',33,'2017-07-11 14:34:00','2006-07-19 00:07:00'),(337,53,5,'I just got this dress in the mail today and it is even better in person! the description didnt give as much information as i wanted so im going to be very detailed in this review. i did take off one star for quality because some of the beads are already loose (two fell off when i picked the dress up for the first time), and ill have to hand sew others on more tightly. my usual size is a pxs or p0, and there were no petite sizes available. however the size 0 fits perfectly, no alterations need',11,'2008-07-01 09:23:00','2016-01-12 06:33:00'),(338,12,5,'When i received this blouse, ai noticed that there were gold dots all over the blouse and they were very sticky. some of the fabric would stick to these dots. i thought it was because the weather was sticky and humid. however, after hanging on my closet door, the dots are still sticky. i do love the design and fabric so i will try not to let the sticky dots bother me.',33,'2006-03-12 10:36:00','2020-12-17 15:20:00'),(339,47,5,'Wasnt sure about this top based on reviews, but glad i purchased! pretty print, looks great with denim. very loose, flowy top. hangs a little short, but thats the style of this blouse. fit true to size. i usually wear a 2/4 and xs/sm with 30dd. size small worked for me.',10,'2012-12-22 01:45:00','2008-02-16 16:27:00'),(340,62,4,'Ordered the shirt online. beautiful print and good quality material. runs very large - size down 1 may be 2 sizes as the material on the body is very wide. i will be exchanging it in the store.',28,'2001-02-18 16:32:00','2012-05-27 06:52:00'),(341,18,5,'This too is so beautiful in person. there is gold dots all over the blouse that are not overwhelming. i love this top with business attire and denim. fits tts.',16,'2016-11-18 01:30:00','2011-07-16 21:04:00'),(342,50,5,'None',10,'2015-02-23 18:27:00','2002-10-25 23:35:00'),(343,47,5,'I tried this in the store and i like it - nice and soft, good basic design that will pair with many pieces. but i decided to wait because of the price. im sure i would get a lot of use out of this top, but ultimately it didnt thrill me enough to make it my top priority purchase. i bought a sweater that was on sale instead. still, a very nice top. i may buy it eventually, especially if it goes on sale.',18,'2021-09-26 11:08:00','2003-09-16 06:10:00'),(344,45,3,'Gorgeous in every way except its length and how it hangs at the bottom. i prefer a shirt i can wear tucked in or out. this one will work well tucked in but not out so i am returning disappointed it was so well done in other particulars.',9,'2008-12-07 23:12:00','2010-06-17 05:58:00'),(345,14,5,'None',14,'2002-01-01 04:26:00','2006-10-21 01:33:00'),(346,44,5,'I bought this in a petite size s after trying on the regular size in the store. it was a good move because the proportions in length and width are more flattering. the pattern is busy but works well with patterns in the same color group. it has no finished seams on any edge but that makes it drape nicely. it is a soft, soft fabric, almost fleece-like but not plush.',1,'2016-03-29 00:30:00','2021-06-08 05:53:00'),(347,2,5,'I love how soft the sweater materials is and that the built in layer piece falls so nicely. i purchased a small in black and have already worn it with jeans and heels for a dinner and with cropped work pants for the office. the bottom piece does wrinkle a lot but you can easily smooth it out. really quality materials and on sale this is quite a steal!',18,'2020-03-10 11:28:00','2015-12-23 02:43:00'),(348,21,5,'I am 5.6\", 138 pounds. i purchased this in a size small. it is flowy and not too short. it has a comfortable, but still feminine and beautiful fit. one of my favorite new blouses...the red print is gorgeous',23,'2008-05-25 06:49:00','2021-12-15 03:53:00'),(349,52,3,'This top light and airy, which is perfect for spring. im usually into these types of blouses; however, this didnt quite fit right on me. its a little too boxy and too low cut in the front for some reason. i loved the design and really wanted to like it... i just didnt love it enough to purchase it.',28,'2004-04-10 19:19:00','2019-11-27 03:21:00'),(350,10,2,'This blouse is so beautiful - the collar, sleeves, material...everything except the cut! it was like a tent. it needed to be more tapered, which would be easy to do while still maintaining the beautiful breezy flow, and be about two inches longer.\n \n \n \n i had been drooling over this top for awhile and was so disappointed! please fix it and then i will buy again. i am 54\", 140lbs and busty...a small was perfect, with the exception of the massive amount of material.',11,'2011-01-30 05:40:00','2005-03-13 18:55:00'),(351,19,4,'Very pretty blouse. i love the print, and color of the pink floral. tts, i ordered the xs, because of the roomy cut of the blouse. im 58\", 117 lbs. it fit great. the cut is a little wider then pictured, but still cute. not to short as mentioned by another review, and i have a longer torso, i wasnt crazy about the victorian collar, so tucked it under, and it looks great!',32,'2012-01-06 15:35:00','2015-08-30 06:18:00'),(352,19,5,'I normally wear a large or extra-large; the medium is still very billowy on me. this blouse is ethereal and lovely, though - pretty and funky at the same time. its sheer but somehow not revealing. perfect for when you want to look composed and cool on the hottest day of the summer.',6,'2022-01-25 07:31:00','2009-12-31 13:22:00'),(353,53,2,'Not a coat by any means, merely a thin wool boucle like sweater with a cheap thin synthetic lining ---and i also would never want the lining to be seen by anyone if i were to set the sweater on a chair or be helped in putting the thing on. the length and bulk is hard to layer under anything else and isnt pretty enough for a spring coat..sizing is also 2 sizes larger than anticipated.',10,'2017-01-20 09:51:00','2005-03-14 16:55:00'),(354,30,5,'I saw this in-store, tried it on, and was sold. it is not just super soft but very flattering on. i am petite, 105 lbs and bought the xs in black- the sleeves are short enough that no petite size was needed. i will wear this a lot with both skirts and jeans.',12,'2003-02-17 15:36:00','2021-02-26 05:04:00'),(355,58,5,'Love this. its heavy/warm, stylish and a great throw on any outfit. oversized style.',3,'2007-08-17 03:59:00','2013-03-20 22:07:00'),(356,27,1,'The fabric was nothing special (i usually like a cotton/silk blend woven fabric, but this was stiff feeling) and the pattern was cute. but what made me return it was the fact that 1) the rose gold glitter dots are puffy paint. literally. puffy. paint. and 2) the dots were not quite dry on my top when it arrived. parts of the paint came off on my fingers and the top was stuck to itself because of it. i could barely unfold it.\n \n im sure this could have been cute, but who wants a top that looks lik',26,'2020-04-08 09:21:00','2015-11-29 01:28:00'),(357,29,5,'Tts. im wearing a small. the black goes with so many of my charlie print pants. washed nicely. layers flat to dry. had to iron the shell underneath. great for casual office.',29,'2011-02-18 04:43:00','2003-01-29 11:17:00'),(358,54,3,'This top is good quality and cute. it runs large- im usually a medium and needed a small. the reason i will be returning it is because it flares out at the bottom on the black which is very unflattering on. it makes me look wide in the waist or like im wearing a maternity top. unfortunate because i really liked everything else about it.',32,'2021-05-25 11:40:00','2017-02-21 19:44:00'),(359,27,3,'Im a pretty solid 10/12 in this brand. i went with the 12 since some thought the top to run small...and i agree. while i can wear it and think it will actually stretch out with wear, its tight in the shoulders and chest. for the record, those are 2 areas i never have problems with. im a 36b and it was flattening my chest. it was also quite short on me. i have a short torso and it was barely hitting below my belly button. the shirt felt more like a size 8 than 12.',4,'2008-09-22 20:33:00','2019-10-19 03:05:00'),(360,3,4,'I gave this four stars only because the lining has some polyester (poly/rayon blend) in it and i dont like polyester; still, i couldnt pass it up due to the chic look and the oh so warm feel of the coat. its like wrapping yourself in a warm blanket and the wine color looks amazing! its a little on the pricey side. since i consider it more of a sweater than a coat, i would have liked the price better if it was $100 less. it was one of those items that was hard to take off once i put it on. i',15,'2018-02-12 08:49:00','2008-03-17 13:01:00'),(361,50,5,'I like this sleeveless sweater - it adds warmth and visual interest without adding a lot of bulk. paired with black/white patterns its pretty versatile (as seen in the pics) - a great staple for a more casual office environment. being a taller girl i love the length on it, and find its flattering for my curvy figure.',13,'2000-08-25 19:52:00','2001-11-24 17:52:00'),(362,23,3,'This blouse is super cute but oddly sized. i bought a size up and still i squeezed into the top around the bust. the front slit is too low and shows a bit too much cleavage, so this had to go back. i really tried because the fabric is wonderful and the shirt is light and breezy for summer, i just couldnt make it work\n \n .',21,'2016-02-03 09:27:00','2022-01-27 23:33:00'),(363,10,5,'I love the sweatshirt \n \n  clay color is very different its a nice light fabric with nice detailed edges \n \n  although it is an oversized piece it hangs and fits well although i am petite\n \n  great light sweatshirt for spring and summer',31,'2002-04-01 14:50:00','2018-09-13 06:43:00'),(364,35,5,'Love the patterns and the length. i basically would agree with all the reviewers including the person who noted no pockets. \n \n its really a special piece and on sale, very worth it!',25,'2000-04-05 17:19:00','2006-12-25 22:42:00'),(365,46,4,'Very comfy and light. can be casual with jeans and boots or dress it up with a nice necklace and pencil skirt.',14,'2003-05-02 23:13:00','2020-09-26 02:00:00'),(366,53,5,'I got the navy stripe version of this shirt and it has a very cute nautical vibe to it. i am either an xs or s in antho, and went with the xs for this shirt as i think the s would be too boxy. normally i would have overlooked this shirt as its rather unimpressive on the hanger, but it was on sale so i tried it on. very cute when tried on! it fits well across the shoulders but isnt too clingy in the body, which i like. the fabric is very comfortable and the shoulder detail gives it a little mor',8,'2011-06-22 15:36:00','2016-07-05 22:39:00'),(367,61,5,'Not sure why this shirt is getting bad reviews. i am tall and have a long torso, so perhaps that is the issue for some who find it not so flattering? maybe if your taller it hangs better? i have to say... i love everything about it. it is a fantastic print, it is very flowy but i dont think its too much in that regard. i think it is fitting with the romantic, girly style of the garment. in my opinion not too short, just right. i took a medium, i am 58\" and athletic.',15,'2021-04-01 06:11:00','2017-03-27 14:36:00'),(368,17,2,'I love maeve and was so excited for this top which looked like an update from a last season favorite. unfortunately the fabric was stiff, it was tight in the chest and went straight down from there. returned.',12,'2008-12-30 10:40:00','2004-07-17 13:03:00'),(369,1,5,'All the rave reviews are true! this vest is plush and funky and i love wearing it. im having fun figuring out different outfits to wear with this. this is a great three season layering piece and im thrilled i was able to get it on sale. my only regret was the lack of a petite selection.',3,'2007-01-31 00:17:00','2022-05-30 17:05:00'),(370,16,5,'I love this top. i got it on sale and am so glad that i did. it is a short too but still super flattering. it isnt too boxy on me.',9,'2007-06-14 16:34:00','2007-08-06 10:50:00'),(371,41,5,'I tried this on the other day at the local store in a size xs/s. although its wool i didnt notice that is was itchy & usually wool bothers me. i am of small build but i did like the long & oversized look. i admit i am drawn to the print anyways. i noticed the right armhole was larger than the left so i tried on another xs/s - it was the same. probably the armholes will be smaller in the petite sizes. i decided to make other purchases but will order the petite xs/s in a few wks since the invent',16,'2005-09-21 09:36:00','2006-10-04 06:20:00'),(372,7,5,'This has great drape, length, the pattern is super versatile with solids or prints. i am finding the wool to be itchy around the neck, so not sure if i will keep, though i dont seem to want to take it off! has a lightweight, boiled wool texture, contrasting print and design so cool!',6,'2013-01-22 18:53:00','2010-11-05 04:52:00'),(373,56,5,'I was skeptical about this duster and had to see it in person, and it was love at first sight. the black and white makes it versatile, and the pattern makes it interesting and fashion forward. more importantly, the pattern is cleverly designed which doesnt compete with your wardrobe should you wear a bright color or a similar pattern (as shown on model). i purchased the regular xs/s and it fit me fine (im 52\", 34b, 26 waist, and 36 hips) and the hem falls about two inches below my knees. the',27,'2012-05-24 23:32:00','2003-07-21 20:30:00'),(374,6,5,'Surprisingly flattering on, especially with pants/jeans. extremely figure flattering because it enhances the figure and hides flaws: the pleating enhances the bust, the v-cut provides a touch of a peekaboo (not enough to show cleavage but its there in a super flattering way), the hem flares out a bit to hide the tummy and enhance the bust even more; the short sleeves are versatile so it can be worn in the office, under a jacket, or just plain for going out. the material is not too thick but not',23,'2022-02-28 08:51:00','2020-10-22 10:51:00'),(375,33,4,'The top runs small, it is a very sexy and slimming top. i tried in l, it was too small so i have ordered it in xl. i hope it fits because it is very fitted and i am worried that the bottom will roll to the top with a fabric like this. but it is a very sexy, good looking, and slimming top. i love it!!',12,'2019-01-30 12:22:00','2018-02-14 17:39:00'),(376,16,3,'I was looking for a basic tee, but this one was just ok...the quality is okay, but it us not as soft as i would have liked. unfortunately, i will be returning this item.',16,'2002-05-13 14:19:00','2016-04-02 04:53:00'),(377,36,5,'An excellent going out to dinner, to a lounge, etc. piece. super flattering, sexy, feminine and trendy! can be dressed up or down with some nice accessories. im only 5 feet and very wary of jumpsuits, but this was excellent!',29,'2000-12-26 18:12:00','2003-04-02 12:13:00'),(378,11,5,'I wouldve looked right over this online but i saw it in store and had to try on. the navy and the white were both cute but i tried the navy. im usually a m but went with the s b/c it looked better fitted. this shirt has a very vintage feel to it and is slinky and comfy. i cant wait to wear. would look great with white jeans!',20,'2017-01-15 12:41:00','2003-08-26 18:55:00'),(379,23,5,'This elegant white lace dress attracted compliments everywhere i wore it. it is classic with just the right amount of quirkiness . i like everything about it!',19,'2006-06-17 16:00:00','2005-03-16 07:50:00'),(380,37,4,'Ive been looking for the perfect work-appropriate lace dress (for a casual/creative work environment) for a while, and this was just the ticket! the pointed collar and demure shape add some structure to the feminine lace. i rolled the sleeves to a short-sleeve length just to tone done the cutesy factor a tiny bit more (although the sleeves, worn long, are absolutely gorgeous!). the lace isnt exactly the highest quality lace that retailer has ever used, but pretty nonetheless. im 55 /125 and th',10,'2021-02-09 09:31:00','2006-10-29 10:56:00'),(381,15,3,'Disappointed in the quality of the dress. love the style and especially the colors. the fabric of the body of the dress is very very thin and just poorly made. the top bodice is more substantial. not worth the price tag of $148.00. dress does run short.',9,'2016-06-05 03:50:00','2012-10-18 14:58:00'),(382,17,4,'Comfy cozy and a bit on the big size, even for an oversized piece. order a size down, even if you want a boxier look. unsure how the fabric will hold up-but if it does it will be a great get.',14,'2011-10-16 07:27:00','2016-07-07 04:30:00'),(383,56,3,'This dress is not what i expected. the bottom half is wool-like material-looks like someone has worn it. the top snags easily so you must be careful when wearing jewelry. when i received the dress i noticed there were two small holes under the arms. i wouldnt of paid full price but for the amount, i sewed up the holes and packed it away for winter.',29,'2009-08-24 09:02:00','2017-08-12 03:48:00'),(384,5,5,'I ordered the sweater in a medium but it was too large - so reordered it in the small and it fits perfectly. love the length- it hits mid hip. it is more of an a-line than straight as show in the picture. the detail is fun and the sweater is well made. highly recommend it- i have received lots of compliments on this sweater.',7,'2020-11-05 13:15:00','2009-02-26 17:25:00'),(385,10,4,'I love this top, its design is very pretty and like nothing that i have. i think this top runs true to size, im usually an xs/s in tops and i went with the s for this one and it fits great. i will say that the top layer of material will snag very easily, so while wearing it you have to be very careful!!',30,'2014-06-13 18:52:00','2022-07-17 14:19:00'),(386,14,2,'This skirt is very short. i ordered my usual xs petite and it was so short that the longest part ended above my ankle. thats quite off because im only 5 feet tall, and i wore it pretty low on the hips. it also flares out awkwardly below the knee. there are 2 vertical seems and they exacerbate the jagged appearance of the hem. i was drawn to the edgy style shown in the photo but in person it looks like my 5 year old cut up a skirt. plus, the fabric--while thick and beautiful and stretchy--has a',17,'2020-11-21 20:11:00','2007-01-23 17:11:00'),(387,21,5,'This sweater is of nice quality and has such great detail to it - love the pattern to the knit and the ribbon detail is unique and beautiful. the knit itself is of mid to thicker weight, so definitely appropriate for winter, fall, and cooler spring days. i bought my normal size small and felt like it had more of a slub fit than pictured in the model shot - it was wider down the torso and a little shorter (not tunic length like picture). im 57\" with a longer torso and this hit maybe mid-bum and',21,'2000-08-07 21:29:00','2014-06-01 20:59:00'),(388,12,4,'I really like the appearance of this item, and it looks pleasing with many different styles of leggings. it does run a little large. i am a \"true to size\" small, and this hangs on me a little, but i love the design of the back. it is so soft and comfortable!',15,'2001-01-11 17:48:00','2012-07-08 05:47:00'),(389,18,1,'I dont normally review my purchases, but i was so amazed at how poorly this dress was made, i couldnt help myself but to post a review. the neck line isnt even hemmed down so it flaps up. the material is thin and feel cheap. this dress isnt even worth $20 in my opinion. i was expecting a well made, good quality dress for the high price tag.',22,'2020-11-28 13:44:00','2010-03-20 14:15:00'),(390,27,4,'Ordered this dress online, and i love it! i was looking for an understated but fun new years dress and this was exactly what i was looking for. the only minor qualm i had about the dress was that the velvet dots that hit where the seams met made the dress look puffier than it should some parts around the waist, but for the most part, the dress fit very well and was very flattering, may just need a little bit of ironing. i am 59 and usually am more conscious of how things fit around my hips, and',2,'2001-01-27 00:32:00','2007-09-23 18:10:00'),(391,42,5,'I saw this online but it never struck me as something i would wear. however, after seeing it in the store it really caught my eye with its detailing, so i tried it on. what a great decision because it is so much more beautiful in person, and very soft and warm. its a perfect winter sweater to start the new year. i am 5-7\", 138 lbs. and the medium fit perfectly, though its a little shorter on me than shown in the photos.',30,'2005-12-08 07:51:00','2010-02-27 04:21:00'),(392,11,3,'If your hips are bigger than a size 6 us you cant fully close this robe. the model must be wearing the larger of the two sizes to have such a nice oversized fit. the fabric is soft and lux and amazing, but the weird dart in the back and the closure is right over my sadly size 8 hips and butt. if i was taller and thinner i would have kept this and worn it every day.',32,'2000-11-19 13:49:00','2007-03-15 10:31:00'),(393,45,4,'Like the reviewers before me, this dress runs small in the rib cage. i normally take a 12 and am a 32b. the max size that this dress comes in is a 12 so i could only order a 12. it just fit but that is because i am a smaller 12 on the top. there is no wiggle room in the dress. \n \n \n \n that being said, it is a really cute style and shape - rather like a 50s style dress if you will with a sexy back. i am curvy on the bottom and this dress hides the flaws there for sure. however, because it is a fulle',10,'2022-03-26 17:14:00','2001-09-15 11:01:00'),(394,39,3,'I should have exchanged it for a smaller size, but i wanted to wear it, so my mistake. i tend to wear size 12-14, and the large is entirely too big. it also had piling right out of the bag. but it is just so soft that i tore the tag off and wore it anyway. if you get this, size down for sure.',10,'2000-07-02 02:09:00','2011-08-15 00:54:00'),(395,51,3,'Im surprised other reviewers loved this one so much. its completely different then how it looks on the model. its much shorter, which others do mention, but it flares a lot. enough to feel maternity-ish on me. it looks fitted on the model. maybe its my shape, i have a short torso and carry weight in my hips. i ordered an xs too. i will say the material\n \n is very nice and its well made, but its going back.',9,'2017-01-14 02:07:00','2006-11-28 08:21:00'),(396,18,3,'This sweater is fine for the casual days. i bought this in cream and i have to say after one wash it looks old. im a huge retailer lover and buy a lot of clothes from them. this is just not the best quality and looks tired after a few wears. very soft, but poor material. not my favorite purchase.',12,'2011-06-02 02:28:00','2013-06-04 11:25:00'),(397,57,5,'Great fit! no bagging and sagging and they fit true to size. very cute! for reference, i&#39;m 5&#39;2, 115 lbs and take a 26p. they look just like they do on the model. i highly recommend!',14,'2020-08-20 11:45:00','2003-06-13 15:35:00'),(398,29,4,'Just tried layered sadie top and it felt so nice on. good hand feel for both materials but note that the knit on top is a little too delicate for machine wash but can be hand washed. this item is definitely \"vanity-sized\". im 51, 113lbs and the xs looked nothing like how it does on the model. it was flowy as depicted but it came down much lower on me and looked a little maternity-esque. highly recommend because its gorgeous and well made but i would definitely come in and try it out for you',30,'2004-04-02 17:00:00','2011-09-07 02:06:00'),(399,25,5,'The length is perfect. the cut of the hemline makes it off the charts cute. i love it w ghillie type flats or booties. pair w a big warm sweater, or a sleek turtleneck, and watch heads turn as you enter the room! i promise! love this skirt.',4,'2006-03-03 11:03:00','2007-04-14 05:42:00'),(400,62,5,'None',16,'2002-06-18 23:32:00','2012-11-01 10:24:00'),(401,25,5,'This dress is beautifully constructed. it is very fitted and does run on the small side. it will be a perfect derby dress. the lace is lovely and the pearl buttons are great touch. age appropriate for anyone..a very \n \n pretty dress. simple, classic and gorgeous!',33,'2006-05-11 23:09:00','2001-11-28 00:43:00'),(402,3,3,'I really wanted this dress to work out, but i was slightly disappointed in the fabric for the sleeves. the fit was accurate. im 57 and ordered a 6, however, my husband said it looked too little girl like. i did end up returning it :(',19,'2006-12-12 21:11:00','2005-12-21 20:59:00'),(403,45,2,'I got this top to wear with shorts as the color goes with a lot of different prints. the quality is excellent. this top runs very large, as in three (3) sizes too large. for the record i am a 34.25.35 and ordered my regular size the xs and this top makes me like im pregnant with twins. also, the layering looks nothing like it does on the model, it looks sloppy, unkept and a general. i think this would still be great for ladies who are bigger in the chest and waist, otherwise it just doesnt wor',10,'2001-02-03 14:06:00','2021-04-17 23:04:00'),(404,47,5,'The color is a very soft peach, and the knit top over the gauze is a very light, summer-weight knit. i can see this being worn casual, or dressed up with a statement necklace and nice skirt / pants.',23,'2005-04-16 14:55:00','2014-08-22 16:13:00'),(405,49,5,'I bought the dress that has the cream skirt with large flowers. i wore it for a wedding and was not only very comfortable with the pockets and the cotton top, i looked good. i got a lot of compliments on the outfit. people thought it was a shirt and blouse rather than a dress. i loved the high low skirt. the sizing was accurate and the dress is easy to clean.',15,'2020-01-24 19:42:00','2010-09-19 19:01:00'),(406,61,3,'I got this dress in hopes of having a really nice winter formal dress. it was not well made at all! the lining didnt line up with the top layer and the waist puffed out in uneven places. i am curvy so a puffy waistline in the last thing i need! the fabric itself is very nice, but just not well made. i do not recommend this dress.',25,'2000-08-02 20:23:00','2004-05-11 14:45:00'),(407,41,5,'Soft, comfortable, stylish. i eagerly awaited the arrival of this beautiful sweater and was not disappointed. the sizing was accurate for a perfect fit and i love the feminine detailing and shape of the necklne. the ribbons add an extra touch of style to a sweater that is both casual and elegant at the same time. very versatile.',8,'2004-07-12 17:49:00','2020-12-10 12:50:00'),(408,22,4,'This is my first pair of mcguire jeans, and i like the fabric and fit. thank goodness for petite sizing! these 32p fit just right on my hips, with no gap between the waistband and my body. fits through thigh and hips and pretty slim all the way down. nice stretch. of course, the proof will be after wearing a few times and washing. i will update my review if i do not like them so much after that,',30,'2016-04-23 15:36:00','2003-08-28 19:24:00'),(409,14,5,'Adorable sweater with a loose knit that helps slim down my man-back appearance. cut is tapered to the body but with a soft flare at the bottom hem. not clingy, very soft fabric doesnt accentuate bulges so i am happy about its forgiving silhouette.',27,'2016-01-17 20:40:00','2007-03-03 06:33:00'),(410,24,5,'I walked into retailer with low hopes of finding a dress for a friends spring wedding, as a lot of this seasons dresses are more casual, but was drawn to this pretty number for multiple reasons: it can certainly be dressed up or down depending upon accessories, the fabric feels incredible, it has pockets, and its really fun yet classy as heck. typically i wear a 10/m in dresses, but they only had a 12 in store, so i took it and made it work by tightening the sash a bit extra and wearing a bra w',10,'2017-12-08 05:11:00','2004-02-27 13:54:00'),(411,55,5,'I was able to snatch this dress up just before it sold out (and i see its now back in stock!). the quality of the fabrics is outstanding, not flimsy at all. the top is stretchy. normally i would wear a 2 at retailer, but the only choice i had was 0 and it fit. i am 55\" tall, 125 lbs. everything about this dress makes me smile and i cant wait to wear it to my holiday party! dont hesitate if you are on the fence.',3,'2018-08-17 08:09:00','2019-08-27 14:12:00'),(412,7,5,'I saw this dress online and immediately went to the store to try on! it took three sales asscoaites to help me zip the dress but once it was on it was beautiful! the bodice fits really nicely. true to size. there was extra fabric around the waist bust nothing that made the fit look weird. love love love!!! wearing for christmas eve!',8,'2015-04-26 19:02:00','2013-12-03 07:35:00'),(413,61,5,'I got he green color with gray accent stitching, looks awesome with gray tone leggings. super soft, definitely runs a little big (56\" 140 lbs i ordered the small) but not in an unflattering way.',21,'2009-05-31 20:16:00','2015-03-15 18:19:00'),(414,48,5,'Love this tunic, its super comfy & cute. i have in cream and love so much i ordered in mint. looks great with jeans and boots',19,'2002-09-11 13:46:00','2020-01-21 00:24:00'),(415,21,4,'I thought this dress was worth reviewing since my opinion differs from many others.\n i agree that the fabric is quite thin compared to what you may be used to with byron lars dresses, but the flattering fit and quality (has a nice built in slip) i found to be what you may expect from the brand. if you go in thinking its more of a spring/summer dress, you will not be disappointed.\n however, i find the sizing to be slightly off. i usually wear a 2p (im 52\"), or a 0 regular.\n i ordered several size',26,'2006-11-03 15:31:00','2018-07-08 05:05:00'),(416,48,5,'I really love this lace-up shirt, but i only liked it in black on me. i like it open like the model is wearing it, but i had to have it a little more closed because the lace part does go down a ways-and i felt like i was revealing a little too much. i would likely wear it open, but then have to pair it with a cami underneath to feel comfortable. i absolutely love the whole outfit as-pictured, and also reviewed the polka dot pants. i wish the laces were a little longer than they are-if you have i',8,'2015-11-26 11:46:00','2017-02-03 21:00:00'),(417,62,2,'I love byron lars dresses, and this design is on-point. the ruffle at the neckline is so pretty, and the dress fits like a dream. however -- the fabric!!! i would have loved it if this dress had a heavier feel. this is, sadly, going back today.',7,'2014-02-08 14:14:00','2017-08-22 16:26:00'),(418,11,5,'Love this blouse, it;s super comfy, looks awesome with jeans. this blouse runs true to size i purchased in my normal size small.',9,'2021-06-30 11:22:00','2008-07-08 13:17:00'),(419,31,3,'I fell in love with this dress when i saw it online and due to the \"slim fit,\" i ordered a size up -- a 2 petite up from my normal 0 petite. when i received it, i was surprised about two things: 1) the material was kind of puffy (not bad, just weird), and 2) it was too big on top - rare for a petite size - even though it fit everywhere else. i wanted to love it, but had to return. would be gorgeous for someone else!',12,'2010-10-29 04:11:00','2011-11-19 01:45:00'),(420,17,5,'I was hesitant based on the reviews, but im glad i ordered this dress (in blue). the material is like a french dot texture that is soft but still a bit structured. i had no issues with the fit. its appropriately just a little oversized. the styling is very mod!',12,'2005-11-20 10:50:00','2012-02-26 11:36:00'),(421,30,4,'Great feature...perfect lacing...do not need to worry that it is too low since there is material behind the bottom of the lacing. like 3/4 length sleeve. gives top the right proportion.',26,'2014-05-03 08:32:00','2018-11-16 01:08:00'),(422,48,5,'I purchased this jacket in green, x-small a while back and wasn?t 100% sure about it due to the size. i?m 5?3?, 117 lbs and a 33a and thought it was a little snug so i tried on the small and that was way too big so i kept the xs. i have worn it a few times and it does look great however i can only wear thin tops with it. recently i purchased the black, x-small and this i love. it?s looser then the green so i can get away with thicker tops. \n \n i do recommend both jackets. they are pricey for what',21,'2001-02-09 03:40:00','2010-02-13 10:11:00'),(423,42,3,'I love this dress, i mean it si really pretty in person, however, the breast area is just too small... i cant wear a bra with it, and my \"older\" breasts just droop, not flattering. they are barely covered... i am a bit disappointed at that, but if you are smaller up there, i say give it a try... i am 115 lbs, 26.5 ion waist, 30dd and xs petite was great everywhere but chest.\n \n \n \n colors and fabric are great, i love that the different colors are different types of fabric... too bad.',12,'2014-07-26 03:09:00','2010-06-28 23:42:00'),(424,32,4,'I love the lace up design and bought the red xsp, fabric is a bit thin and mediocre quality, but over all happy with purchase. wish this top came in navy and white as well. even a navy/white stripe would be a fun option too. thanks you for offering this top in a petite size. :)',6,'2004-10-26 23:17:00','2018-10-25 17:14:00'),(425,22,5,'None',10,'2009-01-07 00:44:00','2019-01-03 23:25:00'),(426,21,4,'I got this shirt in the mail today and was really excited to try it on. other reviewers said that it ran large so i ordered a size down and it fit perfect. i looked in the mirror and noticed the ruffles were misaligned and obviously so. i want to exchange it in the store but seeing that the size is not longer available online, im not really sure ill find another one in my size.',4,'2015-06-08 23:29:00','2008-07-18 22:09:00'),(427,34,5,'I love this jacket over a dress! its snug fitting so cant wear anything bulky under it, but super stylish and comfy stretchy material. its a bit pricey but i get a lot of wear out of it so worth it to me.',13,'2007-11-30 03:09:00','2013-04-25 00:50:00'),(428,49,5,'Im 51 and 110 lbs. i ordered this in a xsp and i could barely zip it up. and when i did i couldnt breathe. i tried again and ordered a sp and its perfect! now i just need somewhere to wear it.',9,'2002-03-25 15:08:00','2010-07-06 15:15:00'),(429,19,5,'Beautiful shirt, hits me a little higher. im not sure im going to keep it just because i have something similar but its a beautiful top. im 56\" and carrying a little extra baby weight right now so im an 8-10 instead of my usual 6-8. i ordered an 8 and it fit well.',32,'2000-11-13 22:28:00','2020-06-25 10:09:00'),(430,17,5,'I love this blouse because its great for work with cardigan over it, and great for going out with skirt, pants or jeans. it is tts and very flattering, light weight, and comfortable.',20,'2015-07-15 21:03:00','2010-08-20 12:55:00'),(431,2,5,'I happened upon this in my local store despite the fact that it is an online exclusive. i love finding returns so i can see them in person. i loved the soft colors right away. my hesitation was the standup collar but it actually folds down just fine and gives the vest lapels too. it also looks nice belted, left slightly open. i usually wear small or xs in tops and the small fits nicely. it doesnt need to close since there are no built-in fasteners. i will wear it with a long button down shirt o',31,'2003-03-22 03:24:00','2004-10-17 01:50:00'),(432,33,4,'I found this to fit tts. i sometimes wear petite, but found the petite sizing to be a little off. i have a pretty short torso, but found the petite to be too short. i opted for the regular sizing and got a 6; it fits great. this top is great for work (styled with a cardigan or blazer) or for play. i can see it dressing up or down very easily.',23,'2006-04-13 11:21:00','2010-09-12 22:21:00'),(433,37,4,'I ordered the mustard yellow in 10 and found the shirt to fit true to size. it works great with a skirt and with jeans but i did need to wear it with high rise jeans otherwise it came right to the top of my normal jeans and i didnt want to risk showing any skin at work. \n \n \n \n the color is amazing and looks good with just about any color bottom so there is a lot of room to have fun with the top. \n \n \n \n being larger on top the ruffles did not bother me at all, but rather act like an accessory - i find',22,'2003-06-20 22:05:00','2000-07-10 04:28:00'),(434,51,4,'I just tried this top in red in xs and i think its cute. its fairly fitted in my opinion; the sleeves are pretty snug but theres stretch to them. i was fine with the fabric and the size xs (im ~105 lbs, 34aa) even though sometimes i fit better in xspetite. the only downside is that the washing instructions say to remove the tie before machine washing, and i guess that put me off a little (the idea of re-lacing it every time). so i havent yet bought it. the red is vibrant, tomato red and the',20,'2019-10-11 09:15:00','2002-01-10 05:55:00'),(435,37,4,'The cut of this shirt is lovely and well thought out, the opening for the arm are not too big like some other shirts. i liked the material and the melon/ salmon color which i ordered was more vibrant in person. this does run large so i wished i had ordered one size down.',30,'2021-03-15 02:17:00','2016-08-27 08:34:00'),(436,22,4,'56\" 113lbs purchased size small in rich navy. so soft and comfy and i like that the cuffs help the pants not ride (even during sleep). i like that the fit is slim but not constricting on legs as all my yoga pants. tested this at my local vinyasa class and it held up without making me too hot (and i sweat a lot).\n \n my biggest complaint is that the fabric pills right out of the packaging. actually their tag says the fabric does this and over time will continue to do this more and more because of i',22,'2013-08-02 20:43:00','2009-04-14 18:15:00'),(437,15,5,'Great looking jacket with attitude. the color is more like a faded black or deep charcoal grey. im usually a large petite but this is snug in the chest. luckily its a knit so i can make it work by zipping it partway and leaving the top half open.',22,'2006-05-31 05:54:00','2019-04-21 23:35:00'),(438,61,5,'These jeans are so cute! they are perfect for petites too! i am fit, look way younger than my age and get so many compliments when i wear these jeans. im. im 52\", 115 libs and they definitely fit tight in a good way. just like the photo pretty much. they are not small like the white mother ankle fray jeans for sale on the site now. those definitely run smaller so these are true to size with a tight fit.',11,'2002-12-29 03:47:00','2017-05-19 23:27:00'),(439,10,5,'I live in los angeles and this is the perfect beginning of fall jacket! ive worn it with dresses and with jeans. definitely has enough extra room to slip a hoodie or small seater on underneath when it gets colder. its soft and stylish. the only downside is that the pockets arent really deep enough to put anything in.',20,'2010-11-07 10:21:00','2020-02-24 01:55:00'),(440,6,4,'I loved this dress as soon as i tried it on, but... it bunched up weird in the front around my hips. i ordered a second size 4, hoping that it would fit better. but same thing. if i tried to go to a size 6 it would be too big every where else. fyi - im 58\" 129lbs and im a runner. its not like i have a huge backside or anything. my guess is sizing is off. ive tried another of his dresses and it fit perfectly.',23,'2015-01-19 05:37:00','2004-08-07 21:27:00'),(441,29,4,'I really like this top. its super cute - perfect for a football game or fairly casual event. the material is ribbed and is thick enough that you cant see through. i purchased this top in red and initially in petite but ended up returning it for the regular size. i love this top!',9,'2013-01-24 04:11:00','2012-03-27 23:11:00'),(442,60,5,'Nice tee, true red,3/4 sleeves, lacing is a nice touch. good quality and great sale price.',16,'2018-12-26 05:43:00','2011-10-19 03:07:00'),(443,38,4,'Feminine and lovely flutters indeed. i am on the fence. i ordered in a petite - had to size down - and something about bust and arm holes not completely right. given the light and airiness of this tank it does not seem right to have to wear a camisole underneath which is what it would need for work wear.',3,'2007-10-21 23:42:00','2022-08-01 20:56:00'),(444,26,4,'Very nice casual, inexpensive shirt and the laced neckline is great....not too revealing and easily worn tied \n \n without looking prudish. and of course, open as well',28,'2005-06-23 23:53:00','2015-10-13 22:48:00'),(445,18,5,'When i ordered this little jacket i knew i would like it, upon arrival i fell in love. it is a little edgy with leather detailing and with stretch in all the right places, the crop is super flattering. appeared online to be a bit more of a sweatshirt material but it has so much structure and holds its shape!',26,'2008-10-04 13:14:00','2017-01-30 16:20:00'),(446,44,3,'Im usually an xs for most retailer dresses and shirts. i ordered up per other reviews and got a small. the small fits comfortably around my waist. the chest area is not made for large chests. my 34ds were barely contained. sad to say, i wont be keeping the dress. the layers, fabric, and colors are truly pretty but the design/fit is disappointing.',26,'2003-06-29 00:30:00','2014-01-01 23:40:00'),(447,4,3,'I really like how this looks on the model, but in real life this top is much tighter. i was hoping for a good layering top and have been playing around with the trend of lace up tops. i bought it without trying on figuring a small would work, but it was much too tight and the lace top reminded me of vans shoes. i returned it, a girl much tinier than myself has it and it is very cute on her. so, best works on a model body type figure than someone with even slight hips.',10,'2019-07-20 03:16:00','2010-02-12 16:12:00'),(448,53,5,'I got this shirt in red and black. both colors vibrant and material of shirt is nice cotton blend. will get lots of use from both shirts.',29,'2013-12-28 13:01:00','2006-06-30 19:08:00'),(449,6,5,'This is the most flattering shirt--love the fit and color!',19,'2015-03-27 11:42:00','2014-04-10 14:43:00'),(450,20,2,'Three strikes and retailer is out for me! i am so disappointed. i really liked this dress and was looking for a fun, distinctive new shift dress. got it, tried it on, took it off, went back to look at the listing online...nowhere does it mention that it has a drop-seam in the shoulders. i guess you can see it if you zoom in closely on the image, but its not mentioned in the text. who on gods green earth actually looks good with a drop-shoulder?! it hits every woman under 510\" right in the middl',25,'2003-06-20 12:02:00','2009-06-19 21:41:00'),(451,19,4,'This vest is very warm and soft. it is actually a fleece that almost appears as wool. the plaid is beautiful-a pretty soft pink with the black and charcoal colors. i ordered a size large and the fit is okay. an xl would have been too big under the arms and in the bust area however, i would have liked it a little looser in the bottom half. i kept the large as there is no closure to the vest. it just hangs open.',8,'2004-03-20 06:49:00','2003-05-03 16:03:00'),(452,24,5,'I love this shirt so much that ive now bought it in 2 colors -- the olive green and the red. probably would have bought it in black too if i didnt already have enough black shirts. its both a plain and simple tee, but with the fun lace-up detail at the neckline that keeps it from being boring.\n \n it runs true to size but is very fitted. however, due to the thickness of the material, i didnt feel like any unflattering bumps or lumps were being highlighted, despite how close the shirt fit to my',18,'2017-02-16 09:34:00','2019-04-14 05:06:00'),(453,11,5,'Dont try this on, if you dont plan to buy it. it feels amazing!!! i bought the black and it is a lovely charcoal color and matches so much.',9,'2020-02-14 23:48:00','2000-07-21 10:53:00'),(454,59,5,'I like the lace-up trend, but most designs are too revealing. this shirt is super sexy, but not immodest. i bought it in black and am now buying another color. to me, the fabric feels soft and thick, very nice.',23,'2000-12-14 03:50:00','2012-09-22 05:00:00'),(455,33,5,'None',9,'2017-04-11 06:52:00','2017-09-24 14:53:00'),(456,33,4,'I have these pants in navy and theyre amazing! i cuff the hem in half and they look like joggers. theyre ridiculously comfortable and tts but are not very thick so im pretty sure ivory would be see through; especially if you wear them during practice.',10,'2021-06-15 08:49:00','2003-01-03 11:58:00'),(457,46,4,'I got this top in navy and i love it. its loose and flowy and comfortable, yet dressy enough to wear for work (or dress down with jeans). im 54\", 125lbs and the 6 was a bit large on me. i couldve sized down a little but i actually liked the loose fit, and the length was long enough to tuck in if i wanted to. definitely recommend.',12,'2009-08-10 04:28:00','2013-09-11 20:47:00'),(458,33,4,'I purchased the navy in this top and i really like the design and the style for the price (i believe the navy is on sale). my issue is that i do have to wear either a camisole or a little bralette or bandeau or something under it because it is too low cut in the front on me and the arm holes are ridiculously large. i might have been better off sizing down, but i bought it online, so i just decided to live with it. pretty top, though i do think it runs large.',3,'2005-07-18 09:26:00','2020-02-12 00:17:00'),(459,16,5,'Great shirt. the neckline is super flattering. the fabric has some weight to it. right now i am in a \"fat stage\"...and it still looked good. it will look even better without the midriff bulge! i bought the shirt in black. im thinking of ordering it in red...its that good.',3,'2010-03-24 05:33:00','2008-03-17 11:15:00'),(460,4,5,'This is a great shirt that goes with everything. its super sexy and i have to say....the girls look great in it! i bought the black first and went back for the green. the quality of the shirt is great...not cheap and no smell, at least not in my experience, like was mentioned by another reviewer. i cant say enough about how cute this shirt is!',5,'2014-01-20 23:35:00','2001-01-06 06:43:00'),(461,61,5,'I purchased this blouse because i love a 70s vibe in my tops. it is a beautiful, colorful top, but the colors werent flattering on me. having said that, the cut is nice, the fabric is lightweight and flows nicely, and the fit was fine on me. i am a curvy 55\" with a 36 c cup. go for it if this is a style you like. one other note, i wish it had been a bit longer, but i am older and prefer a little more coverage. its just a personal preference. i think the picture is an accurate depiction.',29,'2012-03-08 19:31:00','2002-09-24 16:06:00'),(462,22,3,'Its hard enough for women to find clothing that will make them look as beautiful as they feel but add a bigger bust size (im a 36dd) and it makes it this much harder. i ordered this top because of how beautiful it looked on the model and the price. when it arrived i was so excited! retailer does such a beautiful job with the way they handle their items! it was wrapped beautiful and no damage. i ordered a size 8 knowing that my chest could be a potential problem. the too itself is gorgeous! i did',29,'2003-09-08 16:12:00','2018-03-11 01:58:00'),(463,22,4,'Ordered this in white. it is really nice and sexy but very body hugging and unforgiving. perhaps it is my large stomach, but it hugs a bit too much for my liking. yet i think overall the design is very nice so i am keeping it and hoping i can lose some weight in my tum.',32,'2005-05-14 07:21:00','2022-05-24 23:24:00'),(464,29,5,'This is one of those you have to try it on to appreciate the lovely unique design. it is a very unique, flowing, romantic piece. it is sheer and i would wear a nude camisole underneath. i am normally a size small and bought a size 2 (i tried on a 6 in the store just to see what it looked like, fell in love with the look and the retailer associate recommended i buy a size 2). love it!',8,'2011-09-20 11:07:00','2009-02-03 16:12:00'),(465,24,5,'I got to try this on today and i really like it. the fabric is a normal t-shirt kind of fabric (i was hoping it would have been kind of special) and the v-neck in the front does go down a ways so that some cleavage is showing. i would feel comfortable wearing it as-is outside of work, but would have to pair it with a cami if i would going to wear it to work. normally, i am not a huge fan of v-neck in the back and it drives me crazy thanks camis these days are often made with a \"versatile\" v and',5,'2002-07-29 19:58:00','2015-04-25 13:05:00'),(466,39,5,'A breath of fresh air. spring flowers! easy to wear. very feminine and flattering. looks great with denim, orange, reds , etc. very happy with this purchase.',9,'2016-12-13 10:04:00','2005-11-14 16:48:00'),(467,8,5,'Nice fit and flare style, not clingy at all. i got the grey color, petite large, fits perfect. will wear with tights/boots or booties. lots of color options to accessorize with.',12,'2008-03-03 18:15:00','2004-06-25 23:54:00'),(468,17,5,'This top is soo pretty with a cool edge.\n \n it looks and feels like really good quality.',28,'2018-08-28 02:57:00','2013-10-20 13:16:00'),(469,14,5,'This dress is flattering in all the right places. it has a gorgeous skirt with a comfortable, form-fitting top. it provides just the right amount of coverage. i love it so much i bought it in two colors!',16,'2008-02-01 00:46:00','2001-03-24 06:49:00'),(470,40,3,'When i first opened this dress and tried it on i thought it was adorable. it is very flattering on my hourglass figure and hides my recent baby weight. the problem is the hem. it was already rolling up when i took it out of the package, and i should have noticed and returned it, but i figured the problem would be easily solved by a good ironing. well, it wasnt, and it gets worse every time i wash the dress. its like the hem isnt constructed properly.',29,'2011-03-21 08:57:00','2022-05-16 01:19:00'),(471,10,4,'I simply love this jacket. its comfortable, soft and has a relaxed fit that is easy to wear. i wish i had bought mine while it was on sale.',23,'2010-04-23 22:34:00','2008-06-28 00:55:00'),(472,38,5,'I love this top! its easily both day and night-worthy with a splash of sexiness in a front peek-a-boo design. lovely embossed design all over.',11,'2019-02-02 13:18:00','2015-07-21 21:02:00'),(473,15,5,'This bra is extremely comfortable and surprisingly supportive considering the lack of padding or firm material. it also runs large.',3,'2009-02-07 10:27:00','2022-03-16 03:32:00'),(474,23,5,'I love this sweater dress and get compliments every time i wear it.. i bought the navy in size xs. the pattern and colors are just fun and youthful, although you dont have to be young to look good in this dress. the dress is fitted, but the skirt flares, making it flattering if you have hips like me. the material is not too heavy so you can wear this 3 seasons fall, winter, spring. as other reviews have mentioned the dress is short. i am 59\" so it does hit well above my knees. this isnt an is',3,'2015-07-21 03:03:00','2006-11-02 22:29:00'),(475,26,2,'I bought this in the white, size m (140lbs., 58\", 34b) because i wanted a baggy fit, which i got, so this is tts. the white is more of an off-white rather than a bright white, which i like because i happen to be looking for an off-white tee. and the shape is good--even in a larger size, this tee nips in at the waist.however, the quality of this tee is lacking, as it is the typical, cheap, marled, slightly see-through material that seems to be everywhere these days and the band on the back of th',23,'2004-02-21 10:22:00','2020-07-04 07:33:00'),(476,8,5,'Extremely flattering. an easy dress to wear - good choice for both day and evening',12,'2001-08-26 10:33:00','2022-04-12 03:23:00'),(477,49,5,'I took a chance and tried on this jacket today at the store. at first i was worried that it might look boxy on me but as soon as i put it on, it was love at first sight! its so cute and very comfy! the sleeves are slightly long on me but thats been a recurrent issue regarding all my jackets. im only 53\" about 124 lbs. and it fit me very well. because its a bit cropped, it makes me look taller. glad the weather is starting to warm up so i can find more excuses to wear it. i didnt need anoth',31,'2015-05-22 00:47:00','2015-04-08 07:13:00'),(478,45,4,'Bought this in an xs and i liked the style of the skirt. it was long enough to wear to work. \n \n however the waist was too large and would not stay up on my waist. returned.',17,'2009-06-02 11:57:00','2008-09-25 08:43:00'),(479,18,4,'I ordered this top in the solid navy. the quality seemed very good, and my overall impression was favorable. what i liked was that the top stayed off the shoulders even when i was moving. so many of the on-trend \"cold shoulder\" tops simply do not stay put with even the slightest movement. unfortunately, this top ran quite a bit large. if you are in between sizes - i definitely recommend sizing down. ive not seen the printed floral option, but the dark navy is lovely and looks chic with white bo',1,'2022-05-28 19:09:00','2022-08-28 19:46:00'),(480,24,3,'Nice fabric, very versatile but the knit top and style accentuates your bust. probably not an issue for most but if your a d or up its more attention than you may want.',4,'2019-12-18 02:19:00','2014-08-04 10:44:00'),(481,9,5,'I tried on the usual xs in the patterned style, and it fit really nicely. the colors are very nice in person, vibrant. teh cut is flatering and gives a nice definition at the waist i also love the lace up neck detailing. the sleeves flutter out, and will give a bit more volume, if i would change something that would be it. i would make the sleeves more fitter or perhaps shirter with the flutter. i am 115 lbs for reference...',19,'2019-09-24 03:28:00','2021-05-11 16:12:00'),(482,22,5,'I had it on my wish list for a long time, not sure whether i should purchase, i even hesitated when it went on sale, but boy, am i glad i did order it... it is crazy comfortable, flattering, and love that it looks black but is blue... i ordered both xs and xs p and decided to go with the petite as it will look super cute in the fall with boots. not too short (i am 5 foot 1.5)... the fake leather part concerned me at first, but i like it now... nothing bad ot say about it!',4,'2019-07-14 21:44:00','2001-04-30 20:33:00'),(483,9,4,'I tried this on in store and since my usual size 6 wasnt available i tried on a 4. it was a little snug in the upper sleeves and shoulders but was lovely otherwise. i passed on it and waited for it to go on sale to order it online. i got it in my usual size 6 but it seemed to me like it was 2 sizes bigger than the 4. i have decided to keep it but i just wasnt thrilled with the fit.',9,'2016-11-04 23:14:00','2012-12-08 04:38:00'),(484,18,4,'I agree that this blouse is boxy, but because its not too long in length it evens it out. any longer or shorter would make it look too boxy. its great for work to dinner during the week & goes great with jeans too.',7,'2014-03-28 04:36:00','2006-10-17 06:07:00'),(485,35,4,'Soft cotton in very stylish yet simple style. regrettably, i listened to reviews that said it ran tts and ended up w a baggy long one that wont work even if i shrink it. that will teach me-- always order multiple sizes!',1,'2021-01-31 20:23:00','2008-05-31 09:44:00'),(486,61,5,'I ordered this dress in size xl in the grey/red/yellow combination. i love everything about this dress. its comfortable. the colors are cheerful. the proportions of where the stripes are placed works. but, i have to return this dress. its too short for what im comfortable wearing. i saw from the photos that this comes mid-thigh on the taller models. i hoped that would mean it would be more knee-length for me. unfortunately, its just too short and id feel self-conscious. i dont want to deal',24,'2018-08-09 23:18:00','2008-01-20 04:02:00'),(487,30,5,'I had to order this blouse since it is named after the town i live in. it does not disappoint. the flowers are so pretty and it has great style. there is a little piece in the neckline so it is not too revealing. the sleeves are loose and cover the bra strap underneath. the back has a little bit of elastic so it does not look like a maternity shirt and it gives you some shape. i cant wait for it to warm up and to wear this!',25,'2012-03-03 18:33:00','2006-06-25 19:13:00'),(488,48,5,'Perfect trans top. skinnies or boyfriend and booties. love the mixed prints',18,'2007-10-23 01:03:00','2003-01-03 10:20:00'),(489,34,5,'This top reminds me of the special tops i got \"once upon a time\"...when retailer adopted a more curatorial approach to their store. this is a beautifully-made top...quite dramatic but comfortable. ive received many compliments each time ive worn it. it has wonderful drapery and movement.',8,'2015-04-13 20:15:00','2000-10-23 01:05:00'),(490,19,5,'This blouse is so pretty and well made. it will be a new favorite with dark jeans and boots. it is very boho and a lovely blouse to feel dressed up a bit on a jeans day. loose in a flattering way (it does not look like a maternity top). very happy!',26,'2021-01-02 20:36:00','2017-08-21 20:37:00'),(491,62,4,'I love the layered look of this jacket. i got it in navy which matches everything. i think its a little on the large side for me. i ordered a small. im 52\" 130 lbs. super comfortable. the inner layer is very soft. once you wash it, the outside is soft too. ive already worn mine several times. happy.',15,'2017-04-25 10:32:00','2012-05-14 18:34:00'),(492,10,4,'I really wanted to love this dress, but it was so short! im only 56\" so i dont consider myself really tall, but the dress only came a couple of inches lower than my butt! way too short for me. my husband asked if it was a shirt or dress haha. but i think this would look adorable on someone a few inches shorter. or someone younger who can pull of a short shirt :)',20,'2014-05-17 10:39:00','2011-06-07 08:13:00'),(493,49,5,'None',20,'2005-12-07 18:48:00','2019-02-24 12:00:00'),(494,31,5,'I ordered size small and medium because i can go either way depending on brands. and both look great! there is no significant difference except medium fell about 1 inch longer. i am 54\" and size small hem fell about 1\" above knee. size medium felt tab bit more loose but i thought fabric may stretch a bit after wear so im keeping size small. what a beautiful dress! although the body of dress is jersey material, it is lined so there is good coverage. i tend to not like \"faux leather\" since they',12,'2003-07-27 17:38:00','2019-06-27 03:30:00'),(495,34,4,'...theres enough room for a small family to live under the chest and trunk area of the blouse! sorry-had to say that! all kidding aside-since its been thirty plus years ago since we were wearing these, many of us have forgotten what peasant blouses truly fit like. this is no exception- it is very billowy, flouncy, and roomy-more so even than todays peasant styles, i think. it is lovely and quite fitted across the chest -so thats how i ordered my size and it worked. i think if one sizes down',5,'2003-07-16 09:38:00','2012-12-21 13:14:00'),(496,9,5,'This top is so pretty and feminine. the different floral patterns work very well together and add an interesting flare to this unique blouse. the fit is very comfortable yet still very flattering due to the empire waist and flared sleeves. the fit is true to size, i usually wear a size medium or 10 in retailer tops and the size 10 fit quite nicely. this top is a great addition to any spring wardrobe and should transition nicely into summer as well.',31,'2006-01-13 23:57:00','2014-12-30 03:45:00'),(497,47,5,'Very cute, very comfortable. for me aesthetics and comfort must go hand in hand. this dress fits the bill.',4,'2016-10-17 03:23:00','2001-04-19 23:02:00'),(498,47,3,'Cropped and wide- would look cuter on someone who is more petite. was too wide and cropped for me. very sheer.',8,'2003-10-20 20:50:00','2005-04-10 07:16:00'),(499,34,2,'The fun colors drew me to this but it sure fit weird. the top was fine but it became a bit tent-like in the waist. the material doesnt feel great either.',5,'2001-03-07 06:46:00','2021-12-29 05:51:00'),(500,57,3,'I really like the style of this top, and its delicate but well made, but i wish it were longer and less boxy. its nice that it comes with a separate cami to layer, but the cami is very cropped. when i raise my arms you can see a lot of midriff (and the top is see through so a layer underneath is necessary). a longer cami probably wouldnt work because the top is also very short. im 50 with an average torso length, and ordered the xxs petite. also, you would have to cut the tag off if you d',6,'2018-04-30 02:53:00','2019-07-27 17:19:00'),(501,23,4,'This is a pretty top that is conservative enough for the office, with a modest neckline. there is a little hidden snap or button under the bow at the neck so you dont have to keep fussing with the tie the fit is loose in the waist and high at the neck, so the sheer parts are the only thing to give it a little flirtiness. there is a matching camisole underneath that snaps in at the shoulders. overall, i thought it was nice when i tried it at the store, but it didnt have enough extra \"wow\" to ge',29,'2021-01-19 10:45:00','2020-06-21 16:27:00'),(502,5,5,'Very comfortable and versatile. got lots of compliments.',6,'2011-05-07 10:52:00','2019-11-23 06:08:00'),(503,35,2,'Is not a place i want to be, even if the style of a sweater is great. yes, this sweater is very cropped, but i think it&amp;#39;s definitely intended to be worn off the shoulder to drop the waist a bit. it&amp;#39;s the itchiness that makes it an immediate &amp;quot;no&amp;quot;, and that&amp;#39;s coming from someone who has serious fiber itch tolerance.',28,'2018-06-03 20:39:00','2009-07-02 11:30:00'),(504,30,5,'The combination of vintage and bohemian styles seems as if it would be flattering on all figure types. and i love the combination of smaller and larger prints. the only thing i didnt like is that on the blouse i received, placement of the larger print on the bodice is asymmetrical (unlike the photo). it might not bother some customers, but it wasnt what i was expecting, so i ordered a new one. i may keep it even if the second one is off, because other than that small thing, i think the top wou',16,'2013-05-23 05:02:00','2002-11-15 06:44:00'),(505,11,4,'Love the fabric & lace on this top. like other reviews said the arm area is tight where the lace meets the fabric which makes the fit uncomfortable. sadly this top is going back. if you have very skinny upper arms this top will fit fine.',6,'2012-07-30 01:13:00','2000-08-20 18:39:00'),(506,6,3,'This dress is really cute in person. however, it did not fit me like it does the model in the pic at all. first of all im 5 feet 1 and it was wayyy too short on me. i didnt have the petit on either-- i had the regular xs. it just hits a couple of inches too short for me. i am 50. it would be adorable if i were more comfortable in shorter dresses. i wear short things a lot, but this was just too high on me. it was probably a good 8 inches above my knee. also it flared too dramatically at the wa',28,'2004-07-23 19:55:00','2005-04-18 04:22:00'),(507,45,5,'Saw this online and had to try it on when i found it in the store. i usually wear an 8 or a 10 depending on how things run, (im a 34 dd), so i tried on both sizes. i really could not see much of a difference between the two and was torn as to which size to get. the 10 was just a tad looser so i went with that one, but seriously i could not find or feel much of a difference. it is a very figure flattering top, and a plus that you can machine wash it. simply awesome!',1,'2001-10-09 10:58:00','2020-08-05 04:09:00'),(508,22,4,'This knit dress is very comfortable. i liked the various colors used in the stripes. my only issue with it, is that the skirt of the dress flares out oddly and is quite short. in my opinion, this dress, with its sturdy fabric and long sleeves, would appear more proportional with a longer skirt. skirt length, along with horizontal stripes just did not work for me. regrettably, i sent it back.',22,'2019-12-13 16:46:00','2015-01-19 19:41:00'),(509,60,5,'Love love this dress. fits so great. i normally wouldnt have picked this dress. more preppy than my normal style. fits amazing. my hubby has complimented me more on this dress than anything else ive ever owned. the fit & flare style is super flattering i felt it fit tts.',19,'2000-07-06 23:08:00','2014-06-17 06:03:00'),(510,29,5,'This is one of my absolute favorites! the design is perfect, and the fabric is so beautiful. i dont love the coral color, but the mixed pattern is amazing. it runs a little large. i sized down one size and it fit perfectly. its very flowy and comfortable. its these unique, special designs that end of being my favorite retailer purchases. ive gotten so many compliments. very highly recommend!',19,'2016-06-25 11:54:00','2018-10-04 18:24:00'),(511,60,2,'Im assuming the model showing the sweater is at least 59\", it is slightly cropped on her , but it certainly doesnt look super cropped. im 54\" and its super cropped on me. even with high waist jeans.\n \n also, it is incredibly itchy. i even tried it with a cami under but the itchy wool came right through the cami.\n \n too bad, its a cute design, just needs some tweaking.',32,'2012-10-05 11:44:00','2004-08-28 03:38:00'),(512,5,5,'Beautiful colors, especially the pink. i am 53\" and about 124 lb. i got the small petite but am thinking of exchanging it for the regular xs. not only is it short hem-wise, which i dont really mind, but it is short in the waist. very pretty and good fabric.',18,'2018-02-27 15:19:00','2006-10-04 20:40:00'),(513,22,3,'I love the style of this top. i just wish there were a slimmer version of it. unfortunately, this top doesnt suit my long, slim midsection. it is so wide, it completely hides the waist. i think it would look adorable on a different body type.',16,'2006-02-06 07:52:00','2010-03-30 00:35:00'),(514,8,5,'This dress caught my eye because i dont have anything like it. i wear between a m & l and preferred the large in this dress because i have a large bust. i usually wear a 10 in slacks and 12 in tops. i love the lace on this dress because it looks very delicate in the picture but it is very heavy and well sewn onto the fabric. it is durable while still looking elegant. i also like that it is in navy and not black. it is also nicely lined. i plan on wearing a colorful scarf with this dress.',6,'2010-08-24 19:30:00','2008-11-14 12:48:00'),(515,45,5,'A beautiful combination of eyelet with a soft fabric which lays beautifully. this does not make you look bigger then you are and i kept tts so the eyelet did not pull. mine fits perfectly. i personally will wear a cami under it as it is a bit sheer for me. it has an almost peacock print to it in colors of brown and tan. the black buttons down the back adds interest and charm. just adore it!',1,'2006-10-25 01:59:00','2015-09-22 01:24:00'),(516,16,5,'This dress looks great on me. it gives a slender appearance which hides a lot and its easy and comfortable to wear.',7,'2008-03-25 14:34:00','2002-05-13 05:18:00');
/*!40000 ALTER TABLE `product_reviews` ENABLE KEYS */;
UNLOCK TABLES;
/*!40103 SET TIME_ZONE=@OLD_TIME_ZONE */;

/*!40101 SET SQL_MODE=@OLD_SQL_MODE */;
/*!40014 SET FOREIGN_KEY_CHECKS=@OLD_FOREIGN_KEY_CHECKS */;
/*!40014 SET UNIQUE_CHECKS=@OLD_UNIQUE_CHECKS */;
/*!40101 SET CHARACTER_SET_CLIENT=@OLD_CHARACTER_SET_CLIENT */;
/*!40101 SET CHARACTER_SET_RESULTS=@OLD_CHARACTER_SET_RESULTS */;
/*!40101 SET COLLATION_CONNECTION=@OLD_COLLATION_CONNECTION */;
/*!40111 SET SQL_NOTES=@OLD_SQL_NOTES */;

-- Dump completed on 2022-09-14 19:50:15



###Products Reviews table creation and data import end###


###Orders table creation and data import start###


-- MySQL dump 10.13  Distrib 8.0.30, for Win64 (x86_64)
--
-- Host: 127.0.0.1    Database: online_clothing_store
-- ------------------------------------------------------
-- Server version	8.0.30

/*!40101 SET @OLD_CHARACTER_SET_CLIENT=@@CHARACTER_SET_CLIENT */;
/*!40101 SET @OLD_CHARACTER_SET_RESULTS=@@CHARACTER_SET_RESULTS */;
/*!40101 SET @OLD_COLLATION_CONNECTION=@@COLLATION_CONNECTION */;
/*!50503 SET NAMES utf8 */;
/*!40103 SET @OLD_TIME_ZONE=@@TIME_ZONE */;
/*!40103 SET TIME_ZONE='+00:00' */;
/*!40014 SET @OLD_UNIQUE_CHECKS=@@UNIQUE_CHECKS, UNIQUE_CHECKS=0 */;
/*!40014 SET @OLD_FOREIGN_KEY_CHECKS=@@FOREIGN_KEY_CHECKS, FOREIGN_KEY_CHECKS=0 */;
/*!40101 SET @OLD_SQL_MODE=@@SQL_MODE, SQL_MODE='NO_AUTO_VALUE_ON_ZERO' */;
/*!40111 SET @OLD_SQL_NOTES=@@SQL_NOTES, SQL_NOTES=0 */;

--
-- Table structure for table `orders`
--

DROP TABLE IF EXISTS `orders`;
/*!40101 SET @saved_cs_client     = @@character_set_client */;
/*!50503 SET character_set_client = utf8mb4 */;
CREATE TABLE `orders` (
  `order_id` bigint NOT NULL AUTO_INCREMENT,
  `invoice_number` bigint NOT NULL,
  `customer_id` bigint NOT NULL,
  `quantity` int NOT NULL,
  `total` int NOT NULL,
  `payment_method` enum('cash on delivery','online') NOT NULL,
  `ordered_date` datetime NOT NULL,
  `points_awarded` int DEFAULT NULL,
  `createdAt` datetime DEFAULT NULL,
  `updatedAt` datetime DEFAULT NULL,
  `vendor_id` bigint NOT NULL,
  PRIMARY KEY (`order_id`),
  KEY `fk_order_customers` (`customer_id`),
  KEY `orders_vendors` (`vendor_id`),
  CONSTRAINT `fk_order_customers` FOREIGN KEY (`customer_id`) REFERENCES `customers` (`customer_id`),
  CONSTRAINT `orders_vendors` FOREIGN KEY (`vendor_id`) REFERENCES `vendors` (`vendor_id`)
) ENGINE=InnoDB AUTO_INCREMENT=602 DEFAULT CHARSET=utf8mb4 COLLATE=utf8mb4_0900_ai_ci;
/*!40101 SET character_set_client = @saved_cs_client */;

--
-- Dumping data for table `orders`
--

LOCK TABLES `orders` WRITE;
/*!40000 ALTER TABLE `orders` DISABLE KEYS */;
INSERT INTO `orders` VALUES (1,9472,14,8,21336,'online','2010-04-10 09:00:37',103,'2016-01-26 09:58:08','2022-06-08 13:36:29',15),(2,1315,1,12,12684,'online','2017-01-10 13:46:14',175,'2003-06-01 19:26:55','2022-02-04 13:47:36',2),(3,7007,7,2,1754,'cash on delivery','2015-01-09 17:33:21',151,'2013-06-17 20:24:13','2022-08-05 14:14:45',8),(4,8416,8,9,17064,'cash on delivery','2004-08-28 13:01:47',187,'2008-01-01 08:46:17','2022-04-21 01:31:11',9),(5,8193,7,7,13237,'cash on delivery','2016-03-11 03:54:33',185,'2021-01-17 19:58:11','2022-07-16 13:07:16',8),(6,2793,18,19,20938,'cash on delivery','2021-03-27 11:33:41',157,'2013-11-13 00:00:29','2022-02-11 00:37:30',19),(7,4669,4,1,1559,'cash on delivery','2002-04-30 13:28:24',191,'2014-04-07 13:38:19','2022-06-13 07:23:23',5),(8,7088,12,9,11628,'cash on delivery','2015-12-07 16:34:28',175,'2021-12-13 18:26:18','2022-06-16 18:00:49',13),(9,8932,3,20,59120,'online','2003-11-15 10:40:14',111,'2016-02-22 16:43:22','2022-07-12 02:41:47',4),(10,9032,29,5,10755,'cash on delivery','2000-04-22 22:29:22',156,'2021-04-14 18:15:33','2022-06-18 07:23:37',30),(11,3450,29,19,21679,'online','2021-04-29 20:41:18',103,'2009-12-09 22:11:21','2022-05-20 07:36:09',30),(12,5095,7,17,41344,'cash on delivery','2018-07-24 02:45:18',117,'2019-07-29 14:58:40','2022-05-28 09:44:28',8),(13,1929,26,16,28032,'online','2004-05-09 03:00:45',147,'2008-07-05 18:42:21','2022-02-19 11:07:13',27),(14,7938,31,25,48400,'online','2015-06-26 22:54:51',166,'2001-12-29 08:23:46','2022-02-08 06:07:25',32),(15,9817,25,21,36141,'online','2007-04-07 10:54:36',126,'2021-06-16 07:50:04','2022-06-27 21:25:49',26),(16,2478,4,24,29256,'online','2013-02-19 01:12:58',180,'2011-03-06 18:10:27','2022-03-09 01:33:55',5),(17,5656,32,12,10212,'cash on delivery','2016-06-21 08:20:40',158,'2002-09-29 18:39:36','2022-08-14 04:19:56',33),(18,4602,23,14,22876,'online','2013-09-24 11:49:51',190,'2003-04-04 14:05:39','2022-05-02 03:26:45',24),(19,7173,28,7,10010,'online','2019-02-18 06:52:13',198,'2014-02-15 02:16:36','2022-08-25 15:28:51',29),(20,8714,17,20,58860,'cash on delivery','2021-10-01 10:03:52',119,'2020-02-07 16:49:19','2022-03-27 01:33:09',18),(21,3069,31,27,48600,'online','2001-03-15 10:27:57',188,'2016-07-21 19:21:28','2022-05-29 09:47:55',32),(22,8207,27,23,53820,'cash on delivery','2006-08-02 15:35:53',171,'2008-02-29 14:32:10','2022-07-19 10:37:44',28),(23,1020,19,9,8019,'cash on delivery','2019-03-25 16:40:44',121,'2019-11-09 09:07:18','2022-02-28 18:07:21',20),(24,8000,28,5,7130,'online','2006-12-06 17:55:09',119,'2022-01-29 18:14:24','2022-05-19 13:30:56',29),(25,9872,30,15,25635,'cash on delivery','2019-10-13 14:39:30',138,'2003-05-05 05:43:51','2022-03-02 18:40:39',31),(26,9450,24,1,2754,'cash on delivery','2020-04-04 14:12:35',140,'2007-04-11 18:55:53','2022-06-27 20:00:22',25),(27,2131,9,24,61632,'cash on delivery','2012-05-22 08:46:49',128,'2020-04-17 01:09:33','2022-05-18 13:33:32',10),(28,1091,15,29,74385,'cash on delivery','2021-12-26 10:53:40',128,'2002-07-25 18:28:55','2022-03-20 01:03:22',16),(29,3494,14,4,6248,'cash on delivery','2007-09-03 04:17:25',183,'2010-03-29 02:46:44','2022-07-31 00:08:41',15),(30,9025,29,29,71253,'cash on delivery','2014-04-22 06:29:30',116,'2014-04-14 16:03:07','2022-08-10 09:40:01',30),(31,3528,20,14,30128,'cash on delivery','2004-03-11 09:04:53',168,'2017-07-03 08:30:36','2022-02-27 14:30:04',21),(32,9237,26,20,51060,'online','2014-04-11 21:35:26',166,'2021-04-30 14:17:53','2022-06-01 02:31:58',27),(33,8872,14,14,37016,'online','2011-05-15 17:44:10',195,'2020-12-28 08:47:19','2022-07-20 19:18:56',15),(34,4950,16,1,2577,'online','2016-05-21 13:30:57',108,'2005-11-12 00:21:19','2022-03-17 22:02:11',17),(35,2823,27,21,11277,'cash on delivery','2013-03-17 17:16:13',104,'2020-03-28 10:56:08','2022-05-13 00:33:18',28),(36,2662,8,26,56394,'online','2022-08-26 13:51:16',175,'2009-08-18 05:37:10','2022-04-08 18:31:42',9),(37,8128,8,2,2826,'cash on delivery','2004-04-28 17:55:27',187,'2007-12-10 00:35:04','2022-08-06 07:54:04',9),(38,2821,13,9,15039,'cash on delivery','2021-09-11 03:12:02',160,'2014-06-07 09:00:26','2022-07-31 06:42:01',14),(39,8486,31,26,17836,'online','2002-06-02 10:27:35',164,'2012-08-26 13:49:48','2022-07-15 20:23:04',32),(40,6243,24,8,18264,'cash on delivery','2014-05-22 00:02:11',103,'2017-06-16 08:27:07','2022-05-04 09:57:17',25),(41,7367,24,28,19488,'cash on delivery','2014-05-05 01:23:18',195,'2013-02-18 05:12:23','2022-06-12 08:35:25',25),(42,4787,14,18,44442,'cash on delivery','2015-09-25 07:29:25',177,'2008-07-25 20:58:57','2022-04-11 14:48:25',15),(43,9598,21,3,2931,'online','2016-05-19 18:01:22',186,'2008-09-01 06:18:01','2022-04-19 06:34:47',22),(44,7726,29,6,6024,'cash on delivery','2009-07-13 06:42:45',199,'2010-08-09 10:46:30','2022-05-27 13:05:06',30),(45,5556,16,27,80676,'cash on delivery','2021-09-22 22:20:14',162,'2001-06-10 04:43:58','2022-08-19 22:44:01',17),(46,5798,10,26,72436,'cash on delivery','2011-05-20 19:40:28',169,'2021-11-25 05:25:50','2022-04-01 04:46:32',11),(47,3923,13,11,16621,'online','2012-02-05 14:35:20',108,'2015-02-18 22:09:24','2022-02-10 01:45:08',14),(48,2207,21,28,20748,'cash on delivery','2003-04-08 14:46:56',146,'2019-01-31 04:54:04','2022-05-23 11:33:28',22),(49,2918,3,18,22446,'online','2009-10-31 05:07:01',141,'2000-01-22 04:43:46','2022-05-06 07:17:44',4),(50,9755,27,19,48697,'online','2007-10-03 12:33:12',166,'2011-01-30 21:33:36','2022-04-16 18:41:01',28),(51,4718,22,2,5200,'online','2006-11-24 01:11:16',172,'2013-01-30 05:15:44','2022-09-03 10:29:01',23),(52,7273,18,22,39226,'cash on delivery','2003-10-18 02:30:34',172,'2015-06-06 12:09:26','2022-06-07 22:44:02',19),(53,5075,12,28,77784,'cash on delivery','2019-10-08 08:19:11',199,'2013-12-25 16:06:07','2022-04-06 07:44:01',13),(54,9890,23,1,2740,'online','2006-11-08 09:28:44',198,'2001-03-22 05:10:52','2022-07-29 13:34:50',24),(55,7610,6,21,13839,'cash on delivery','2007-04-17 06:38:58',101,'2020-05-26 10:40:14','2022-08-24 00:00:12',7),(56,9568,27,1,1908,'online','2005-07-27 10:42:09',116,'2019-02-12 05:29:16','2022-04-04 19:49:01',28),(57,2074,27,29,25578,'cash on delivery','2014-06-19 20:34:34',165,'2016-05-05 17:20:56','2022-07-07 11:21:08',28),(58,8287,30,25,16025,'online','2021-11-07 15:10:09',118,'2013-05-20 19:00:40','2022-02-10 09:40:24',31),(59,6333,5,15,12090,'online','2007-07-06 13:19:27',187,'2020-06-25 07:52:54','2022-02-26 02:33:19',6),(60,3060,13,14,11564,'cash on delivery','2006-04-24 15:05:40',173,'2010-08-22 04:46:15','2022-04-18 21:43:01',14),(61,1777,28,9,19944,'online','2017-05-01 21:18:07',107,'2021-02-19 08:43:08','2022-02-10 22:30:47',29),(62,9040,8,5,7930,'online','2014-10-04 17:09:48',131,'2000-11-12 03:32:42','2022-03-09 10:25:13',9),(63,7694,25,20,36820,'cash on delivery','2002-11-24 07:55:12',120,'2013-03-04 04:35:53','2022-03-09 05:25:00',26),(64,2500,5,23,62951,'cash on delivery','2009-06-29 20:32:05',158,'2012-03-31 03:27:13','2022-05-18 20:14:02',6),(65,5091,8,4,6564,'cash on delivery','2018-07-23 00:11:58',121,'2009-01-09 13:36:15','2022-08-16 14:37:51',9),(66,4885,13,19,11438,'cash on delivery','2015-06-01 15:20:11',197,'2013-05-02 16:54:40','2022-06-24 10:15:13',14),(67,8860,12,11,9405,'cash on delivery','2022-02-24 13:15:35',115,'2018-07-02 00:48:28','2022-05-19 09:53:47',13),(68,3942,27,8,20192,'online','2012-11-16 05:11:21',164,'2002-06-22 12:02:01','2022-03-29 20:27:17',28),(69,1770,4,24,58296,'cash on delivery','2004-09-29 03:01:21',142,'2010-05-31 12:30:17','2022-02-28 07:41:08',5),(70,4127,2,15,34035,'cash on delivery','2010-06-22 05:30:25',150,'2009-11-25 05:43:12','2022-05-05 00:10:34',3),(71,1710,6,7,14861,'cash on delivery','2016-07-05 03:33:45',114,'2006-08-08 16:02:20','2022-04-09 01:13:19',7),(72,9380,17,27,15012,'online','2001-12-01 16:17:31',156,'2001-02-22 06:51:14','2022-04-07 01:26:15',18),(73,1885,31,11,9504,'online','2019-11-04 02:57:56',126,'2013-11-21 03:39:04','2022-04-06 14:41:44',32),(74,4943,9,17,18734,'cash on delivery','2002-03-21 00:00:45',106,'2000-04-23 19:32:15','2022-06-05 20:47:04',10),(75,6178,11,9,14337,'online','2004-02-24 00:25:44',151,'2001-12-19 15:40:25','2022-07-20 20:01:31',12),(76,1973,31,6,11988,'cash on delivery','2018-05-25 16:44:53',167,'2009-12-12 19:56:38','2022-04-04 18:20:57',32),(77,1105,19,16,45072,'online','2018-08-04 18:57:45',154,'2009-08-30 10:20:23','2022-02-24 19:47:04',20),(78,3467,22,25,52950,'online','2017-10-29 11:05:40',155,'2019-08-07 02:23:09','2022-06-23 15:08:14',23),(79,9379,25,4,2124,'online','2005-10-30 04:57:32',189,'2012-05-06 16:52:10','2022-07-07 06:22:08',26),(80,3751,28,29,55187,'cash on delivery','2005-08-07 10:09:39',183,'2008-07-22 07:53:41','2022-07-06 14:23:07',29),(81,3772,5,20,26000,'online','2022-01-29 21:23:45',110,'2021-09-09 14:53:03','2022-03-04 10:01:37',6),(82,7576,26,2,1836,'online','2010-10-30 00:38:57',100,'2011-05-22 22:43:55','2022-04-13 05:00:27',27),(83,5607,25,22,34100,'online','2014-11-15 13:10:22',150,'2011-10-16 13:19:15','2022-06-13 03:56:29',26),(84,9424,24,3,4911,'cash on delivery','2002-08-10 18:12:00',116,'2016-10-01 05:01:57','2022-04-15 17:39:58',25),(85,4895,15,15,44325,'cash on delivery','2015-05-21 16:05:02',195,'2017-07-02 13:01:06','2022-06-20 22:05:48',16),(86,7768,32,10,24520,'cash on delivery','2006-06-17 06:23:16',151,'2015-04-30 11:17:11','2022-06-10 10:12:45',33),(87,1874,4,7,20419,'cash on delivery','2019-12-10 16:46:34',116,'2006-04-20 15:28:13','2022-03-11 04:03:05',5),(88,5059,22,13,9620,'online','2020-07-18 01:29:52',106,'2002-06-15 15:50:23','2022-02-28 18:42:17',23),(89,6130,20,11,16456,'cash on delivery','2021-11-29 09:16:08',166,'2000-11-22 14:25:12','2022-07-20 20:33:16',21),(90,6870,10,4,3696,'online','2018-12-01 01:22:20',180,'2022-06-16 20:03:03','2022-02-21 16:14:55',11),(91,6679,8,12,8064,'online','2004-06-04 08:55:08',102,'2009-09-28 21:19:58','2022-03-27 05:47:09',9),(92,4273,29,26,16094,'cash on delivery','2003-06-14 15:10:18',134,'2000-10-05 00:03:56','2022-07-06 02:00:13',30),(93,7333,15,23,43769,'cash on delivery','2001-06-05 19:27:26',176,'2018-04-11 06:19:55','2022-05-28 00:14:01',16),(94,6984,25,20,29820,'cash on delivery','2000-11-01 12:07:46',194,'2011-02-16 15:25:35','2022-02-20 11:47:38',26),(95,8559,23,17,18122,'online','2000-08-30 04:04:45',119,'2013-07-17 00:39:22','2022-02-23 03:03:26',24),(96,3760,11,24,30936,'online','2007-11-04 10:31:26',137,'2021-08-07 18:03:56','2022-02-25 03:08:31',12),(97,4194,2,22,60126,'cash on delivery','2005-01-13 22:18:43',120,'2001-06-07 12:21:11','2022-07-15 20:08:49',3),(98,7625,18,24,50640,'cash on delivery','2009-08-05 22:58:54',191,'2000-06-02 21:17:39','2022-02-18 09:58:07',19),(99,5143,7,6,16356,'cash on delivery','2017-04-25 08:15:58',170,'2007-05-15 14:29:39','2022-08-23 05:24:09',8),(100,9927,11,9,5499,'cash on delivery','2012-01-09 15:28:09',170,'2012-08-21 06:19:36','2022-06-22 17:54:53',12),(101,6708,24,7,15631,'online','2022-06-19 03:10:34',197,'2007-05-19 10:52:52','2022-08-15 19:41:37',25),(102,7184,25,1,2417,'cash on delivery','2001-04-04 06:29:28',125,'2003-03-03 08:34:52','2022-02-16 08:14:16',26),(103,5692,11,22,23760,'cash on delivery','2016-07-15 17:53:12',127,'2009-08-09 21:56:05','2022-03-20 21:58:36',12),(104,8807,22,21,20244,'online','2000-05-19 19:29:27',135,'2015-10-08 03:26:14','2022-04-03 12:31:42',23),(105,5750,19,29,66381,'cash on delivery','2017-12-15 19:25:15',165,'2013-07-28 15:37:28','2022-02-02 01:41:08',20),(106,9343,14,27,62613,'online','2019-01-10 21:23:26',189,'2013-12-04 07:05:48','2022-07-15 10:41:39',15),(107,9754,3,21,15582,'online','2017-05-21 06:28:49',157,'2013-10-13 13:10:30','2022-02-13 22:37:06',4),(108,9262,2,22,65142,'cash on delivery','2015-03-14 05:33:58',147,'2011-02-28 21:20:32','2022-03-23 14:15:40',3),(109,6974,29,10,5150,'online','2006-10-12 15:28:04',155,'2006-02-08 01:02:23','2022-08-25 02:11:15',30),(110,1140,30,3,2367,'cash on delivery','2022-02-24 19:21:21',141,'2019-12-06 05:07:11','2022-05-07 22:33:37',31),(111,6060,4,27,28566,'cash on delivery','2003-06-09 06:30:04',142,'2022-02-05 14:58:45','2022-03-24 20:05:05',5),(112,8788,5,5,7370,'cash on delivery','2004-11-01 11:07:36',164,'2016-05-26 10:48:54','2022-03-11 20:44:30',6),(113,5868,27,29,80040,'cash on delivery','2009-06-16 04:05:28',153,'2001-03-13 16:57:12','2022-07-22 19:05:23',28),(114,8038,13,23,25944,'online','2019-06-26 01:58:20',157,'2011-02-17 07:16:24','2022-03-05 11:11:44',14),(115,3743,2,3,6534,'cash on delivery','2015-11-25 08:03:38',111,'2020-02-29 17:26:49','2022-03-20 15:24:57',3),(116,2260,3,29,55187,'cash on delivery','2018-01-03 14:20:53',164,'2003-03-24 10:19:18','2022-06-29 13:25:18',4),(117,7028,31,14,28028,'online','2013-04-06 21:49:46',179,'2005-06-02 03:56:00','2022-03-03 02:22:09',32),(118,7775,23,14,33166,'online','2012-02-01 12:04:57',164,'2009-01-01 10:08:25','2022-05-24 22:47:50',24),(119,7368,17,25,68925,'cash on delivery','2006-12-13 12:27:03',115,'2005-09-15 21:13:56','2022-09-05 19:16:42',18),(120,4539,25,5,13020,'cash on delivery','2012-11-29 14:08:34',131,'2015-10-11 01:11:36','2022-06-16 19:57:43',26),(121,9933,20,15,12960,'cash on delivery','2010-12-12 12:06:30',113,'2003-07-31 07:44:18','2022-07-06 01:36:33',21),(122,9289,11,25,47200,'online','2007-08-29 08:00:18',197,'2018-09-05 09:09:52','2022-06-24 16:08:52',12),(123,1903,2,6,11076,'cash on delivery','2007-02-10 20:46:20',116,'2011-02-14 01:16:26','2022-06-24 13:40:52',3),(124,2342,4,5,6665,'online','2009-07-09 01:21:28',169,'2014-09-14 18:16:24','2022-06-26 00:08:34',5),(125,5178,8,24,32016,'online','2010-04-16 22:06:27',199,'2021-04-27 21:55:49','2022-02-04 04:48:49',9),(126,8672,14,14,36456,'cash on delivery','2000-07-06 22:33:31',129,'2002-09-30 15:51:14','2022-04-19 22:34:42',15),(127,1515,9,21,47649,'online','2013-02-07 14:47:19',174,'2002-12-18 14:47:05','2022-04-16 11:04:51',10),(128,1088,18,21,53550,'online','2013-08-31 15:12:13',112,'2021-01-01 18:09:50','2022-07-20 03:22:39',19),(129,4038,25,16,47616,'cash on delivery','2003-08-28 00:29:29',184,'2012-01-28 01:42:05','2022-02-02 20:35:15',26),(130,9921,20,19,19152,'cash on delivery','2005-03-27 12:21:41',120,'2022-06-03 15:45:41','2022-03-06 19:11:00',21),(131,6813,23,8,11880,'online','2017-04-30 17:14:45',140,'2010-08-04 07:09:07','2022-08-21 18:15:24',24),(132,5053,5,19,35283,'online','2008-12-31 19:03:24',125,'2012-01-18 07:53:21','2022-04-19 18:04:12',6),(133,8113,4,24,43344,'online','2013-01-29 05:02:55',159,'2011-08-14 04:32:54','2022-06-19 19:21:28',5),(134,9267,7,5,14190,'cash on delivery','2017-05-05 13:57:11',119,'2010-07-16 15:02:52','2022-08-05 00:02:20',8),(135,6639,1,20,10940,'cash on delivery','2010-02-24 16:56:41',174,'2002-03-06 20:54:32','2022-06-22 13:19:21',2),(136,6936,3,12,7428,'cash on delivery','2000-09-24 17:48:19',113,'2012-06-09 06:10:52','2022-05-19 21:50:52',4),(137,8615,1,14,19922,'online','2007-09-22 04:25:42',197,'2000-03-07 22:56:42','2022-04-02 22:36:50',2),(138,9451,5,18,33606,'cash on delivery','2014-12-12 03:39:27',148,'2011-03-03 18:02:15','2022-08-25 15:44:23',6),(139,6191,13,5,9265,'cash on delivery','2003-11-18 05:55:13',103,'2020-05-30 20:52:07','2022-08-06 18:12:21',14),(140,1468,25,15,26805,'cash on delivery','2010-09-17 07:17:51',146,'2016-06-14 08:43:45','2022-05-09 00:15:31',26),(141,9417,24,14,27706,'online','2003-03-05 02:50:31',102,'2000-03-24 12:37:20','2022-06-29 00:10:18',25),(142,8957,21,17,15929,'cash on delivery','2007-11-12 09:48:56',183,'2004-04-25 02:02:00','2022-02-09 21:14:44',22),(143,3221,14,13,29770,'online','2009-10-02 17:57:04',121,'2017-12-08 01:04:51','2022-08-13 09:21:58',15),(144,7112,2,6,15288,'online','2007-08-06 14:06:54',156,'2008-03-31 14:12:02','2022-03-02 10:41:03',3),(145,6794,27,19,28424,'cash on delivery','2003-06-12 03:29:52',176,'2012-04-03 13:23:43','2022-03-28 20:25:29',28),(146,2072,29,19,29811,'online','2018-09-10 17:56:38',192,'2019-11-03 00:11:42','2022-06-03 09:20:37',30),(147,5468,20,24,61368,'online','2006-11-13 20:33:16',156,'2018-08-04 12:56:41','2022-09-03 22:38:06',21),(148,4555,18,25,54050,'online','2000-09-22 15:28:05',187,'2020-08-25 14:16:07','2022-08-05 13:20:02',19),(149,8851,13,11,7007,'cash on delivery','2000-02-25 13:26:40',151,'2019-06-11 02:02:47','2022-08-31 03:31:36',14),(150,2683,3,20,55440,'cash on delivery','2013-06-02 03:21:18',107,'2018-02-28 12:08:50','2022-05-14 14:01:56',4),(151,2058,1,11,6963,'cash on delivery','2007-04-03 20:26:47',141,'2005-09-12 15:18:10','2022-06-30 03:35:32',2),(152,4963,3,14,8974,'online','2021-06-16 11:32:30',166,'2005-07-30 01:03:46','2022-04-15 19:22:26',4),(153,3309,30,19,35625,'online','2015-05-09 18:27:24',139,'2013-11-16 15:55:00','2022-08-18 22:55:19',31),(154,4415,29,22,11286,'online','2008-11-09 08:17:13',110,'2003-03-03 04:09:51','2022-07-25 11:43:03',30),(155,7422,3,8,16664,'online','2017-09-18 09:50:25',112,'2020-05-31 20:01:12','2022-08-18 12:13:34',4),(156,4916,6,9,15138,'online','2003-02-21 02:28:11',127,'2002-04-17 15:48:11','2022-05-17 08:13:07',7),(157,9316,14,29,31784,'cash on delivery','2015-03-01 20:56:30',147,'2022-04-04 06:53:54','2022-09-02 03:53:20',15),(158,3853,12,25,62500,'cash on delivery','2000-08-29 09:10:58',145,'2015-05-21 11:43:23','2022-04-12 05:11:37',13),(159,2985,17,24,19104,'cash on delivery','2006-03-05 11:12:19',179,'2021-10-23 13:03:32','2022-03-01 10:05:55',18),(160,5132,26,1,1258,'cash on delivery','2011-11-10 15:54:42',170,'2004-01-04 02:49:32','2022-02-13 15:48:17',27),(161,9338,31,20,45800,'cash on delivery','2019-03-12 04:46:05',169,'2018-09-15 17:43:09','2022-07-22 18:36:43',32),(162,8607,10,3,7392,'cash on delivery','2022-07-16 01:44:16',164,'2020-01-24 12:48:50','2022-04-20 13:50:28',11),(163,5177,5,1,1377,'online','2009-02-12 06:51:12',156,'2000-03-02 01:39:03','2022-06-08 21:23:27',6),(164,2108,2,2,5700,'online','2007-01-16 09:13:44',125,'2001-08-27 08:09:58','2022-02-16 10:10:07',3),(165,8185,29,3,8088,'cash on delivery','2017-12-04 17:38:27',102,'2018-08-25 07:05:47','2022-08-31 09:06:10',30),(166,8591,21,9,25515,'cash on delivery','2001-08-28 11:29:12',133,'2005-11-03 07:08:44','2022-09-02 01:45:45',22),(167,6864,19,7,7861,'cash on delivery','2004-05-10 02:01:04',193,'2011-05-17 21:14:36','2022-07-20 21:44:36',20),(168,3375,6,21,40194,'cash on delivery','2001-03-24 22:20:19',141,'2012-12-25 04:03:09','2022-02-19 15:38:27',7),(169,4697,16,12,28656,'online','2003-01-24 04:06:01',113,'2018-01-30 08:24:01','2022-05-30 15:01:07',17),(170,1985,22,16,45152,'cash on delivery','2010-06-05 15:15:05',116,'2019-01-05 19:40:06','2022-04-06 18:38:02',23),(171,8116,8,9,21933,'online','2003-01-09 12:00:37',133,'2016-10-20 06:47:23','2022-08-12 19:35:42',9),(172,5582,28,29,84013,'cash on delivery','2021-01-07 05:51:22',108,'2004-12-22 07:26:25','2022-03-25 03:56:31',29),(173,2346,9,25,18575,'online','2015-11-27 09:58:02',132,'2005-07-16 06:22:21','2022-04-10 18:15:55',10),(174,3660,5,8,14440,'online','2021-12-05 14:39:38',118,'2007-11-06 08:35:28','2022-03-04 19:57:48',6),(175,8517,29,22,64614,'cash on delivery','2001-09-18 21:19:40',158,'2002-10-22 19:07:11','2022-06-08 13:33:31',30),(176,7925,10,4,10976,'online','2020-02-25 03:56:16',110,'2022-02-18 10:13:54','2022-05-21 12:55:16',11),(177,7406,11,18,19008,'cash on delivery','2006-06-20 12:16:24',128,'2011-02-28 01:34:55','2022-06-16 01:06:17',12),(178,7836,13,14,12124,'online','2006-05-04 01:01:36',125,'2018-12-31 01:57:25','2022-05-30 15:24:18',14),(179,6492,22,24,41064,'online','2022-01-27 20:27:49',199,'2016-02-02 21:56:32','2022-02-28 01:06:33',23),(180,5310,9,2,4268,'cash on delivery','2011-09-27 01:23:41',198,'2013-02-07 03:42:31','2022-06-25 15:58:14',10),(181,2798,18,8,6568,'cash on delivery','2019-11-07 09:35:17',173,'2013-08-01 03:24:04','2022-07-22 19:22:03',19),(182,8200,3,1,829,'online','2000-09-11 10:24:06',133,'2015-11-25 06:41:58','2022-07-21 12:53:34',4),(183,6975,26,8,23576,'cash on delivery','2010-03-22 20:49:36',118,'2019-03-02 09:28:38','2022-03-29 22:17:46',27),(184,9609,6,12,32928,'online','2001-12-14 00:17:28',147,'2018-06-27 03:15:43','2022-07-15 03:46:55',7),(185,6221,19,5,13195,'cash on delivery','2007-10-02 12:31:35',179,'2017-12-19 16:36:11','2022-08-08 01:09:34',20),(186,8900,17,21,12075,'cash on delivery','2020-11-23 11:49:30',185,'2006-02-04 08:35:40','2022-03-27 00:57:29',18),(187,5302,25,20,11140,'cash on delivery','2012-03-20 20:04:36',134,'2004-10-23 16:03:21','2022-05-08 18:36:58',26),(188,1149,22,28,50680,'online','2011-08-09 14:02:11',108,'2014-02-07 09:44:14','2022-02-08 00:49:34',23),(189,6548,25,15,9615,'cash on delivery','2007-05-09 18:12:21',152,'2007-05-12 10:05:47','2022-07-13 11:05:37',26),(190,3520,2,8,15792,'cash on delivery','2002-12-01 09:48:46',140,'2000-10-09 09:53:10','2022-05-07 10:38:27',3),(191,8212,27,17,21148,'cash on delivery','2010-02-16 06:29:43',194,'2008-02-02 07:43:27','2022-03-28 10:21:14',28),(192,4609,13,4,4908,'online','2014-01-06 07:01:26',116,'2018-12-30 11:12:34','2022-07-02 06:21:38',14),(193,2058,10,14,30688,'online','2016-03-14 04:00:16',122,'2022-06-19 09:25:15','2022-05-11 00:51:28',11),(194,9845,16,23,41285,'cash on delivery','2019-12-31 12:10:00',159,'2011-09-03 06:05:31','2022-06-23 14:58:00',17),(195,2125,1,28,73276,'cash on delivery','2007-07-16 05:16:28',116,'2019-04-26 03:49:44','2022-07-01 03:12:38',2),(196,6607,27,19,32129,'online','2016-07-30 18:23:51',148,'2020-12-09 19:26:08','2022-08-02 15:45:43',28),(197,3879,29,13,28028,'online','2017-09-24 22:26:46',135,'2001-08-12 11:12:51','2022-04-11 08:56:26',30),(198,4945,29,20,56400,'cash on delivery','2013-12-01 19:28:25',190,'2006-05-10 06:55:44','2022-03-15 18:57:05',30),(199,8529,31,4,10532,'cash on delivery','2005-12-03 11:17:48',129,'2021-07-19 20:58:53','2022-07-16 16:51:51',32),(200,2004,31,14,34664,'cash on delivery','2002-11-05 02:32:58',136,'2014-09-28 13:56:30','2022-06-02 01:54:08',32),(201,3989,6,18,23796,'online','2019-03-18 10:04:05',121,'2017-09-02 16:57:42','2022-06-27 01:09:57',7),(202,4582,24,28,35028,'cash on delivery','2008-11-22 04:38:56',171,'2018-06-15 17:46:44','2022-08-07 10:45:19',25),(203,7175,16,5,13380,'cash on delivery','2018-03-03 20:00:45',117,'2004-12-04 21:26:46','2022-06-26 00:08:52',17),(204,3107,14,15,43695,'cash on delivery','2021-11-11 18:35:22',163,'2019-06-28 16:15:54','2022-07-25 09:23:03',15),(205,3850,21,16,31888,'cash on delivery','2022-02-10 04:25:37',143,'2018-07-21 10:03:44','2022-06-21 20:54:47',22),(206,1632,14,16,22272,'online','2019-05-24 19:35:43',183,'2019-08-21 21:45:56','2022-08-30 08:05:49',15),(207,6606,6,6,3618,'online','2004-02-07 03:30:27',125,'2017-01-18 05:13:47','2022-02-02 05:36:09',7),(208,3923,27,18,51840,'cash on delivery','2017-12-19 15:31:49',195,'2019-03-14 10:14:37','2022-04-16 07:56:56',28),(209,7401,3,17,13345,'online','2003-08-28 22:07:28',167,'2019-09-03 06:19:49','2022-06-14 02:42:54',4),(210,5273,32,9,24858,'online','2003-09-22 15:54:38',120,'2010-01-16 14:44:37','2022-02-06 19:50:43',33),(211,7503,14,8,23576,'cash on delivery','2018-01-08 16:13:13',102,'2006-07-30 05:05:36','2022-04-01 04:51:32',15),(212,3612,7,14,21882,'online','2004-12-19 13:14:50',118,'2017-01-19 17:34:16','2022-02-10 21:38:04',8),(213,9441,23,6,5292,'online','2000-03-24 17:37:58',119,'2014-05-31 09:12:31','2022-07-25 12:27:19',24),(214,2288,32,25,46075,'cash on delivery','2007-09-12 05:16:13',146,'2014-04-06 08:29:23','2022-04-07 06:18:53',33),(215,8518,20,29,22939,'online','2017-01-19 05:21:10',174,'2017-11-17 18:42:02','2022-04-16 14:52:09',21),(216,5687,12,22,11352,'cash on delivery','2003-05-05 11:16:09',143,'2008-05-02 07:20:29','2022-08-04 09:09:08',13),(217,9901,30,21,54600,'cash on delivery','2007-11-21 21:38:24',173,'2012-03-27 07:16:05','2022-04-01 02:14:39',31),(218,7633,3,10,15530,'online','2012-05-03 11:11:42',102,'2001-11-20 12:25:43','2022-02-04 03:30:54',4),(219,5936,20,21,53949,'online','2009-04-06 13:18:54',147,'2022-03-06 05:48:00','2022-05-01 09:04:24',21),(220,5124,15,21,34482,'cash on delivery','2008-05-02 05:55:42',174,'2018-04-21 04:27:16','2022-06-17 13:29:17',16),(221,9298,29,16,12160,'online','2016-07-14 13:44:26',150,'2022-07-18 02:09:03','2022-09-03 08:12:13',30),(222,3839,12,22,20394,'online','2016-05-03 18:48:34',111,'2015-02-10 12:34:52','2022-03-09 08:29:13',13),(223,6890,7,7,17717,'cash on delivery','2005-05-05 14:13:16',106,'2002-02-23 13:30:35','2022-08-01 21:12:15',8),(224,8377,30,12,15840,'cash on delivery','2003-12-16 18:01:41',111,'2007-12-06 04:47:25','2022-08-01 20:19:51',31),(225,1125,31,16,47008,'cash on delivery','2001-09-11 07:09:35',123,'2008-04-23 04:33:51','2022-06-09 14:42:54',32),(226,7675,4,21,20160,'online','2018-05-26 20:04:54',111,'2018-07-01 19:54:13','2022-03-30 00:22:13',5),(227,3422,2,7,15911,'online','2006-03-27 19:02:47',179,'2009-07-06 19:15:24','2022-02-21 15:28:47',3),(228,8137,23,8,20904,'online','2021-10-27 15:57:45',115,'2019-02-01 04:05:06','2022-05-30 01:04:00',24),(229,5567,12,2,1850,'cash on delivery','2009-09-12 16:35:16',198,'2010-07-11 21:57:17','2022-02-04 00:21:27',13),(230,7797,29,8,8888,'cash on delivery','2015-06-14 19:36:40',176,'2015-12-08 06:19:18','2022-03-15 15:20:25',30),(231,9378,13,5,7220,'online','2018-08-07 12:02:42',153,'2005-06-19 17:27:21','2022-07-27 21:50:30',14),(232,9165,32,7,16814,'online','2022-06-02 18:19:01',103,'2006-08-19 18:30:57','2022-02-22 19:10:14',33),(233,3697,19,7,11585,'online','2021-06-30 08:44:28',191,'2017-12-01 00:23:53','2022-08-27 14:39:29',20),(234,7358,24,15,43065,'cash on delivery','2008-08-31 16:03:39',127,'2020-01-14 13:24:37','2022-09-06 06:05:46',25),(235,4891,19,4,7016,'online','2001-10-14 03:14:30',175,'2000-09-02 13:50:16','2022-07-11 11:35:52',20),(236,7086,23,19,52535,'cash on delivery','2006-05-03 21:18:33',171,'2017-11-23 06:08:08','2022-04-24 10:07:50',24),(237,6069,26,15,39555,'cash on delivery','2008-01-24 06:46:29',189,'2010-09-17 17:52:42','2022-05-17 13:22:07',27),(238,2763,30,2,2196,'cash on delivery','2002-12-24 08:03:28',103,'2005-12-17 02:51:38','2022-03-01 01:23:24',31),(239,7185,18,24,31008,'online','2009-09-19 20:50:43',171,'2011-06-17 08:51:12','2022-05-16 14:41:50',19),(240,9171,23,25,25600,'cash on delivery','2001-08-19 08:32:58',171,'2019-10-26 11:23:51','2022-03-23 21:47:26',24),(241,5170,7,10,23930,'cash on delivery','2010-01-11 14:25:41',156,'2015-10-27 17:48:03','2022-08-31 02:51:14',8),(242,5834,10,1,2077,'online','2007-11-22 05:40:52',140,'2011-11-06 10:29:16','2022-05-28 10:52:00',11),(243,7333,4,5,4705,'cash on delivery','2018-04-25 05:48:54',119,'2007-10-17 21:53:57','2022-04-12 02:52:31',5),(244,4630,24,5,4690,'online','2017-10-29 10:38:57',125,'2016-07-08 19:11:28','2022-08-05 10:07:52',25),(245,9899,29,7,6629,'online','2006-11-18 04:19:00',147,'2012-02-02 06:21:27','2022-02-02 00:23:16',30),(246,8415,6,28,57008,'cash on delivery','2011-04-06 10:39:44',163,'2012-08-03 09:50:49','2022-08-25 22:48:42',7),(247,3036,11,23,22724,'online','2000-06-24 19:26:43',161,'2011-09-17 03:42:01','2022-04-01 12:25:52',12),(248,7624,21,25,73600,'cash on delivery','2014-02-10 01:00:34',155,'2012-03-01 13:49:57','2022-03-10 09:33:51',22),(249,6656,7,1,597,'cash on delivery','2018-09-25 15:25:23',182,'2015-05-12 11:39:42','2022-08-24 05:38:19',8),(250,8006,15,2,5898,'cash on delivery','2000-11-30 02:08:51',101,'2007-06-14 02:25:13','2022-08-01 21:37:21',16),(251,4591,19,22,58234,'online','2006-03-01 05:11:53',154,'2001-10-27 19:45:50','2022-08-29 01:40:15',20),(252,6084,10,24,32928,'online','2010-12-22 02:16:00',197,'2013-08-14 08:51:57','2022-04-14 02:27:43',11),(253,8807,31,14,15694,'cash on delivery','2008-05-20 19:51:56',109,'2000-02-26 19:16:39','2022-08-20 11:42:54',32),(254,2141,30,17,28849,'online','2020-04-08 14:55:13',152,'2000-06-20 16:20:33','2022-04-18 02:07:33',31),(255,3144,13,26,51636,'cash on delivery','2007-02-02 09:36:43',181,'2022-03-19 17:01:03','2022-08-17 17:46:45',14),(256,3138,31,17,50405,'cash on delivery','2002-02-09 13:24:35',134,'2015-03-24 20:30:49','2022-07-02 20:54:18',32),(257,3008,11,21,12579,'cash on delivery','2011-10-22 10:19:19',180,'2014-07-06 00:26:19','2022-04-09 13:24:38',12),(258,8534,7,14,17794,'online','2004-11-01 04:52:50',146,'2020-03-03 00:36:14','2022-08-08 21:10:36',8),(259,2127,3,16,9248,'cash on delivery','2011-09-26 08:16:30',166,'2008-03-21 08:07:20','2022-03-26 16:06:48',4),(260,3126,15,10,23750,'cash on delivery','2002-01-02 10:39:13',102,'2014-09-17 16:07:51','2022-08-24 06:56:25',16),(261,8423,20,24,43656,'cash on delivery','2020-03-03 14:12:04',179,'2005-12-09 20:37:46','2022-03-16 06:53:13',21),(262,9429,20,19,43377,'cash on delivery','2010-12-14 07:26:08',139,'2013-11-26 09:49:07','2022-05-31 05:21:20',21),(263,8464,15,7,10276,'online','2002-01-15 17:58:03',120,'2005-12-23 20:58:03','2022-03-08 18:56:28',16),(264,3824,25,12,25440,'online','2014-12-01 14:03:32',187,'2005-04-24 02:09:07','2022-05-02 07:50:30',26),(265,6063,15,6,8244,'cash on delivery','2001-09-14 08:24:23',186,'2017-11-06 11:40:12','2022-08-01 16:20:41',16),(266,1828,30,10,5730,'cash on delivery','2020-12-18 17:28:06',197,'2000-04-20 17:17:50','2022-03-19 06:56:56',31),(267,3398,21,1,1615,'cash on delivery','2020-10-20 13:34:29',181,'2021-11-03 10:30:33','2022-08-07 07:43:00',22),(268,6716,30,26,63336,'cash on delivery','2008-03-22 14:26:23',174,'2019-02-22 18:16:22','2022-04-15 13:11:20',31),(269,2477,29,5,3110,'online','2006-10-26 08:57:12',193,'2009-11-25 14:43:49','2022-02-25 15:48:05',30),(270,9677,5,3,2391,'online','2004-03-15 12:43:32',166,'2003-03-08 10:01:41','2022-07-12 16:28:35',6),(271,3412,15,24,36480,'online','2012-03-18 05:53:21',125,'2010-03-13 04:44:28','2022-02-21 21:37:32',16),(272,8454,8,8,9928,'online','2003-03-20 08:55:20',148,'2011-03-16 16:40:55','2022-03-30 16:26:40',9),(273,3681,27,13,28925,'cash on delivery','2005-01-17 14:46:50',106,'2021-06-07 10:13:30','2022-05-31 02:02:49',28),(274,8671,31,23,66424,'online','2012-06-11 19:12:10',186,'2010-08-25 12:24:27','2022-08-06 13:52:26',32),(275,7540,5,13,24323,'cash on delivery','2009-07-06 16:35:24',183,'2005-08-08 10:50:10','2022-06-24 16:45:11',6),(276,8367,19,6,10140,'cash on delivery','2001-03-13 15:29:08',139,'2010-11-08 02:48:30','2022-04-15 09:14:36',20),(277,1974,20,1,1057,'online','2006-11-01 04:51:07',125,'2005-07-31 20:33:49','2022-03-24 01:20:38',21),(278,1250,4,13,31460,'cash on delivery','2014-09-15 07:19:30',158,'2012-04-16 16:56:52','2022-03-11 05:48:15',5),(279,5456,21,5,5410,'cash on delivery','2015-09-26 02:19:53',196,'2017-04-01 01:31:29','2022-06-09 10:45:29',22),(280,8879,18,20,45180,'online','2021-03-24 01:48:30',139,'2013-12-26 12:27:14','2022-04-08 12:06:47',19),(281,2950,32,18,44136,'cash on delivery','2009-02-18 13:47:03',174,'2002-03-28 14:05:24','2022-05-14 12:01:36',33),(282,1414,17,17,14620,'cash on delivery','2005-08-22 06:54:39',170,'2015-10-15 15:32:57','2022-02-14 21:33:11',18),(283,5237,1,19,34124,'cash on delivery','2018-10-25 19:00:04',118,'2004-06-21 03:28:14','2022-02-13 14:04:21',2),(284,3724,29,2,3008,'cash on delivery','2010-01-04 09:35:26',143,'2005-01-09 13:29:53','2022-08-21 14:37:41',30),(285,5029,30,16,27984,'online','2016-10-06 00:16:28',182,'2008-08-13 03:08:04','2022-06-13 02:56:48',31),(286,4847,13,22,64636,'cash on delivery','2007-07-25 03:00:26',166,'2016-09-15 19:56:48','2022-05-27 20:27:27',14),(287,4663,11,18,46854,'online','2019-03-05 07:29:40',186,'2000-08-13 00:30:56','2022-07-20 12:52:05',12),(288,8796,9,5,10535,'online','2005-10-17 01:12:28',136,'2015-08-06 00:04:39','2022-03-04 03:11:36',10),(289,8359,17,24,54624,'online','2019-08-14 17:22:34',137,'2006-08-26 12:02:54','2022-05-10 04:05:10',18),(290,3165,10,15,20190,'online','2006-08-07 14:23:41',146,'2020-11-11 01:45:16','2022-04-22 21:28:42',11),(291,3932,27,29,43123,'online','2016-08-31 15:55:05',144,'2020-03-31 13:12:33','2022-04-06 08:49:00',28),(292,2046,32,27,38637,'online','2014-12-01 01:15:36',145,'2004-08-13 21:26:17','2022-05-26 21:30:23',33),(293,9495,15,1,567,'online','2016-02-17 01:33:37',170,'2018-05-24 04:50:01','2022-02-18 00:58:44',16),(294,6452,22,29,64525,'online','2005-12-23 17:25:18',161,'2000-06-26 03:31:15','2022-08-15 07:01:42',23),(295,1098,23,22,32538,'cash on delivery','2006-05-11 10:54:31',165,'2010-10-22 07:46:07','2022-02-07 07:47:47',24),(296,3730,5,3,7428,'online','2017-03-23 04:39:57',103,'2002-12-20 13:56:29','2022-03-27 06:56:08',6),(297,3949,17,28,52080,'cash on delivery','2003-03-04 19:00:12',191,'2011-04-04 16:33:37','2022-06-23 13:39:17',18),(298,3323,8,18,24570,'cash on delivery','2014-02-19 17:02:50',165,'2010-07-22 22:36:32','2022-03-04 05:11:33',9),(299,3838,22,4,8340,'online','2019-08-20 13:41:17',185,'2010-07-05 01:15:12','2022-04-18 04:05:54',23),(300,1832,32,8,4616,'cash on delivery','2002-04-12 11:20:27',172,'2020-04-26 21:33:47','2022-05-19 16:50:25',33),(301,2594,11,24,12120,'cash on delivery','2007-07-13 18:02:06',163,'2002-06-05 05:41:23','2022-08-10 13:09:26',12),(302,1798,11,4,7668,'cash on delivery','2009-03-28 19:28:13',149,'2017-03-02 21:37:47','2022-05-12 00:48:34',12),(303,7473,10,3,7422,'online','2009-07-18 14:06:41',198,'2022-05-22 02:58:43','2022-06-26 10:45:39',11),(304,9399,18,5,6860,'online','2013-07-01 09:33:19',185,'2000-01-05 08:02:27','2022-02-12 17:24:47',19),(305,3139,13,15,36345,'online','2001-07-09 18:35:02',191,'2019-02-04 18:43:27','2022-08-26 10:24:47',14),(306,2876,18,4,11880,'cash on delivery','2006-01-09 14:38:21',186,'2021-03-30 15:10:20','2022-06-19 13:28:25',19),(307,6562,32,28,25004,'online','2022-09-01 02:19:58',100,'2003-08-28 00:49:09','2022-04-26 17:06:39',33),(308,2608,30,2,5524,'online','2003-01-17 07:50:54',136,'2006-09-05 13:32:05','2022-03-14 19:08:39',31),(309,5587,11,25,61025,'cash on delivery','2004-02-19 05:47:21',177,'2016-07-08 10:02:35','2022-08-15 05:29:43',12),(310,8107,16,19,50654,'cash on delivery','2001-10-24 04:56:57',199,'2012-03-01 15:36:17','2022-03-17 02:25:12',17),(311,1599,3,18,34434,'cash on delivery','2010-11-28 06:34:37',193,'2008-12-11 16:49:18','2022-03-19 20:13:03',4),(312,1480,28,23,22540,'online','2007-02-22 15:07:04',151,'2020-10-04 16:24:29','2022-02-13 06:16:46',29),(313,9121,12,2,1710,'cash on delivery','2022-04-02 22:12:11',116,'2019-03-24 00:12:09','2022-07-30 08:22:04',13),(314,6378,15,13,22035,'online','2018-06-07 03:35:55',127,'2011-06-12 03:28:04','2022-07-07 01:48:39',16),(315,7357,29,11,7359,'online','2007-11-23 05:54:53',170,'2009-10-04 07:54:44','2022-06-20 15:56:19',30),(316,8476,20,26,35308,'online','2002-01-14 02:19:32',141,'2018-11-30 20:32:41','2022-02-17 09:16:13',21),(317,9302,22,17,11645,'online','2007-03-31 01:22:51',133,'2003-09-04 20:17:36','2022-05-13 16:50:27',23),(318,2198,20,9,17901,'cash on delivery','2001-04-16 13:14:39',109,'2015-12-01 20:54:13','2022-04-12 06:00:10',21),(319,1218,30,3,6546,'online','2002-01-15 14:40:25',177,'2004-09-10 18:04:40','2022-04-03 11:25:11',31),(320,5605,5,7,11536,'cash on delivery','2008-11-28 03:26:49',127,'2011-02-02 02:39:38','2022-03-20 21:23:06',6),(321,9603,19,10,17380,'cash on delivery','2012-04-21 00:46:34',199,'2011-06-17 11:47:28','2022-08-04 04:02:52',20),(322,5221,8,15,34395,'online','2000-09-01 01:32:02',107,'2006-09-21 12:33:57','2022-08-21 22:50:30',9),(323,1884,22,9,26631,'cash on delivery','2003-12-24 08:41:20',123,'2006-02-17 11:19:36','2022-07-29 17:25:25',23),(324,9793,8,27,27594,'online','2011-07-30 21:14:11',136,'2019-03-01 08:33:21','2022-03-22 16:04:32',9),(325,7260,28,25,14125,'online','2008-03-13 02:10:24',108,'2007-08-01 02:25:41','2022-04-21 17:37:36',29),(326,5015,15,26,40586,'cash on delivery','2005-12-09 13:02:20',189,'2014-12-25 06:22:50','2022-02-20 04:52:00',16),(327,8357,3,9,16002,'online','2015-01-04 19:56:26',192,'2004-04-19 05:22:31','2022-09-01 13:56:27',4),(328,5641,5,6,13098,'online','2018-12-15 06:34:44',161,'2011-08-23 14:23:21','2022-06-09 21:51:37',6),(329,7526,3,29,48691,'cash on delivery','2007-07-17 02:34:55',154,'2001-02-15 06:54:43','2022-02-22 19:24:05',4),(330,6315,12,9,19701,'cash on delivery','2004-01-01 08:40:05',183,'2011-05-09 18:03:08','2022-03-22 04:47:02',13),(331,2443,1,3,4980,'online','2014-04-06 11:04:26',153,'2017-07-06 03:42:12','2022-06-26 18:24:00',2),(332,7568,29,21,39291,'cash on delivery','2013-05-21 19:37:35',106,'2007-04-02 09:21:51','2022-03-24 04:17:30',30),(333,9012,20,9,20871,'cash on delivery','2021-01-11 12:23:23',101,'2007-11-22 09:06:57','2022-04-22 21:48:36',21),(334,6619,15,14,22848,'online','2007-11-05 09:34:06',150,'2013-10-31 19:16:12','2022-05-02 18:50:30',16),(335,3770,8,2,5858,'cash on delivery','2020-07-25 19:17:28',189,'2011-06-26 06:10:45','2022-08-02 06:56:57',9),(336,2162,27,15,35160,'online','2017-01-17 21:05:56',108,'2008-07-15 07:12:38','2022-05-05 11:41:06',28),(337,6087,10,18,13662,'cash on delivery','2010-01-28 13:32:53',154,'2001-10-09 04:24:54','2022-05-28 05:24:23',11),(338,9221,7,24,19776,'cash on delivery','2002-12-22 09:46:14',186,'2003-04-26 12:31:37','2022-08-18 14:01:43',8),(339,4363,18,16,19936,'online','2016-05-26 20:14:17',171,'2006-05-16 14:05:07','2022-07-26 22:36:08',19),(340,2559,25,20,56580,'online','2006-07-18 14:35:23',167,'2019-03-09 12:38:27','2022-03-30 19:47:10',26),(341,5607,18,5,13310,'cash on delivery','2011-11-02 02:38:23',159,'2022-07-08 04:47:23','2022-08-11 08:30:54',19),(342,3424,21,2,3170,'online','2014-12-26 12:08:47',196,'2020-07-29 15:12:41','2022-05-26 01:41:25',22),(343,5649,31,3,7896,'online','2001-06-15 08:27:16',125,'2021-12-15 05:53:02','2022-02-26 09:47:00',32),(344,6124,17,19,13566,'online','2015-11-02 08:17:48',148,'2015-03-08 17:41:53','2022-08-30 13:45:34',18),(345,2373,22,21,59787,'cash on delivery','2014-11-20 09:37:53',143,'2020-07-01 21:24:24','2022-05-10 17:47:15',23),(346,1314,6,23,28681,'online','2003-05-09 03:50:01',141,'2005-12-05 09:49:03','2022-08-21 03:07:16',7),(347,9473,22,2,4826,'cash on delivery','2011-01-17 11:48:57',132,'2005-04-30 02:30:03','2022-08-25 14:54:06',23),(348,3329,26,1,2108,'cash on delivery','2008-05-02 12:36:40',197,'2007-04-12 02:29:32','2022-07-09 12:40:53',27),(349,6720,2,3,1698,'cash on delivery','2022-08-11 22:29:11',117,'2012-01-15 15:51:02','2022-02-08 02:16:41',3),(350,9863,7,11,30624,'online','2011-07-28 04:06:14',120,'2019-04-10 14:44:48','2022-08-23 14:13:15',8),(351,5975,4,24,59376,'cash on delivery','2011-07-16 15:24:24',120,'2012-03-21 14:49:44','2022-07-13 02:16:18',5),(352,7851,13,28,61628,'cash on delivery','2005-02-11 02:29:02',143,'2017-01-09 09:04:47','2022-05-31 02:36:23',14),(353,5691,23,29,37062,'cash on delivery','2001-05-28 04:29:56',195,'2019-12-03 18:42:31','2022-08-04 02:20:29',24),(354,6326,30,23,56787,'cash on delivery','2021-09-13 04:58:39',191,'2011-01-12 05:41:06','2022-09-01 08:05:12',31),(355,9233,1,15,40200,'cash on delivery','2006-01-24 16:00:15',190,'2016-03-30 21:46:27','2022-03-23 12:44:08',2),(356,9944,17,2,2962,'cash on delivery','2009-10-14 20:43:15',127,'2002-09-18 15:53:16','2022-04-04 21:34:23',18),(357,5388,32,1,2424,'online','2014-07-26 17:49:19',107,'2001-05-31 21:28:46','2022-05-11 11:05:21',33),(358,8511,9,19,37867,'cash on delivery','2004-06-15 21:35:10',175,'2009-04-12 11:31:52','2022-02-07 14:14:05',10),(359,2179,29,6,3858,'cash on delivery','2011-01-13 19:25:28',103,'2019-05-26 15:41:23','2022-04-25 03:03:02',30),(360,8134,8,10,21310,'cash on delivery','2020-05-17 09:50:50',127,'2001-01-23 16:22:03','2022-05-06 12:29:27',9),(361,2061,6,21,39543,'cash on delivery','2011-03-25 14:26:10',105,'2007-09-22 07:38:45','2022-08-12 09:20:28',7),(362,4653,19,23,58029,'online','2007-08-25 21:37:33',157,'2016-09-21 15:03:27','2022-06-13 02:33:05',20),(363,7991,14,7,15848,'cash on delivery','2006-10-04 12:07:09',198,'2002-10-08 16:34:02','2022-08-28 17:53:30',15),(364,7266,27,14,28084,'online','2006-11-10 06:18:46',137,'2004-02-12 14:10:57','2022-05-31 02:34:35',28),(365,4588,16,18,36720,'online','2009-10-03 14:20:38',157,'2005-07-29 01:34:02','2022-07-14 02:41:07',17),(366,3502,27,18,51318,'online','2001-08-15 09:37:18',192,'2002-09-13 06:18:12','2022-08-13 22:41:06',28),(367,6591,31,24,68112,'cash on delivery','2021-03-04 18:00:52',146,'2000-12-27 02:39:01','2022-09-05 15:51:03',32),(368,3176,23,19,15523,'cash on delivery','2018-10-21 19:06:00',101,'2002-10-21 15:51:14','2022-07-26 00:31:49',24),(369,6519,21,14,9646,'online','2004-03-30 20:18:48',106,'2011-08-04 08:13:46','2022-03-07 18:45:18',22),(370,9396,29,14,39186,'cash on delivery','2017-08-31 04:39:20',122,'2005-02-06 14:04:53','2022-03-15 01:35:36',30),(371,9735,26,28,56840,'cash on delivery','2010-08-29 14:11:45',151,'2000-09-05 15:44:32','2022-02-03 03:42:51',27),(372,7363,21,25,30400,'online','2020-02-13 22:44:09',170,'2010-06-05 22:04:41','2022-05-23 07:11:08',22),(373,5823,16,21,20727,'online','2007-10-05 04:52:52',174,'2005-05-25 06:09:41','2022-02-25 07:31:28',17),(374,7179,15,24,46176,'online','2019-07-14 11:50:31',172,'2002-03-04 03:09:52','2022-03-04 02:47:49',16),(375,8022,28,28,29540,'online','2022-06-29 09:57:38',164,'2016-07-02 19:02:57','2022-08-14 14:13:37',29),(376,7129,2,1,855,'cash on delivery','2018-05-13 22:13:42',165,'2000-10-12 20:34:20','2022-08-07 07:01:45',3),(377,1923,28,3,4254,'online','2021-02-11 05:27:33',119,'2001-07-15 02:48:53','2022-08-25 01:35:53',29),(378,4905,24,29,64815,'online','2014-03-05 00:16:12',187,'2013-10-25 13:10:29','2022-08-25 17:45:51',25),(379,7419,25,14,40824,'cash on delivery','2010-02-22 21:15:24',185,'2015-07-17 15:06:54','2022-02-19 15:22:39',26),(380,2978,7,10,16440,'online','2009-01-20 22:17:49',103,'2006-11-24 16:57:46','2022-05-31 16:08:41',8),(381,2022,1,1,2809,'cash on delivery','2013-01-18 19:06:23',119,'2012-12-06 11:34:46','2022-03-02 11:16:07',2),(382,9266,31,24,34896,'online','2003-04-13 12:55:14',197,'2002-12-02 02:10:33','2022-04-10 12:36:33',32),(383,2276,7,25,58325,'online','2022-08-17 09:12:50',156,'2002-12-11 04:02:13','2022-03-16 12:56:54',8),(384,3863,6,7,11235,'cash on delivery','2005-03-12 18:57:39',155,'2005-02-04 17:44:07','2022-09-03 14:42:43',7),(385,2147,24,12,35964,'online','2007-10-29 02:58:38',164,'2008-11-07 18:02:17','2022-06-16 06:49:58',25),(386,6342,8,1,2762,'cash on delivery','2002-01-17 04:52:14',118,'2006-07-13 04:25:44','2022-07-29 10:28:15',9),(387,7304,32,27,69795,'online','2019-01-20 08:21:51',174,'2008-06-08 12:28:12','2022-04-30 02:29:49',33),(388,9127,4,14,10584,'online','2012-04-08 18:50:21',172,'2020-02-10 20:15:08','2022-02-22 01:27:33',5),(389,8669,18,13,36257,'cash on delivery','2012-03-11 09:20:58',142,'2014-03-20 18:52:36','2022-05-11 16:18:05',19),(390,6031,17,1,1711,'cash on delivery','2001-09-21 07:01:01',127,'2000-03-11 01:33:02','2022-02-06 04:57:39',18),(391,4528,16,9,10350,'online','2012-01-08 14:20:08',147,'2021-06-12 06:01:49','2022-05-05 09:00:42',17),(392,1927,11,5,10235,'cash on delivery','2013-01-11 09:32:20',142,'2006-09-21 03:00:07','2022-07-08 05:32:49',12),(393,6977,22,24,15672,'online','2004-08-22 13:44:56',194,'2012-03-26 06:10:25','2022-03-06 14:20:03',23),(394,2941,26,2,4250,'cash on delivery','2016-02-14 16:12:27',188,'2020-10-23 10:37:04','2022-04-20 12:58:46',27),(395,8465,26,15,35865,'online','2016-02-17 13:34:11',179,'2013-05-05 10:52:04','2022-07-15 09:37:30',27),(396,9027,18,2,4106,'online','2008-01-19 18:04:21',125,'2013-03-22 08:00:24','2022-06-05 20:14:10',19),(397,2246,20,3,3972,'online','2022-06-23 13:08:21',128,'2019-12-01 21:14:52','2022-05-04 03:01:17',21),(398,7973,16,16,8208,'cash on delivery','2015-02-21 04:30:22',132,'2011-02-24 17:54:12','2022-09-02 06:50:46',17),(399,2690,30,29,65569,'cash on delivery','2011-10-30 03:44:12',188,'2014-07-17 08:07:25','2022-06-02 07:54:51',31),(400,4785,21,28,41076,'online','2015-07-08 10:49:09',152,'2022-07-23 13:33:49','2022-06-04 06:36:07',22),(401,1376,25,13,34125,'online','2017-07-21 09:57:54',191,'2000-10-31 17:18:01','2022-02-05 07:15:26',26),(402,7254,30,11,23254,'cash on delivery','2013-11-09 22:01:18',174,'2004-01-12 08:51:47','2022-05-25 12:46:30',31),(403,1255,29,18,52164,'online','2018-02-24 12:58:20',168,'2007-01-06 07:49:06','2022-02-18 04:36:13',30),(404,4833,31,6,15882,'cash on delivery','2005-02-10 11:46:27',192,'2020-12-27 15:02:48','2022-07-17 15:56:18',32),(405,5043,2,2,5340,'cash on delivery','2015-11-07 10:19:10',128,'2016-11-26 13:55:36','2022-05-05 02:25:48',3),(406,1417,7,22,32054,'cash on delivery','2006-10-01 07:30:38',192,'2008-01-03 22:53:38','2022-02-27 22:21:24',8),(407,1515,15,19,18069,'cash on delivery','2004-07-23 07:34:31',149,'2005-04-10 09:49:05','2022-04-09 11:20:12',16),(408,2113,27,11,16302,'online','2021-12-15 07:06:04',139,'2001-03-08 22:44:34','2022-02-26 04:36:41',28),(409,9836,30,13,10413,'cash on delivery','2012-10-06 18:29:00',120,'2002-10-05 21:37:45','2022-04-06 18:25:04',31),(410,1234,16,3,2853,'cash on delivery','2011-06-22 04:16:43',150,'2006-12-05 03:52:23','2022-08-21 06:03:56',17),(411,5469,20,6,16956,'cash on delivery','2018-08-01 18:24:10',163,'2019-08-20 21:26:40','2022-04-16 21:09:58',21),(412,6576,8,21,53319,'cash on delivery','2008-07-19 08:30:22',110,'2018-08-24 12:51:22','2022-08-18 05:21:56',9),(413,4324,28,26,41522,'cash on delivery','2016-03-09 13:19:52',198,'2007-12-01 20:22:47','2022-05-20 02:15:21',29),(414,5078,29,16,9744,'cash on delivery','2006-11-07 09:40:47',102,'2008-06-03 05:20:41','2022-07-31 08:35:18',30),(415,8065,6,4,6736,'online','2013-03-12 09:08:05',158,'2005-06-18 21:57:45','2022-04-19 09:44:49',7),(416,2409,21,28,82432,'cash on delivery','2002-02-12 15:43:38',105,'2017-09-18 15:42:17','2022-04-29 13:45:05',22),(417,1139,18,13,10738,'cash on delivery','2021-06-01 10:57:49',147,'2005-08-19 14:31:23','2022-03-11 11:01:27',19),(418,7669,13,16,26352,'online','2010-09-15 21:48:58',175,'2015-09-19 03:05:22','2022-05-26 19:17:37',14),(419,2771,25,17,31161,'online','2020-04-11 05:04:44',162,'2005-03-08 06:09:15','2022-08-17 15:05:07',26),(420,5701,5,21,39606,'online','2000-07-14 15:38:43',182,'2007-10-20 12:37:36','2022-08-29 21:12:04',6),(421,7549,25,4,6648,'online','2002-08-26 14:10:12',150,'2015-03-20 15:35:56','2022-08-08 22:32:42',26),(422,6141,14,24,65064,'online','2014-08-28 21:44:51',105,'2020-04-29 18:23:36','2022-06-10 02:36:30',15),(423,1307,16,10,21810,'cash on delivery','2015-05-05 02:55:38',135,'2015-11-30 03:19:13','2022-04-15 13:08:24',17),(424,7079,14,13,31655,'online','2007-06-25 06:52:54',120,'2021-11-27 12:56:28','2022-05-17 04:50:27',15),(425,8612,26,21,20727,'online','2009-02-16 05:30:28',110,'2009-11-29 08:02:11','2022-08-11 20:58:50',27),(426,8420,2,5,11690,'online','2016-09-15 19:21:16',194,'2011-04-20 19:37:06','2022-07-14 13:14:06',3),(427,1140,13,3,5472,'cash on delivery','2006-08-18 13:18:51',162,'2014-01-30 00:43:29','2022-06-01 10:01:41',14),(428,4645,5,5,14230,'online','2002-02-16 02:18:44',172,'2009-07-13 18:39:16','2022-02-13 04:25:27',6),(429,3228,2,10,26930,'cash on delivery','2013-11-24 04:07:13',141,'2005-12-10 14:14:14','2022-08-27 13:38:28',3),(430,5272,32,26,26052,'cash on delivery','2005-01-15 11:14:34',122,'2004-12-13 03:05:47','2022-08-01 01:42:31',33),(431,9401,7,10,8960,'online','2000-12-06 02:36:46',198,'2005-08-03 17:03:16','2022-05-07 15:35:48',8),(432,7316,28,6,3654,'online','2009-12-24 02:31:54',196,'2016-04-22 12:46:35','2022-06-08 00:00:36',29),(433,4458,21,8,23432,'cash on delivery','2011-10-20 09:22:07',170,'2001-12-21 05:19:51','2022-02-28 02:43:16',22),(434,9941,3,1,1816,'cash on delivery','2015-08-07 19:37:34',119,'2004-10-04 07:13:50','2022-08-25 01:04:07',4),(435,7470,5,8,16656,'cash on delivery','2016-04-11 10:54:15',134,'2013-03-09 08:32:54','2022-03-24 10:09:44',6),(436,5916,25,15,40380,'cash on delivery','2000-08-15 04:02:39',115,'2015-05-28 06:55:03','2022-07-18 20:54:47',26),(437,4538,23,25,51725,'online','2021-02-07 16:36:54',137,'2001-12-23 03:23:15','2022-07-14 17:23:20',24),(438,3458,29,6,16530,'online','2019-10-07 10:32:13',195,'2019-07-11 03:02:13','2022-06-25 05:58:25',30),(439,5272,14,23,45586,'cash on delivery','2017-12-31 00:08:31',144,'2006-04-11 02:48:42','2022-06-25 16:47:03',15),(440,3172,3,13,13819,'cash on delivery','2000-11-15 02:29:24',192,'2013-07-27 18:27:48','2022-05-03 07:00:03',4),(441,5073,14,15,29430,'cash on delivery','2011-07-06 22:30:10',137,'2000-10-11 05:20:04','2022-04-21 08:04:11',15),(442,9348,21,16,35104,'online','2020-04-05 05:24:47',199,'2022-03-21 18:39:57','2022-08-20 14:58:07',22),(443,1793,32,16,30576,'cash on delivery','2017-02-14 01:55:54',186,'2007-04-02 12:46:34','2022-09-02 20:41:51',33),(444,7784,4,11,6963,'online','2002-03-20 10:42:05',107,'2005-03-07 19:38:52','2022-09-03 02:44:13',5),(445,2715,16,4,8608,'online','2009-01-18 21:43:16',124,'2020-10-03 07:51:50','2022-03-11 11:07:26',17),(446,6523,7,23,16744,'online','2015-11-21 22:46:56',165,'2010-09-24 12:37:30','2022-03-28 09:10:47',8),(447,5497,32,24,30720,'cash on delivery','2000-10-28 18:35:37',177,'2010-11-07 13:15:01','2022-04-17 13:34:43',33),(448,9500,31,18,28908,'cash on delivery','2007-10-01 21:07:55',164,'2021-10-16 02:13:00','2022-08-31 17:10:21',32),(449,2708,7,26,77636,'online','2011-01-16 20:48:35',106,'2000-01-03 12:03:29','2022-03-24 19:43:30',8),(450,8953,16,4,7168,'online','2000-06-08 08:46:23',136,'2000-09-10 17:44:58','2022-07-07 10:46:51',17),(451,1131,10,18,52272,'cash on delivery','2011-08-20 16:53:26',184,'2022-01-15 07:41:36','2022-07-17 10:30:19',11),(452,5791,2,21,61404,'cash on delivery','2011-06-18 11:24:56',164,'2019-01-03 19:11:21','2022-05-29 12:53:51',3),(453,6780,29,16,10288,'online','2008-08-04 21:57:15',154,'2008-09-18 11:15:07','2022-08-15 22:44:50',30),(454,2969,16,6,5004,'cash on delivery','2006-01-17 05:54:36',145,'2021-11-08 20:08:14','2022-03-11 20:20:15',17),(455,6055,15,4,6544,'cash on delivery','2005-03-13 14:33:08',101,'2011-04-01 09:23:27','2022-04-13 21:00:30',16),(456,7540,2,3,4647,'online','2020-01-08 16:04:24',159,'2019-12-13 15:02:47','2022-02-23 15:02:35',3),(457,6264,12,13,21710,'online','2018-01-05 19:58:20',175,'2000-04-26 19:23:02','2022-02-05 00:46:47',13),(458,9271,16,13,26507,'online','2014-10-28 05:14:56',191,'2001-09-14 03:40:09','2022-06-21 21:07:20',17),(459,8854,3,25,66650,'online','2017-03-02 01:38:15',178,'2015-09-16 15:51:43','2022-02-07 19:41:23',4),(460,6618,24,25,71175,'online','2020-01-25 08:04:39',145,'2005-10-11 01:23:39','2022-06-08 17:55:42',25),(461,2318,20,4,5816,'online','2009-10-10 14:05:25',194,'2021-06-17 05:20:40','2022-02-02 21:07:54',21),(462,7301,18,10,15950,'cash on delivery','2001-07-28 10:06:44',168,'2005-07-18 10:08:39','2022-07-06 12:12:53',19),(463,7869,32,15,19020,'cash on delivery','2022-03-28 13:48:48',180,'2000-07-21 10:02:07','2022-07-25 21:50:19',33),(464,2528,32,8,18048,'cash on delivery','2000-08-01 06:21:53',101,'2009-06-06 21:34:20','2022-07-30 03:48:26',33),(465,8817,10,26,27300,'cash on delivery','2012-05-21 21:36:21',157,'2002-02-02 13:58:33','2022-03-27 13:01:49',11),(466,3542,15,23,46460,'cash on delivery','2017-10-27 22:47:02',188,'2006-04-16 06:42:43','2022-04-26 11:43:05',16),(467,4415,25,13,17030,'cash on delivery','2017-05-03 13:31:46',159,'2002-11-16 13:49:02','2022-02-22 14:30:38',26),(468,9441,26,21,53256,'online','2019-03-22 19:07:17',174,'2010-11-19 20:40:20','2022-04-19 06:09:51',27),(469,4632,10,9,7884,'cash on delivery','2015-10-07 06:51:12',144,'2016-04-06 10:56:13','2022-07-13 11:02:18',11),(470,7366,13,25,52875,'online','2015-06-18 17:19:20',177,'2016-09-18 12:30:05','2022-05-02 15:34:23',14),(471,6190,9,9,21654,'online','2003-01-25 14:45:06',155,'2002-05-16 16:52:43','2022-05-07 11:01:43',10),(472,5923,18,20,59000,'online','2003-03-03 07:49:27',192,'2017-04-19 03:08:25','2022-06-02 20:13:23',19),(473,2148,18,7,14581,'online','2008-01-22 22:09:32',164,'2003-02-27 00:41:12','2022-06-17 17:32:17',19),(474,3565,30,19,25688,'online','2006-11-02 20:36:47',134,'2010-07-12 09:58:36','2022-05-13 07:04:47',31),(475,4148,22,8,16480,'cash on delivery','2005-03-05 21:05:39',109,'2012-07-11 19:36:35','2022-06-07 06:16:53',23),(476,1905,18,9,19674,'cash on delivery','2013-05-23 03:25:28',149,'2004-10-18 21:14:42','2022-04-22 16:27:17',19),(477,9505,17,8,22232,'cash on delivery','2000-08-13 20:03:46',190,'2016-07-09 05:08:11','2022-09-01 21:28:42',18),(478,7942,22,18,24354,'cash on delivery','2020-01-09 04:33:47',161,'2022-03-16 03:01:34','2022-02-13 17:01:21',23),(479,3495,13,18,30690,'online','2011-12-06 09:45:57',157,'2009-11-24 03:50:56','2022-06-22 13:39:57',14),(480,7057,16,9,21348,'cash on delivery','2013-08-11 21:11:26',135,'2001-08-11 11:16:29','2022-02-06 19:13:17',17),(481,8353,26,2,3716,'cash on delivery','2014-05-10 09:11:21',137,'2009-08-09 13:53:41','2022-04-06 16:34:56',27),(482,5252,19,7,9898,'cash on delivery','2010-09-09 14:41:26',168,'2017-09-25 19:39:09','2022-03-29 04:06:56',20),(483,5632,32,29,61393,'cash on delivery','2017-12-14 16:07:37',132,'2009-10-18 07:13:18','2022-08-01 04:17:35',33),(484,8027,16,21,44142,'online','2012-06-22 00:31:28',100,'2021-09-15 22:34:24','2022-03-24 16:46:11',17),(485,9082,19,11,15125,'cash on delivery','2018-12-15 09:01:47',136,'2018-03-24 16:30:10','2022-04-06 00:08:08',20),(486,7229,20,10,16850,'cash on delivery','2020-05-02 13:27:30',140,'2010-12-15 20:52:05','2022-04-14 06:13:46',21),(487,6458,16,19,16796,'online','2005-07-30 21:42:38',103,'2009-11-16 04:58:39','2022-02-11 20:07:47',17),(488,8503,19,28,36456,'online','2001-12-23 22:42:53',135,'2011-12-26 01:05:28','2022-07-01 07:09:33',20),(489,6862,24,11,6809,'cash on delivery','2009-09-12 06:24:06',199,'2017-07-15 17:54:22','2022-06-29 19:21:26',25),(490,9821,32,20,55340,'online','2004-05-24 08:32:56',122,'2006-06-21 04:48:25','2022-06-10 06:10:42',33),(491,7111,10,11,26246,'cash on delivery','2002-06-30 00:28:46',112,'2011-03-07 15:44:07','2022-07-01 03:32:00',11),(492,9361,28,23,39583,'cash on delivery','2021-05-18 02:32:11',173,'2011-05-08 06:41:55','2022-04-13 03:47:42',29),(493,4114,3,4,9920,'online','2006-12-28 20:07:36',169,'2009-08-04 17:26:37','2022-06-10 06:42:03',4),(494,9268,30,12,35772,'online','2004-02-09 08:58:44',129,'2003-05-31 13:46:57','2022-06-26 16:04:01',31),(495,2686,14,2,1386,'online','2006-12-12 16:52:05',166,'2020-10-30 09:08:34','2022-07-09 18:08:01',15),(496,5854,5,12,14184,'online','2015-02-10 21:33:37',103,'2011-12-11 16:29:00','2022-04-17 21:48:46',6),(497,6686,4,19,20463,'online','2009-02-05 21:52:55',100,'2011-07-14 14:16:42','2022-06-21 18:22:35',5),(498,8238,11,19,28139,'online','2012-12-12 08:52:19',123,'2005-09-25 20:02:12','2022-07-19 00:00:58',12),(499,9873,22,1,545,'cash on delivery','2006-10-29 16:06:25',119,'2005-05-02 19:46:13','2022-02-03 19:27:00',23),(500,6014,1,23,26220,'cash on delivery','2011-07-26 19:44:21',160,'2008-06-10 18:37:43','2022-06-12 08:36:24',2),(501,7132,25,2,1088,'online','2022-04-09 17:12:32',198,'2009-11-18 09:38:05','2022-03-29 17:20:57',26),(502,8503,12,17,45169,'cash on delivery','2011-01-31 09:27:50',159,'2012-08-26 20:14:42','2022-07-11 05:38:58',13),(503,1937,18,19,53960,'cash on delivery','2014-09-06 07:36:15',143,'2010-11-20 19:25:48','2022-05-12 03:04:06',19),(504,4219,24,12,32328,'cash on delivery','2008-04-05 12:30:40',199,'2005-12-22 16:46:14','2022-08-30 21:36:09',25),(505,1575,28,5,3470,'online','2020-06-29 06:04:34',187,'2000-09-15 17:48:06','2022-03-26 01:49:33',29),(506,8347,3,13,13546,'online','2013-04-18 11:13:26',195,'2014-10-25 06:52:07','2022-03-22 18:30:35',4),(507,3275,15,4,4324,'online','2002-11-11 16:51:46',159,'2012-08-08 05:45:58','2022-07-08 19:53:10',16),(508,7972,28,27,38934,'online','2022-07-08 00:15:18',195,'2018-09-12 12:38:29','2022-04-13 22:07:39',29),(509,8019,12,11,8184,'cash on delivery','2003-01-31 11:55:36',143,'2003-03-04 10:34:56','2022-03-17 19:31:02',13),(510,7274,20,19,44213,'online','2011-05-23 09:51:45',151,'2019-05-28 22:29:27','2022-06-03 06:23:47',21),(511,5663,11,16,35408,'cash on delivery','2012-03-17 02:07:35',162,'2007-07-06 01:44:11','2022-07-09 08:21:00',12),(512,1990,2,27,32589,'cash on delivery','2011-01-24 14:33:07',123,'2006-02-10 04:17:45','2022-02-26 01:35:02',3),(513,3416,24,26,47112,'cash on delivery','2006-04-11 19:53:02',179,'2005-02-27 09:15:50','2022-06-13 09:35:57',25),(514,5335,18,12,7848,'cash on delivery','2009-08-02 13:18:45',196,'2015-02-22 19:18:39','2022-02-09 17:33:20',19),(515,8245,22,13,7865,'online','2020-11-14 11:37:58',107,'2020-09-04 18:11:40','2022-05-19 10:00:16',23),(516,3071,19,25,47425,'cash on delivery','2004-04-14 13:38:01',163,'2018-12-30 15:52:23','2022-08-30 00:07:25',20),(517,1876,22,26,62114,'online','2022-03-29 12:17:33',106,'2008-02-13 13:04:47','2022-06-12 11:12:05',23),(518,9474,32,13,8905,'cash on delivery','2006-08-14 12:26:51',184,'2007-12-28 03:53:30','2022-08-28 18:30:48',33),(519,1187,12,17,28900,'online','2013-08-25 08:31:54',134,'2017-05-13 03:40:47','2022-05-09 15:55:47',13),(520,1153,28,7,3598,'online','2006-08-14 14:40:40',126,'2011-12-20 21:38:29','2022-08-12 13:00:28',29),(521,2539,30,15,29475,'online','2016-01-26 11:07:33',101,'2011-08-23 00:29:46','2022-04-19 10:38:38',31),(522,7380,28,3,3285,'online','2007-01-17 12:05:55',132,'2000-01-22 19:55:43','2022-07-06 09:27:54',29),(523,2283,18,8,4288,'cash on delivery','2016-03-25 12:07:20',183,'2008-07-20 10:02:42','2022-05-05 08:43:11',19),(524,9495,2,20,35560,'online','2001-01-13 14:03:11',173,'2016-07-08 13:17:06','2022-08-02 05:18:51',3),(525,1320,31,15,30930,'online','2000-09-14 06:04:42',172,'2004-02-16 04:30:29','2022-06-05 11:44:35',32),(526,8986,3,3,6360,'online','2013-09-14 13:07:25',132,'2018-04-03 20:03:02','2022-03-15 20:45:39',4),(527,4172,32,1,1867,'online','2013-12-18 06:42:32',128,'2020-11-08 03:53:25','2022-04-29 22:28:08',33),(528,7265,31,12,17280,'online','2010-04-23 08:36:58',193,'2014-11-24 12:04:40','2022-02-21 02:31:57',32),(529,3928,13,2,5424,'cash on delivery','2013-11-08 18:53:16',152,'2013-05-11 15:02:10','2022-06-14 03:04:18',14),(530,9040,4,11,12727,'cash on delivery','2017-01-24 07:51:56',116,'2009-11-18 08:32:25','2022-04-23 11:31:17',5),(531,6187,23,12,8028,'cash on delivery','2011-08-10 11:54:26',165,'2018-09-20 09:17:17','2022-06-30 14:08:20',24),(532,5404,2,11,9713,'online','2016-10-04 05:40:32',103,'2007-03-21 07:23:51','2022-08-26 04:43:45',3),(533,8421,31,15,30360,'cash on delivery','2003-05-01 15:51:22',194,'2022-04-24 02:39:22','2022-02-14 21:35:32',32),(534,3177,9,19,33611,'cash on delivery','2009-07-09 16:25:24',157,'2013-12-16 15:05:48','2022-08-03 12:20:14',10),(535,5969,26,3,3999,'cash on delivery','2011-05-11 20:16:08',121,'2010-08-20 13:41:35','2022-08-15 02:48:20',27),(536,9579,15,11,15642,'cash on delivery','2012-09-20 05:21:14',131,'2004-01-08 15:25:43','2022-05-30 04:52:10',16),(537,8627,5,11,9526,'online','2004-10-24 21:26:30',190,'2019-09-01 13:21:11','2022-07-06 22:47:08',6),(538,6997,30,27,33210,'online','2019-09-11 08:54:55',116,'2018-04-13 02:17:41','2022-02-06 05:20:11',31),(539,3478,30,12,15264,'online','2012-05-20 19:12:04',104,'2022-03-04 04:13:22','2022-05-10 19:11:08',31),(540,6317,17,22,14366,'online','2011-04-20 15:43:27',194,'2013-05-09 08:57:10','2022-05-22 22:47:10',18),(541,5712,23,4,10280,'online','2007-05-04 13:21:08',105,'2000-03-11 15:24:08','2022-06-26 05:35:58',24),(542,2284,15,3,4419,'online','2004-10-04 21:51:22',195,'2000-05-28 01:47:42','2022-06-17 05:33:00',16),(543,2035,13,26,50752,'cash on delivery','2000-10-09 19:43:12',118,'2006-03-29 08:14:14','2022-02-06 10:07:47',14),(544,6619,16,3,8928,'online','2009-07-20 00:00:01',198,'2019-10-05 00:05:17','2022-03-19 18:04:40',17),(545,2001,5,23,54165,'cash on delivery','2010-09-03 13:46:25',120,'2001-05-22 11:51:32','2022-07-23 13:05:56',6),(546,8157,24,6,9042,'online','2021-10-11 18:37:03',112,'2021-03-27 11:21:34','2022-04-15 05:54:04',25),(547,4973,8,23,58144,'online','2016-11-02 09:12:58',173,'2012-10-16 07:24:00','2022-06-06 07:19:22',9),(548,8067,6,3,2427,'online','2021-12-30 10:20:09',188,'2014-12-23 08:29:34','2022-05-04 13:48:55',7),(549,4540,14,12,17172,'cash on delivery','2013-01-23 17:53:35',168,'2010-01-02 15:03:12','2022-07-03 15:33:40',15),(550,9695,29,25,68950,'online','2009-10-12 03:44:30',144,'2006-07-25 09:44:19','2022-07-04 17:46:34',30),(551,7237,14,6,6288,'cash on delivery','2008-05-04 16:53:15',125,'2010-02-14 09:31:13','2022-05-29 10:13:01',15),(552,6471,6,7,6153,'cash on delivery','2020-03-04 22:55:45',111,'2008-07-10 06:26:16','2022-06-23 15:15:27',7),(553,4860,27,6,15642,'online','2002-05-25 03:16:32',155,'2005-08-30 01:16:28','2022-08-31 01:25:08',28),(554,7577,31,4,2704,'online','2021-07-07 20:46:57',155,'2001-11-04 04:18:48','2022-02-12 07:17:05',32),(555,8466,21,17,13855,'online','2018-01-10 15:36:49',133,'2013-04-21 16:51:46','2022-02-14 17:47:07',22),(556,3487,16,29,26709,'online','2015-01-01 21:44:07',104,'2015-08-13 20:18:14','2022-06-06 21:56:54',17),(557,2835,6,7,12138,'cash on delivery','2000-11-29 22:31:28',196,'2014-05-02 12:09:38','2022-06-06 22:16:12',7),(558,7882,28,9,24696,'cash on delivery','2012-04-22 11:48:49',119,'2022-08-20 01:19:25','2022-07-22 15:25:30',29),(559,9352,8,3,1923,'online','2013-04-09 00:58:40',170,'2000-06-18 10:18:26','2022-08-23 13:40:51',9),(560,5541,23,23,47909,'online','2005-02-19 18:16:50',170,'2011-07-24 19:37:03','2022-03-20 19:26:24',24),(561,5368,27,15,44205,'online','2022-07-19 19:04:43',162,'2002-11-22 09:30:00','2022-04-09 09:51:19',28),(562,2903,23,29,51446,'online','2008-11-25 16:44:13',147,'2012-03-11 00:51:28','2022-04-03 15:49:47',24),(563,9422,7,3,4368,'cash on delivery','2001-03-16 20:24:34',108,'2013-07-12 06:08:19','2022-05-22 10:01:20',8),(564,2246,11,5,9865,'cash on delivery','2011-11-07 00:45:01',151,'2002-12-15 06:29:41','2022-08-20 02:11:32',12),(565,8262,11,12,34224,'cash on delivery','2003-05-25 17:10:48',147,'2014-03-03 18:51:36','2022-08-22 18:00:28',12),(566,8898,21,17,28339,'online','2014-03-19 13:20:49',179,'2005-12-17 07:58:50','2022-07-19 14:38:54',22),(567,3299,19,2,3522,'online','2002-04-24 22:19:10',107,'2018-05-20 21:40:05','2022-07-29 10:44:05',20),(568,2677,28,20,28120,'online','2017-04-25 03:08:20',155,'2003-07-04 14:03:20','2022-05-29 22:30:01',29),(569,6369,1,21,34188,'cash on delivery','2017-02-10 22:10:53',182,'2019-04-27 01:43:13','2022-04-21 03:00:42',2),(570,8546,7,15,32130,'online','2016-10-22 06:30:13',107,'2022-07-09 13:49:18','2022-08-31 20:03:34',8),(571,2761,32,22,27588,'cash on delivery','2002-12-09 03:48:29',129,'2004-04-27 17:48:48','2022-03-17 18:05:40',33),(572,7090,22,22,58212,'cash on delivery','2020-10-09 09:13:55',113,'2007-05-28 14:12:23','2022-07-22 08:44:17',23),(573,1956,23,23,57684,'online','2011-01-07 17:06:57',190,'2022-07-20 11:18:44','2022-09-04 10:04:25',24),(574,8021,19,5,13295,'cash on delivery','2009-12-19 09:25:20',139,'2009-01-17 13:57:57','2022-09-01 01:38:52',20),(575,6616,4,7,9289,'online','2014-07-23 18:53:40',186,'2009-02-16 07:06:09','2022-06-19 21:42:24',5),(576,4184,22,15,29850,'online','2017-11-08 00:22:25',153,'2017-08-23 03:27:34','2022-08-22 12:58:40',23),(577,6549,17,16,47856,'online','2018-04-21 07:06:54',147,'2008-09-21 06:25:20','2022-07-07 16:10:33',18),(578,8058,17,10,20590,'online','2013-03-25 16:24:42',172,'2005-08-27 16:08:56','2022-09-06 13:41:27',18),(579,7077,9,2,2968,'online','2005-02-27 04:47:48',111,'2021-05-07 19:00:24','2022-03-16 08:04:13',10),(580,6693,23,22,18436,'online','2008-11-14 16:07:27',110,'2019-10-18 02:14:44','2022-03-30 05:16:35',24),(581,5459,20,18,22806,'online','2012-09-03 18:13:37',123,'2017-02-10 00:33:17','2022-04-12 05:20:44',21),(582,5414,22,1,671,'online','2014-10-07 21:08:46',164,'2019-08-22 03:05:17','2022-03-05 19:37:08',23),(583,9313,30,26,20696,'online','2010-09-05 21:57:54',184,'2011-10-24 00:55:33','2022-06-09 05:10:23',31),(584,8752,3,18,48978,'online','2022-07-18 04:25:42',160,'2000-02-02 13:44:29','2022-03-06 21:38:03',4),(585,9928,6,23,31349,'online','2016-07-26 12:34:26',174,'2020-12-06 01:48:00','2022-04-02 05:09:13',7),(586,7912,18,8,14352,'online','2001-07-29 10:17:30',132,'2016-06-14 19:53:57','2022-07-27 12:45:18',19),(587,6547,27,25,17475,'online','2011-04-15 20:42:29',184,'2015-12-28 05:37:38','2022-05-31 19:40:56',28),(588,2101,10,13,12922,'online','2000-09-03 10:40:22',191,'2004-10-06 03:41:54','2022-04-28 10:55:15',11),(589,6028,19,15,8265,'online','2007-06-16 05:42:04',134,'2013-08-11 11:31:21','2022-05-08 20:18:01',20),(590,4658,2,27,46953,'online','2016-06-18 03:23:44',170,'2002-02-10 12:43:52','2022-08-23 04:32:36',3),(591,2901,32,17,34391,'online','2012-12-20 21:32:36',123,'2002-04-12 03:31:54','2022-06-03 12:33:21',33),(592,1948,11,19,33611,'online','2010-08-14 11:41:45',140,'2017-06-07 04:03:47','2022-04-23 20:24:44',12),(593,2805,27,14,41734,'online','2022-01-17 08:38:57',126,'2002-03-25 02:38:58','2022-08-20 02:42:21',28),(594,5004,28,25,33175,'online','2002-10-01 04:37:09',159,'2010-02-12 20:28:10','2022-03-13 11:30:35',29),(595,2230,2,4,8712,'online','2018-07-05 10:46:40',140,'2001-02-22 17:57:16','2022-06-19 15:26:42',3),(596,2622,1,20,42580,'online','2018-03-28 16:34:12',175,'2013-10-23 07:47:04','2022-07-04 15:51:03',2),(597,7648,28,6,8940,'online','2020-07-21 12:50:03',187,'2014-07-01 21:02:57','2022-05-15 00:52:15',29),(598,7451,7,19,30438,'online','2004-10-06 21:00:34',166,'2012-06-28 10:09:20','2022-05-15 05:03:38',8),(599,2682,24,26,76024,'online','2002-04-29 05:37:57',180,'2006-07-31 00:38:58','2022-06-01 21:41:19',25),(600,6525,28,7,5047,'online','2014-03-09 22:45:49',160,'2002-08-04 12:27:19','2022-07-20 10:05:24',29),(601,6969,5,9,3934,'online','2022-09-14 19:27:31',99,'2022-09-14 19:27:31',NULL,41);
/*!40000 ALTER TABLE `orders` ENABLE KEYS */;
UNLOCK TABLES;
/*!40103 SET TIME_ZONE=@OLD_TIME_ZONE */;

/*!40101 SET SQL_MODE=@OLD_SQL_MODE */;
/*!40014 SET FOREIGN_KEY_CHECKS=@OLD_FOREIGN_KEY_CHECKS */;
/*!40014 SET UNIQUE_CHECKS=@OLD_UNIQUE_CHECKS */;
/*!40101 SET CHARACTER_SET_CLIENT=@OLD_CHARACTER_SET_CLIENT */;
/*!40101 SET CHARACTER_SET_RESULTS=@OLD_CHARACTER_SET_RESULTS */;
/*!40101 SET COLLATION_CONNECTION=@OLD_COLLATION_CONNECTION */;
/*!40111 SET SQL_NOTES=@OLD_SQL_NOTES */;

-- Dump completed on 2022-09-14 19:50:15



###Orders table creation and data import end###

###Orders Products table creation and data import start###


-- MySQL dump 10.13  Distrib 8.0.30, for Win64 (x86_64)
--
-- Host: 127.0.0.1    Database: online_clothing_store
-- ------------------------------------------------------
-- Server version	8.0.30

/*!40101 SET @OLD_CHARACTER_SET_CLIENT=@@CHARACTER_SET_CLIENT */;
/*!40101 SET @OLD_CHARACTER_SET_RESULTS=@@CHARACTER_SET_RESULTS */;
/*!40101 SET @OLD_COLLATION_CONNECTION=@@COLLATION_CONNECTION */;
/*!50503 SET NAMES utf8 */;
/*!40103 SET @OLD_TIME_ZONE=@@TIME_ZONE */;
/*!40103 SET TIME_ZONE='+00:00' */;
/*!40014 SET @OLD_UNIQUE_CHECKS=@@UNIQUE_CHECKS, UNIQUE_CHECKS=0 */;
/*!40014 SET @OLD_FOREIGN_KEY_CHECKS=@@FOREIGN_KEY_CHECKS, FOREIGN_KEY_CHECKS=0 */;
/*!40101 SET @OLD_SQL_MODE=@@SQL_MODE, SQL_MODE='NO_AUTO_VALUE_ON_ZERO' */;
/*!40111 SET @OLD_SQL_NOTES=@@SQL_NOTES, SQL_NOTES=0 */;

--
-- Table structure for table `orders_products`
--

DROP TABLE IF EXISTS `orders_products`;
/*!40101 SET @saved_cs_client     = @@character_set_client */;
/*!50503 SET character_set_client = utf8mb4 */;
CREATE TABLE `orders_products` (
  `order_product_id` bigint NOT NULL AUTO_INCREMENT,
  `order_id` bigint NOT NULL,
  `product_id` bigint NOT NULL,
  `quantity` bigint NOT NULL,
  `price_per_unit` float NOT NULL,
  `createdAt` datetime DEFAULT NULL,
  `updatedAt` datetime DEFAULT NULL,
  PRIMARY KEY (`order_product_id`),
  KEY `fk_orders_products_products` (`product_id`),
  KEY `fk_order_products_order` (`order_id`),
  CONSTRAINT `fk_order_products_order` FOREIGN KEY (`order_id`) REFERENCES `orders` (`order_id`),
  CONSTRAINT `fk_orders_products_products` FOREIGN KEY (`product_id`) REFERENCES `products` (`product_id`)
) ENGINE=InnoDB AUTO_INCREMENT=601 DEFAULT CHARSET=utf8mb4 COLLATE=utf8mb4_0900_ai_ci;
/*!40101 SET character_set_client = @saved_cs_client */;

--
-- Dumping data for table `orders_products`
--

LOCK TABLES `orders_products` WRITE;
/*!40000 ALTER TABLE `orders_products` DISABLE KEYS */;
INSERT INTO `orders_products` VALUES (1,236,12,8,2667,'2021-07-07 09:52:58','2020-11-25 00:29:06'),(2,251,35,12,1057,'2021-02-02 19:14:54','2021-01-08 10:51:09'),(3,577,14,2,877,'2021-02-25 15:07:54','2022-08-18 14:53:26'),(4,104,24,9,1896,'2021-02-03 04:24:06','2021-01-25 14:26:13'),(5,140,33,7,1891,'2021-10-29 09:49:52','2022-02-26 20:21:30'),(6,409,15,19,1102,'2021-03-31 03:56:00','2021-03-12 01:33:23'),(7,51,18,1,1559,'2022-08-17 14:43:40','2020-12-12 06:55:52'),(8,337,90,9,1292,'2022-07-01 01:25:15','2020-12-24 21:45:16'),(9,359,55,20,2956,'2020-10-14 22:55:20','2021-02-25 09:03:49'),(10,253,25,5,2151,'2021-06-23 10:54:20','2020-11-27 17:46:45'),(11,77,59,19,1141,'2021-06-11 06:33:46','2020-10-14 22:21:47'),(12,117,58,17,2432,'2021-07-11 12:29:55','2022-05-20 00:14:59'),(13,293,48,16,1752,'2022-01-04 15:39:31','2022-06-06 18:45:39'),(14,511,42,25,1936,'2021-08-12 12:21:57','2021-09-22 07:49:39'),(15,488,5,21,1721,'2022-04-29 01:03:00','2021-02-27 20:26:41'),(16,211,10,24,1219,'2022-06-26 13:33:17','2021-11-10 01:16:13'),(17,4,72,12,851,'2022-09-05 02:37:44','2022-07-27 12:35:21'),(18,94,66,14,1634,'2021-11-29 20:20:39','2022-07-02 12:36:23'),(19,30,8,7,1430,'2021-05-31 15:26:34','2021-04-11 18:28:33'),(20,483,5,20,2943,'2020-11-16 00:38:34','2021-10-08 22:36:17'),(21,101,94,27,1800,'2021-02-24 23:23:08','2022-09-02 03:25:46'),(22,274,67,23,2340,'2022-07-14 18:39:29','2021-07-12 05:32:04'),(23,586,86,9,891,'2021-10-29 18:58:11','2021-06-19 00:23:57'),(24,324,90,5,1426,'2021-07-11 10:08:21','2021-02-19 19:00:18'),(25,79,59,15,1709,'2021-07-10 02:35:06','2020-12-02 12:04:55'),(26,287,96,1,2754,'2021-06-06 09:19:19','2022-05-29 19:06:34'),(27,81,14,24,2568,'2020-09-24 07:55:30','2020-12-02 00:28:14'),(28,317,73,29,2565,'2022-08-28 08:34:45','2021-05-23 21:35:04'),(29,23,43,4,1562,'2021-08-04 01:25:13','2022-08-15 21:56:22'),(30,217,45,29,2457,'2021-04-03 02:57:20','2022-01-03 08:45:38'),(31,24,44,14,2152,'2021-12-21 10:38:55','2020-12-28 09:54:10'),(32,409,10,20,2553,'2021-11-17 21:33:16','2022-08-01 00:15:27'),(33,359,37,14,2644,'2021-10-03 02:09:58','2020-10-26 05:53:28'),(34,423,39,1,2577,'2020-09-18 09:40:45','2020-11-21 18:13:37'),(35,358,77,21,537,'2021-01-22 11:47:57','2021-07-29 09:25:33'),(36,548,84,26,2169,'2021-03-27 21:16:55','2021-02-26 08:22:26'),(37,484,39,2,1413,'2021-02-09 20:49:46','2021-03-11 22:12:25'),(38,467,77,9,1671,'2022-03-19 21:22:21','2021-01-03 20:09:14'),(39,468,47,26,686,'2021-01-13 03:27:39','2021-02-22 11:34:25'),(40,149,96,8,2283,'2022-04-10 06:37:18','2022-02-15 04:11:32'),(41,218,6,28,696,'2021-09-11 04:03:44','2022-07-19 04:17:27'),(42,260,61,18,2469,'2022-03-03 15:23:30','2021-12-25 17:23:00'),(43,207,52,3,977,'2022-04-17 02:45:54','2022-07-07 01:40:14'),(44,127,11,6,1004,'2020-11-30 14:59:45','2021-10-09 14:04:19'),(45,43,53,27,2988,'2021-01-19 12:37:06','2021-03-25 13:09:20'),(46,110,71,26,2786,'2022-08-25 08:39:09','2020-10-31 06:53:57'),(47,320,40,11,1511,'2021-12-14 13:26:40','2022-07-25 03:28:07'),(48,185,45,28,741,'2021-03-26 22:54:27','2022-06-06 19:49:14'),(49,364,92,18,1247,'2021-06-26 15:21:17','2021-08-01 12:29:35'),(50,39,99,19,2563,'2022-03-31 22:44:50','2021-12-23 13:42:01'),(51,162,41,2,2600,'2021-09-29 01:26:25','2022-01-09 09:47:18'),(52,547,79,22,1783,'2022-02-07 04:27:30','2022-02-11 17:38:47'),(53,103,39,28,2778,'2021-03-31 03:41:53','2020-11-11 03:55:43'),(54,37,65,1,2740,'2022-09-01 03:58:00','2020-11-13 20:46:58'),(55,145,9,21,659,'2022-08-30 04:15:33','2021-01-23 21:39:33'),(56,535,24,1,1908,'2020-12-18 19:58:53','2022-05-09 07:20:32'),(57,162,73,29,882,'2020-10-16 05:00:43','2022-03-11 14:29:11'),(58,164,15,25,641,'2021-01-29 04:09:48','2021-11-10 23:44:15'),(59,156,76,15,806,'2022-03-12 00:51:12','2021-03-07 01:08:49'),(60,57,81,14,826,'2021-03-13 03:45:42','2021-09-25 03:42:15'),(61,261,96,9,2216,'2022-09-02 13:31:54','2020-11-04 18:02:58'),(62,81,47,5,1586,'2021-04-07 10:43:01','2021-11-21 10:08:13'),(63,517,6,20,1841,'2021-06-13 21:42:13','2022-07-17 10:18:42'),(64,355,33,23,2737,'2022-04-08 00:56:51','2021-06-24 23:06:56'),(65,88,68,4,1641,'2022-04-01 22:00:11','2021-10-11 13:00:16'),(66,444,10,19,602,'2022-07-25 05:19:23','2022-07-04 19:17:51'),(67,116,88,11,855,'2022-08-10 15:23:15','2022-04-15 23:53:16'),(68,227,90,8,2524,'2022-02-03 02:31:23','2022-04-13 21:27:52'),(69,48,59,24,2429,'2022-01-24 01:25:42','2020-11-01 00:59:49'),(70,514,49,15,2269,'2022-06-27 23:02:57','2021-05-16 17:42:32'),(71,561,72,7,2123,'2020-09-30 12:53:01','2021-11-05 01:04:35'),(72,280,80,27,556,'2021-06-08 00:01:00','2020-12-20 22:33:26'),(73,418,5,11,864,'2021-02-13 05:18:30','2022-06-15 13:24:20'),(74,466,65,17,1102,'2022-08-14 01:36:00','2020-11-17 10:40:55'),(75,234,2,9,1593,'2020-11-19 12:46:08','2021-06-20 13:29:10'),(76,542,3,6,1998,'2022-08-24 07:21:54','2020-12-11 03:12:21'),(77,137,3,16,2817,'2022-02-17 00:39:35','2021-01-25 20:47:56'),(78,327,66,25,2118,'2021-01-30 03:26:53','2022-04-15 04:31:01'),(79,519,75,4,531,'2022-07-26 01:58:49','2021-03-01 07:14:53'),(80,121,79,29,1903,'2020-11-01 20:28:39','2022-05-26 09:21:32'),(81,444,48,20,1300,'2021-04-28 02:54:38','2021-04-04 07:44:00'),(82,57,16,2,918,'2022-08-20 01:16:47','2021-07-11 14:08:52'),(83,412,46,22,1550,'2021-07-02 01:19:35','2021-01-28 07:47:50'),(84,502,1,3,1637,'2021-08-08 18:33:05','2021-12-29 01:36:21'),(85,587,69,15,2955,'2022-07-08 21:06:33','2020-12-08 23:27:34'),(86,251,79,10,2452,'2022-05-26 17:33:30','2022-03-05 04:04:24'),(87,268,32,7,2917,'2022-08-15 13:13:24','2021-06-18 22:47:27'),(88,474,48,13,740,'2022-02-08 04:08:39','2022-01-22 04:29:34'),(89,375,59,11,1496,'2022-01-05 21:32:42','2021-02-07 08:08:26'),(90,331,25,4,924,'2021-11-14 21:12:31','2022-03-30 13:12:56'),(91,236,1,12,672,'2021-06-10 01:06:31','2020-12-16 10:35:05'),(92,184,70,26,619,'2021-06-10 23:01:01','2022-03-01 17:11:28'),(93,144,92,23,1903,'2021-08-09 12:57:38','2021-02-14 09:35:32'),(94,482,20,20,1491,'2022-01-02 12:14:46','2022-03-04 04:24:01'),(95,382,94,17,1066,'2022-06-24 11:56:41','2022-04-12 21:09:56'),(96,449,76,24,1289,'2021-08-01 12:15:44','2021-10-16 05:51:40'),(97,34,89,22,2733,'2021-01-19 06:11:58','2020-09-24 23:41:15'),(98,427,29,24,2110,'2021-09-19 16:08:51','2021-11-06 14:25:33'),(99,236,45,6,2726,'2022-06-22 01:23:41','2020-10-24 14:50:21'),(100,125,88,9,611,'2020-09-10 07:21:41','2022-06-08 20:51:25'),(101,48,6,7,2233,'2020-12-31 00:17:46','2022-03-03 15:54:25'),(102,414,50,1,2417,'2022-02-27 09:47:46','2021-06-13 22:45:35'),(103,479,9,22,1080,'2021-12-10 15:30:41','2022-07-31 18:16:51'),(104,106,37,21,964,'2022-05-14 23:02:35','2021-05-21 21:52:36'),(105,164,20,29,2289,'2021-09-09 13:39:04','2021-01-05 10:37:49'),(106,423,26,27,2319,'2020-10-31 09:19:26','2020-11-26 17:51:20'),(107,412,33,21,742,'2021-06-03 12:34:53','2022-05-24 13:34:52'),(108,154,81,22,2961,'2021-07-19 03:35:12','2022-07-23 13:29:25'),(109,291,66,10,515,'2021-11-09 20:20:26','2022-08-14 18:50:55'),(110,87,51,3,789,'2021-01-15 05:47:40','2021-04-30 14:44:26'),(111,529,99,27,1058,'2021-03-17 23:52:00','2022-08-07 19:58:00'),(112,272,84,5,1474,'2022-02-03 23:24:44','2021-08-21 14:29:12'),(113,597,66,29,2760,'2022-07-12 00:02:35','2021-04-24 06:34:50'),(114,373,78,23,1128,'2021-11-11 14:02:44','2020-09-10 20:45:09'),(115,224,6,3,2178,'2021-05-13 12:30:27','2021-12-17 03:48:07'),(116,557,1,29,1903,'2021-11-17 01:34:08','2021-07-13 10:22:36'),(117,357,22,14,2002,'2022-07-14 08:30:51','2022-04-02 14:21:37'),(118,417,29,14,2369,'2022-05-31 14:13:15','2022-07-11 15:07:13'),(119,545,85,25,2757,'2021-11-09 00:41:21','2022-07-14 09:58:56'),(120,239,46,5,2604,'2020-12-05 14:48:07','2022-05-06 08:53:56'),(121,37,31,15,864,'2021-04-18 04:37:06','2021-02-17 12:25:39'),(122,478,31,25,1888,'2020-10-29 19:12:21','2021-08-28 17:38:48'),(123,571,89,6,1846,'2021-06-28 12:18:36','2022-05-27 19:28:30'),(124,456,79,5,1333,'2021-03-29 17:11:54','2022-06-16 05:06:41'),(125,349,66,24,1334,'2022-04-24 12:42:06','2021-09-29 21:52:28'),(126,46,36,14,2604,'2021-07-02 19:46:57','2022-01-06 17:18:21'),(127,529,55,21,2269,'2021-03-31 12:12:21','2021-12-14 20:08:52'),(128,482,31,21,2550,'2022-02-27 17:27:05','2022-05-03 06:17:47'),(129,223,71,16,2976,'2022-07-14 07:04:18','2022-08-18 13:06:33'),(130,129,78,19,1008,'2021-03-20 06:52:04','2021-03-01 05:45:29'),(131,434,55,8,1485,'2020-11-17 01:45:41','2021-12-19 21:42:14'),(132,228,18,19,1857,'2021-10-24 14:36:27','2021-06-21 20:19:55'),(133,573,10,24,1806,'2022-08-07 10:52:23','2022-04-24 01:44:12'),(134,478,99,5,2838,'2021-06-06 04:42:42','2021-05-08 21:56:00'),(135,350,40,20,547,'2020-11-10 17:57:38','2022-05-18 20:37:20'),(136,521,60,12,619,'2022-09-07 02:59:59','2021-04-24 01:21:40'),(137,186,38,14,1423,'2021-10-30 06:05:54','2022-02-28 12:07:11'),(138,176,51,18,1867,'2021-10-18 08:51:36','2021-02-20 04:35:45'),(139,62,13,5,1853,'2022-03-28 04:17:53','2021-06-27 13:33:49'),(140,58,10,15,1787,'2022-02-07 03:24:43','2022-08-29 02:47:22'),(141,584,31,14,1979,'2021-08-28 12:19:18','2022-03-18 20:50:16'),(142,314,28,17,937,'2021-08-01 10:35:47','2022-06-30 02:16:47'),(143,151,42,13,2290,'2021-08-12 15:25:22','2021-10-22 06:09:08'),(144,318,15,6,2548,'2021-08-17 17:25:44','2021-01-03 19:24:10'),(145,186,57,19,1496,'2021-07-20 15:38:18','2021-03-03 05:22:17'),(146,513,6,19,1569,'2020-10-28 02:22:02','2021-08-02 06:19:17'),(147,35,74,24,2557,'2021-04-15 00:34:33','2021-02-13 00:08:33'),(148,254,11,25,2162,'2022-06-24 05:26:54','2021-04-21 23:38:55'),(149,418,29,11,637,'2021-07-10 16:01:34','2021-01-15 08:50:00'),(150,359,51,20,2772,'2022-01-21 09:20:54','2022-03-08 01:06:19'),(151,504,63,11,633,'2022-08-11 04:48:46','2021-11-16 00:01:49'),(152,495,5,14,641,'2020-09-14 13:36:41','2022-02-04 19:28:54'),(153,496,51,19,1875,'2021-06-17 12:44:45','2021-08-03 05:20:59'),(154,220,45,22,513,'2022-04-07 15:31:55','2021-08-01 18:32:09'),(155,456,68,8,2083,'2021-12-15 08:26:29','2020-11-23 07:02:00'),(156,470,80,9,1682,'2021-08-03 19:56:13','2022-06-25 12:29:40'),(157,515,68,29,1096,'2021-10-19 19:36:21','2022-05-05 07:24:32'),(158,599,75,25,2500,'2022-02-01 23:02:29','2020-09-27 03:43:08'),(159,534,66,24,796,'2022-08-29 05:23:09','2021-04-04 21:42:50'),(160,514,82,1,1258,'2022-08-01 20:21:02','2022-04-15 10:23:47'),(161,497,80,20,2290,'2022-02-04 02:43:21','2021-08-16 12:02:08'),(162,514,79,3,2464,'2022-06-19 20:03:09','2022-02-20 01:14:00'),(163,473,89,1,1377,'2022-06-09 23:54:19','2020-10-07 07:56:55'),(164,544,83,2,2850,'2021-01-19 12:57:36','2022-09-03 09:53:57'),(165,21,96,3,2696,'2020-12-30 22:13:09','2022-02-07 19:01:45'),(166,393,2,9,2835,'2022-04-24 05:26:36','2021-02-05 10:25:21'),(167,360,88,7,1123,'2020-10-17 14:13:21','2021-01-14 01:30:17'),(168,389,85,21,1914,'2022-07-03 19:39:16','2022-07-30 14:53:04'),(169,529,19,12,2388,'2021-01-08 17:24:20','2021-07-25 05:07:43'),(170,50,37,16,2822,'2021-03-24 21:17:06','2021-07-01 13:39:26'),(171,231,37,9,2437,'2022-08-07 07:19:07','2022-09-01 12:29:38'),(172,27,1,29,2897,'2022-06-05 10:11:08','2022-06-23 14:59:20'),(173,485,77,25,743,'2021-10-09 12:28:10','2022-06-26 06:00:35'),(174,57,80,8,1805,'2022-04-16 18:45:11','2021-06-08 05:18:25'),(175,89,32,22,2937,'2021-03-23 00:31:05','2021-05-13 15:44:37'),(176,467,56,4,2744,'2021-01-18 19:28:49','2022-06-18 14:56:48'),(177,518,90,18,1056,'2020-10-30 16:06:32','2022-03-17 05:28:13'),(178,334,63,14,866,'2021-02-16 07:08:49','2022-06-02 22:01:01'),(179,354,2,24,1711,'2021-03-07 13:39:53','2021-11-24 07:22:38'),(180,443,46,2,2134,'2021-05-28 22:32:09','2022-05-29 22:11:19'),(181,318,99,8,821,'2021-10-18 13:52:51','2020-12-07 18:45:57'),(182,146,32,1,829,'2020-10-16 09:14:02','2022-07-11 14:50:01'),(183,36,88,8,2947,'2022-03-18 22:52:27','2022-03-25 00:48:00'),(184,148,49,12,2744,'2021-03-08 00:46:12','2022-04-18 04:19:02'),(185,179,22,5,2639,'2020-10-08 21:49:07','2022-06-07 00:14:40'),(186,517,93,21,575,'2022-01-07 19:38:09','2022-02-24 23:25:21'),(187,534,8,20,557,'2021-10-24 04:51:26','2022-03-31 20:19:53'),(188,285,59,28,1810,'2021-10-12 21:40:48','2022-02-10 03:28:57'),(189,521,62,15,641,'2021-04-22 08:39:43','2022-02-11 12:00:47'),(190,492,33,8,1974,'2022-08-17 07:20:25','2021-08-29 06:04:31'),(191,115,46,17,1244,'2020-11-04 06:27:38','2022-08-28 06:57:04'),(192,89,21,4,1227,'2022-07-23 20:11:57','2020-12-02 03:32:04'),(193,116,77,14,2192,'2021-02-17 23:01:38','2021-05-16 15:55:04'),(194,200,44,23,1795,'2022-05-18 07:04:26','2020-12-06 11:26:00'),(195,153,18,28,2617,'2022-03-22 10:09:25','2021-11-03 02:38:10'),(196,158,27,19,1691,'2021-04-21 01:14:47','2021-06-29 22:58:18'),(197,523,87,13,2156,'2021-09-09 00:34:04','2022-02-28 00:43:48'),(198,548,51,20,2820,'2020-10-12 03:19:38','2022-08-25 02:30:36'),(199,482,18,4,2633,'2021-10-31 23:42:22','2021-06-16 02:11:12'),(200,419,31,14,2476,'2022-06-24 21:51:00','2021-10-26 08:19:36'),(201,175,36,18,1322,'2022-04-11 00:46:39','2022-04-27 23:34:57'),(202,424,7,28,1251,'2021-05-06 10:16:31','2021-07-10 14:20:48'),(203,529,81,5,2676,'2022-03-04 06:05:58','2020-09-22 12:49:27'),(204,23,88,15,2913,'2021-02-14 04:24:46','2022-04-06 06:54:47'),(205,416,60,16,1993,'2022-05-08 14:04:54','2020-11-16 23:23:26'),(206,280,47,16,1392,'2022-08-24 06:13:43','2022-06-25 22:44:19'),(207,54,3,6,603,'2021-07-31 05:46:18','2022-01-31 20:45:05'),(208,454,13,18,2880,'2020-12-23 09:13:04','2021-01-03 10:33:15'),(209,17,42,17,785,'2022-03-04 05:49:43','2020-12-02 08:39:14'),(210,56,51,9,2762,'2022-04-18 03:32:19','2022-05-24 06:14:51'),(211,231,71,8,2947,'2022-05-27 02:29:41','2022-06-20 19:59:55'),(212,517,1,14,1563,'2020-09-29 11:14:38','2020-09-24 18:03:35'),(213,532,3,6,882,'2021-12-18 14:46:41','2022-06-24 13:58:12'),(214,23,4,25,1843,'2020-09-27 08:24:25','2021-08-29 11:34:25'),(215,416,64,29,791,'2022-04-17 02:44:15','2021-03-21 05:12:58'),(216,290,83,22,516,'2022-05-06 11:32:05','2021-03-14 22:05:07'),(217,268,96,21,2600,'2022-09-06 10:34:25','2021-12-26 05:16:11'),(218,534,34,10,1553,'2022-09-02 20:21:07','2022-01-29 07:26:11'),(219,347,55,21,2569,'2021-01-29 12:36:04','2021-08-05 05:23:30'),(220,262,20,21,1642,'2022-05-14 02:57:51','2022-06-30 13:38:52'),(221,567,94,16,760,'2021-09-03 11:25:54','2021-01-28 04:28:51'),(222,572,39,22,927,'2021-08-02 06:43:58','2021-12-25 19:43:58'),(223,576,89,7,2531,'2022-04-10 23:55:19','2022-06-18 09:31:42'),(224,149,60,12,1320,'2021-03-13 01:48:48','2021-11-21 01:52:12'),(225,184,25,16,2938,'2021-08-07 15:23:19','2022-08-19 22:32:20'),(226,510,97,21,960,'2021-11-15 18:06:09','2022-07-17 07:44:31'),(227,174,14,7,2273,'2022-05-19 00:22:21','2022-06-20 04:22:17'),(228,506,59,8,2613,'2021-10-14 12:57:07','2021-12-08 10:16:21'),(229,505,75,2,925,'2021-03-29 10:47:51','2021-09-16 02:16:38'),(230,500,95,8,1111,'2021-04-28 20:03:08','2022-01-13 02:02:08'),(231,543,14,5,1444,'2020-09-10 03:17:21','2022-06-09 15:58:25'),(232,544,30,7,2402,'2020-11-16 18:36:44','2020-11-04 15:56:12'),(233,115,75,7,1655,'2021-11-16 05:49:13','2021-10-15 18:53:29'),(234,396,84,15,2871,'2020-12-20 10:20:45','2021-02-07 05:16:50'),(235,393,5,4,1754,'2020-09-26 18:00:42','2022-09-03 00:02:21'),(236,330,94,19,2765,'2021-03-06 13:45:41','2022-02-08 03:53:42'),(237,362,63,15,2637,'2021-03-09 14:50:34','2021-06-07 11:24:06'),(238,545,11,2,1098,'2021-10-12 04:47:23','2022-07-01 19:36:36'),(239,369,30,24,1292,'2021-01-30 04:27:11','2021-10-26 12:49:07'),(240,540,45,25,1024,'2021-06-22 12:06:01','2021-08-16 14:16:08'),(241,585,4,10,2393,'2020-12-21 00:15:05','2021-06-09 05:48:16'),(242,362,2,1,2077,'2022-08-06 09:19:18','2021-03-09 22:33:27'),(243,164,21,5,941,'2020-11-20 20:00:28','2022-07-15 07:41:31'),(244,369,32,5,938,'2021-01-05 02:07:06','2021-10-12 03:17:29'),(245,419,84,7,947,'2021-06-08 12:22:53','2021-02-22 09:02:45'),(246,276,76,28,2036,'2022-07-25 23:08:14','2022-08-07 07:11:45'),(247,411,40,23,988,'2021-12-16 05:56:20','2021-02-10 09:04:21'),(248,510,50,25,2944,'2021-03-17 09:11:17','2020-11-12 03:00:38'),(249,9,86,1,597,'2021-06-27 03:53:07','2021-05-31 04:40:28'),(250,574,16,2,2949,'2022-08-17 21:48:08','2022-07-31 03:22:50'),(251,223,91,22,2647,'2021-07-23 15:25:14','2022-02-27 05:46:55'),(252,280,39,24,1372,'2022-03-27 20:30:36','2020-12-26 00:34:51'),(253,79,54,14,1121,'2020-11-23 10:58:38','2020-09-20 03:33:27'),(254,422,49,17,1697,'2021-08-28 17:55:52','2021-01-19 11:07:52'),(255,486,69,26,1986,'2021-11-07 02:39:48','2021-06-21 01:02:27'),(256,424,78,17,2965,'2022-06-20 12:38:26','2020-12-27 04:19:33'),(257,24,68,21,599,'2021-04-05 08:29:50','2021-05-04 20:47:53'),(258,167,73,14,1271,'2021-07-07 21:32:10','2021-03-21 18:14:34'),(259,114,78,16,578,'2022-02-03 20:03:24','2022-04-17 07:37:43'),(260,39,65,10,2375,'2022-06-25 20:58:29','2021-11-17 15:54:50'),(261,516,50,24,1819,'2020-12-31 03:27:04','2020-10-08 22:15:29'),(262,5,50,19,2283,'2021-09-10 15:22:57','2022-08-23 01:08:26'),(263,551,67,7,1468,'2022-03-20 23:24:22','2022-05-09 03:15:50'),(264,305,92,12,2120,'2021-02-02 15:36:07','2022-04-10 06:22:38'),(265,505,64,6,1374,'2021-06-29 07:59:18','2022-01-23 17:35:51'),(266,412,58,10,573,'2021-08-28 09:09:50','2022-02-25 02:47:25'),(267,456,98,1,1615,'2021-11-06 10:24:31','2022-07-08 05:33:14'),(268,595,83,26,2436,'2020-12-08 13:45:32','2021-11-15 11:14:26'),(269,129,24,5,622,'2021-12-03 04:54:08','2020-09-16 12:58:01'),(270,241,88,3,797,'2021-07-08 18:13:04','2021-02-11 20:02:28'),(271,60,59,24,1520,'2021-12-31 06:17:15','2021-03-07 12:59:22'),(272,191,77,8,1241,'2021-05-18 20:55:47','2022-05-19 05:41:27'),(273,261,43,13,2225,'2021-03-04 03:41:29','2021-11-08 07:07:34'),(274,64,14,23,2888,'2020-09-27 12:22:00','2022-04-24 08:07:12'),(275,202,56,13,1871,'2021-12-23 10:03:19','2021-08-26 22:30:56'),(276,293,16,6,1690,'2021-02-22 00:48:44','2022-04-20 22:26:25'),(277,178,66,1,1057,'2021-02-07 21:05:36','2022-06-16 10:04:30'),(278,113,10,13,2420,'2022-01-18 12:58:36','2021-04-28 19:52:14'),(279,242,65,5,1082,'2022-06-04 07:00:23','2020-12-14 11:52:56'),(280,468,27,20,2259,'2022-08-24 04:55:24','2022-07-15 01:47:02'),(281,16,96,18,2452,'2020-12-17 07:58:55','2021-03-15 14:20:43'),(282,102,27,17,860,'2021-10-22 23:29:46','2021-10-16 06:16:47'),(283,181,31,19,1796,'2021-07-07 12:27:51','2022-08-18 20:30:37'),(284,91,62,2,1504,'2022-06-27 03:22:35','2021-03-11 05:57:46'),(285,242,10,16,1749,'2022-02-13 14:39:05','2021-02-08 11:11:56'),(286,273,67,22,2938,'2022-05-03 23:06:39','2021-08-10 16:09:24'),(287,18,12,18,2603,'2022-07-25 02:01:34','2020-09-21 00:43:00'),(288,48,90,5,2107,'2021-04-27 20:30:22','2022-07-28 15:40:36'),(289,384,17,24,2276,'2021-02-25 08:07:38','2021-12-31 19:59:46'),(290,357,7,15,1346,'2021-11-21 17:17:14','2022-01-24 11:50:24'),(291,366,59,29,1487,'2022-07-09 14:58:19','2020-12-22 17:13:53'),(292,467,47,27,1431,'2022-03-23 20:23:37','2021-07-15 08:37:12'),(293,118,32,1,567,'2021-03-09 05:29:16','2022-03-15 23:51:56'),(294,55,56,29,2225,'2021-12-23 09:13:50','2021-06-24 14:58:44'),(295,207,29,22,1479,'2020-12-11 23:09:01','2020-12-09 02:09:57'),(296,295,39,3,2476,'2021-11-22 08:26:59','2022-07-25 22:56:12'),(297,527,38,28,1860,'2021-02-09 04:39:35','2021-12-12 23:39:23'),(298,94,96,18,1365,'2022-08-11 02:14:17','2022-03-31 20:29:56'),(299,407,7,4,2085,'2021-03-11 19:32:35','2021-07-31 17:43:58'),(300,584,41,8,577,'2022-03-07 17:38:33','2021-11-18 10:51:28'),(301,36,24,24,505,'2021-12-15 10:00:56','2022-02-04 04:47:53'),(302,528,70,4,1917,'2020-12-22 22:31:13','2020-11-18 12:38:50'),(303,160,99,3,2474,'2021-10-16 08:12:49','2021-03-29 05:43:16'),(304,361,1,5,1372,'2020-09-21 04:49:44','2021-10-25 00:14:21'),(305,302,53,15,2423,'2020-10-10 13:24:13','2021-07-17 09:00:59'),(306,328,96,4,2970,'2021-12-18 20:21:54','2022-07-24 21:14:21'),(307,178,11,28,893,'2020-12-16 23:01:34','2021-07-01 23:20:46'),(308,133,49,2,2762,'2020-09-25 07:18:35','2020-12-03 20:03:25'),(309,186,46,25,2441,'2020-10-15 12:39:34','2022-02-04 02:01:18'),(310,142,23,19,2666,'2022-07-28 11:09:22','2022-06-30 22:44:50'),(311,202,75,18,1913,'2020-12-24 20:43:47','2021-06-24 20:06:27'),(312,391,79,23,980,'2022-01-14 22:09:06','2022-06-24 06:57:54'),(313,280,26,2,855,'2022-04-09 08:32:36','2022-04-24 22:48:51'),(314,445,13,13,1695,'2021-04-17 09:31:00','2022-08-15 15:56:22'),(315,198,58,11,669,'2020-12-26 19:58:22','2022-05-31 02:09:02'),(316,221,28,26,1358,'2022-06-21 02:02:26','2022-05-20 23:52:48'),(317,471,5,17,685,'2021-10-16 13:27:45','2022-07-23 07:57:09'),(318,67,92,9,1989,'2021-02-10 05:27:47','2021-09-08 01:27:52'),(319,23,75,3,2182,'2020-09-23 12:09:09','2021-11-12 20:40:39'),(320,135,79,7,1648,'2020-11-21 06:05:05','2021-01-01 02:32:15'),(321,423,17,10,1738,'2022-08-13 20:30:10','2020-11-28 10:31:32'),(322,551,2,15,2293,'2022-04-12 12:38:46','2022-05-14 17:49:39'),(323,310,70,9,2959,'2021-07-10 03:54:51','2021-08-14 22:01:31'),(324,255,6,27,1022,'2022-05-21 13:00:49','2021-08-27 17:53:19'),(325,567,87,25,565,'2020-11-12 10:14:37','2021-07-24 06:30:36'),(326,387,65,26,1561,'2021-03-19 10:03:25','2021-04-15 00:18:41'),(327,154,59,9,1778,'2022-03-05 17:46:55','2020-11-04 05:48:56'),(328,246,75,6,2183,'2021-10-09 02:09:48','2022-06-22 10:26:12'),(329,249,41,29,1679,'2021-01-29 06:17:55','2020-11-30 09:34:11'),(330,80,62,9,2189,'2021-09-08 17:14:01','2021-10-21 04:57:57'),(331,506,25,3,1660,'2021-09-12 21:42:26','2021-10-17 02:32:26'),(332,83,18,21,1871,'2021-05-13 11:11:49','2021-02-05 04:04:32'),(333,563,62,9,2319,'2022-07-14 13:09:45','2022-07-10 22:55:25'),(334,174,56,14,1632,'2022-08-04 20:05:23','2022-02-23 22:08:49'),(335,276,48,2,2929,'2021-05-06 08:25:01','2022-04-12 00:31:04'),(336,103,31,15,2344,'2022-06-14 23:51:27','2022-05-25 04:19:41'),(337,558,88,18,759,'2022-03-29 14:04:53','2022-06-08 09:53:34'),(338,508,17,24,824,'2021-07-28 05:30:31','2022-08-01 02:36:04'),(339,391,39,16,1246,'2021-12-24 21:50:41','2021-05-11 00:38:41'),(340,87,55,20,2829,'2021-07-31 13:32:07','2022-08-11 03:48:21'),(341,162,46,5,2662,'2022-02-15 11:20:08','2021-06-16 05:53:15'),(342,442,23,2,1585,'2021-06-16 22:52:14','2021-02-24 01:34:06'),(343,232,2,3,2632,'2022-06-20 18:36:10','2022-06-19 04:09:26'),(344,313,12,19,714,'2021-01-26 05:00:32','2021-03-19 15:04:58'),(345,505,81,21,2847,'2021-02-13 04:18:25','2022-04-07 21:26:56'),(346,3,8,23,1247,'2022-02-01 14:15:41','2021-03-24 08:25:15'),(347,500,71,2,2413,'2021-03-19 17:23:23','2022-03-11 19:37:11'),(348,71,18,1,2108,'2020-11-05 13:06:01','2021-10-01 08:57:10'),(349,258,12,3,566,'2020-12-05 12:04:27','2021-12-07 08:25:43'),(350,549,97,11,2784,'2021-09-12 22:16:12','2021-08-09 03:20:30'),(351,395,95,24,2474,'2021-09-24 12:23:46','2021-04-06 20:44:27'),(352,496,28,28,2201,'2020-12-25 14:35:29','2021-05-28 04:56:56'),(353,28,26,29,1278,'2020-11-20 01:51:56','2021-06-13 22:31:00'),(354,277,46,23,2469,'2021-01-07 23:13:14','2022-07-03 01:16:10'),(355,59,15,15,2680,'2021-02-20 19:21:47','2020-10-01 19:50:43'),(356,592,90,2,1481,'2021-03-17 11:01:05','2021-06-30 10:31:08'),(357,160,81,1,2424,'2022-01-25 10:19:26','2021-01-19 06:33:50'),(358,226,17,19,1993,'2022-08-01 20:45:45','2021-12-22 21:24:21'),(359,229,47,6,643,'2021-03-16 17:27:22','2022-06-09 15:30:48'),(360,141,88,10,2131,'2021-07-04 02:36:39','2021-12-29 14:15:20'),(361,252,53,21,1883,'2020-11-16 11:53:30','2022-02-01 19:20:53'),(362,224,44,23,2523,'2021-02-15 04:18:09','2022-05-30 09:34:31'),(363,468,93,7,2264,'2020-10-25 09:21:20','2020-10-13 05:29:16'),(364,56,5,14,2006,'2022-02-23 14:39:39','2021-07-16 23:23:39'),(365,398,51,18,2040,'2022-08-19 22:06:32','2021-10-22 18:32:55'),(366,364,75,18,2851,'2021-01-06 11:09:20','2021-07-18 18:47:35'),(367,456,34,24,2838,'2021-01-10 10:22:40','2021-03-17 23:17:18'),(368,13,27,19,817,'2021-10-16 11:08:23','2021-10-31 15:25:53'),(369,157,44,14,689,'2022-08-25 10:53:39','2020-12-29 12:20:01'),(370,183,75,14,2799,'2021-12-12 17:21:20','2022-07-30 11:15:49'),(371,233,73,28,2030,'2022-06-23 21:24:21','2020-11-18 04:48:20'),(372,18,9,25,1216,'2022-02-20 11:36:56','2021-12-27 20:26:10'),(373,473,96,21,987,'2022-04-15 20:07:13','2021-04-11 17:37:49'),(374,407,6,24,1924,'2021-03-11 12:41:26','2022-05-31 10:48:23'),(375,474,72,28,1055,'2021-10-14 23:34:53','2020-10-15 21:06:34'),(376,85,94,1,855,'2022-07-20 02:17:23','2022-07-26 21:46:52'),(377,38,40,3,1418,'2022-01-11 05:44:25','2021-03-28 23:40:32'),(378,496,18,29,2235,'2020-11-05 06:49:49','2021-08-06 15:28:52'),(379,122,91,14,2916,'2021-04-23 14:18:19','2021-09-30 11:36:46'),(380,25,66,10,1644,'2020-12-24 08:01:20','2022-01-21 13:50:05'),(381,137,12,1,2809,'2022-03-15 00:42:43','2021-01-13 10:47:34'),(382,364,20,24,1454,'2022-03-13 22:48:18','2020-09-15 10:50:06'),(383,411,14,25,2333,'2021-07-11 03:12:57','2021-01-17 23:36:12'),(384,122,69,7,1605,'2021-01-29 21:58:47','2022-05-25 08:50:10'),(385,65,6,12,2997,'2022-07-31 13:48:41','2021-07-26 13:05:24'),(386,24,43,1,2762,'2021-12-08 13:16:42','2021-03-17 06:29:09'),(387,102,99,27,2585,'2020-10-28 17:37:30','2021-03-23 13:11:26'),(388,35,3,14,756,'2021-06-02 04:19:20','2021-10-05 12:44:16'),(389,152,65,13,2789,'2022-03-24 06:03:42','2021-02-06 02:16:50'),(390,191,88,1,1711,'2022-08-03 11:46:15','2022-09-05 06:13:23'),(391,576,37,9,1150,'2021-11-19 05:46:33','2022-08-20 17:37:35'),(392,50,74,5,2047,'2021-07-13 00:03:36','2021-12-05 08:47:21'),(393,311,71,24,653,'2021-08-25 05:31:44','2021-05-16 14:07:14'),(394,411,68,2,2125,'2021-06-26 15:31:06','2022-02-07 02:13:24'),(395,445,80,15,2391,'2021-02-07 01:30:22','2021-07-29 15:31:46'),(396,405,85,2,2053,'2022-06-19 18:14:13','2021-04-06 09:44:37'),(397,197,6,3,1324,'2022-02-27 13:05:15','2021-11-02 15:22:18'),(398,304,96,16,513,'2022-01-16 01:07:24','2020-10-03 03:08:52'),(399,246,2,29,2261,'2021-10-12 18:28:02','2021-10-13 20:31:49'),(400,206,47,28,1467,'2020-12-27 08:38:26','2021-03-05 02:32:34'),(401,441,35,13,2625,'2022-07-14 01:53:16','2022-07-21 08:19:39'),(402,173,65,11,2114,'2022-02-20 01:01:57','2021-11-15 02:15:57'),(403,40,62,18,2898,'2021-02-03 21:28:56','2021-12-25 21:44:30'),(404,229,28,6,2647,'2021-02-03 21:03:19','2021-05-14 21:50:40'),(405,461,19,2,2670,'2021-09-11 14:19:35','2021-05-06 12:06:30'),(406,337,28,22,1457,'2021-04-14 21:42:57','2020-10-10 18:07:05'),(407,454,27,19,951,'2021-08-01 19:51:05','2021-05-10 20:02:17'),(408,131,85,11,1482,'2020-09-22 08:32:47','2020-11-30 12:55:34'),(409,153,71,13,801,'2022-07-16 12:53:46','2021-07-16 20:49:43'),(410,391,43,3,951,'2021-02-28 04:12:53','2021-04-23 05:00:38'),(411,8,6,6,2826,'2021-07-29 21:01:36','2021-04-17 13:16:20'),(412,402,2,21,2539,'2022-02-26 22:00:22','2021-12-02 08:52:38'),(413,241,21,26,1597,'2021-11-14 04:02:46','2021-03-26 05:26:44'),(414,215,70,16,609,'2022-06-02 02:43:55','2022-06-11 12:54:37'),(415,34,75,4,1684,'2021-02-19 11:00:04','2020-09-12 13:21:55'),(416,78,66,28,2944,'2021-03-04 06:34:43','2021-11-11 07:42:05'),(417,96,65,13,826,'2020-10-03 00:36:48','2022-03-10 12:01:53'),(418,520,15,16,1647,'2022-05-09 22:18:56','2021-03-23 05:33:34'),(419,26,57,17,1833,'2021-02-05 21:07:31','2021-02-07 23:16:05'),(420,85,60,21,1886,'2021-10-30 09:40:38','2021-03-03 19:33:05'),(421,489,79,4,1662,'2020-11-17 10:21:35','2022-02-04 02:09:41'),(422,312,61,24,2711,'2021-08-10 19:25:51','2021-04-07 06:44:48'),(423,213,1,10,2181,'2021-02-27 08:35:26','2022-01-24 00:26:11'),(424,341,75,13,2435,'2021-07-08 18:23:20','2022-01-08 06:53:06'),(425,442,8,21,987,'2022-08-08 22:32:23','2021-07-30 12:57:30'),(426,320,44,5,2338,'2020-11-13 04:41:11','2021-04-29 08:51:25'),(427,542,5,3,1824,'2022-02-04 09:21:38','2020-09-10 14:11:05'),(428,286,27,5,2846,'2021-01-02 09:19:04','2021-05-31 12:36:24'),(429,505,23,10,2693,'2022-08-25 15:52:49','2021-10-02 22:13:25'),(430,282,18,26,1002,'2022-07-08 05:49:13','2022-06-02 13:02:30'),(431,175,96,10,896,'2022-05-01 02:00:02','2021-04-20 00:58:59'),(432,442,20,6,609,'2021-08-25 09:21:55','2021-02-26 01:56:02'),(433,577,80,8,2929,'2022-08-29 11:45:24','2021-02-07 17:46:32'),(434,83,93,1,1816,'2020-09-22 20:32:00','2021-10-13 14:52:36'),(435,328,44,8,2082,'2022-02-10 19:06:01','2022-09-02 06:39:44'),(436,245,99,15,2692,'2020-09-25 01:12:27','2022-08-04 19:58:23'),(437,7,7,25,2069,'2021-10-13 09:11:35','2021-04-02 12:58:20'),(438,229,25,6,2755,'2021-10-14 18:41:29','2021-03-02 18:10:02'),(439,254,52,23,1982,'2020-09-23 21:08:58','2020-12-29 15:45:47'),(440,61,43,13,1063,'2021-12-26 05:24:00','2021-08-14 00:48:56'),(441,44,62,15,1962,'2022-03-25 12:07:56','2021-09-28 13:57:24'),(442,586,64,16,2194,'2020-09-26 10:02:36','2021-05-27 08:58:44'),(443,83,15,16,1911,'2020-12-08 03:08:16','2021-04-06 05:50:25'),(444,593,45,11,633,'2021-07-01 01:21:01','2021-03-24 03:52:59'),(445,392,45,4,2152,'2020-09-15 04:41:09','2022-07-10 16:06:09'),(446,285,48,23,728,'2021-12-05 09:41:57','2021-04-22 06:25:43'),(447,501,65,24,1280,'2021-10-31 23:39:27','2021-06-17 02:31:01'),(448,141,50,18,1606,'2022-01-15 02:38:45','2021-02-02 07:52:28'),(449,148,97,26,2986,'2022-07-16 10:37:30','2021-06-01 20:17:45'),(450,342,61,4,1792,'2021-05-28 14:23:39','2021-09-26 06:41:48'),(451,491,25,18,2904,'2020-12-06 17:16:29','2021-11-22 02:48:01'),(452,469,40,21,2924,'2021-11-19 01:54:59','2022-07-24 18:20:55'),(453,4,92,16,643,'2020-10-23 18:42:32','2021-11-23 19:18:57'),(454,292,16,6,834,'2022-01-18 07:36:24','2022-07-19 06:53:08'),(455,543,83,4,1636,'2022-08-06 01:00:55','2021-11-11 07:38:39'),(456,513,24,3,1549,'2021-01-28 15:13:57','2020-12-01 11:40:54'),(457,294,91,13,1670,'2021-07-27 08:16:33','2021-11-12 20:46:12'),(458,446,3,13,2039,'2021-02-23 19:22:41','2022-03-01 05:38:30'),(459,358,30,25,2666,'2021-07-28 03:38:22','2020-09-28 04:05:38'),(460,84,34,25,2847,'2020-10-06 13:20:49','2020-11-04 18:30:04'),(461,586,49,4,1454,'2021-01-12 10:05:46','2021-08-19 19:08:26'),(462,477,32,10,1595,'2020-12-18 22:48:06','2021-03-29 19:19:17'),(463,199,88,15,1268,'2022-06-18 18:27:32','2022-08-11 03:35:10'),(464,514,32,8,2256,'2022-07-31 23:54:26','2021-04-25 16:02:40'),(465,490,55,26,1050,'2022-02-14 11:04:11','2020-10-04 10:23:54'),(466,410,17,23,2020,'2021-04-07 13:00:29','2022-08-30 19:42:00'),(467,62,46,13,1310,'2022-04-27 00:32:22','2022-06-19 11:20:25'),(468,177,7,21,2536,'2021-05-16 01:41:38','2022-05-05 02:48:56'),(469,207,64,9,876,'2022-04-05 16:03:36','2022-06-18 15:56:09'),(470,365,44,25,2115,'2021-03-13 14:46:49','2022-02-17 13:36:44'),(471,599,86,9,2406,'2021-02-18 04:39:57','2021-07-03 23:17:23'),(472,160,12,20,2950,'2021-01-15 04:33:29','2021-05-18 13:20:38'),(473,131,46,7,2083,'2022-06-25 19:45:01','2020-10-23 08:54:31'),(474,114,64,19,1352,'2022-07-11 10:33:07','2022-08-27 06:41:01'),(475,177,18,8,2060,'2020-12-17 10:15:26','2021-04-09 05:41:35'),(476,241,65,9,2186,'2022-03-20 07:33:23','2021-07-18 21:35:38'),(477,76,92,8,2779,'2021-10-05 06:47:07','2021-04-06 14:45:09'),(478,280,17,18,1353,'2022-02-17 15:58:57','2022-01-13 02:23:00'),(479,373,24,18,1705,'2021-03-23 17:56:44','2021-12-28 20:28:37'),(480,270,6,9,2372,'2021-02-07 22:39:49','2021-02-26 23:45:59'),(481,469,19,2,1858,'2021-11-20 13:34:35','2021-10-02 05:11:27'),(482,307,31,7,1414,'2021-04-14 00:46:21','2021-11-25 23:36:51'),(483,181,71,29,2117,'2022-01-11 10:44:28','2022-06-25 21:05:25'),(484,84,46,21,2102,'2020-11-10 03:02:20','2020-12-06 07:55:36'),(485,336,54,11,1375,'2022-06-30 14:19:13','2022-07-29 08:29:34'),(486,436,88,10,1685,'2022-06-16 22:49:01','2020-11-27 08:00:32'),(487,504,17,19,884,'2022-05-15 22:22:28','2021-05-09 20:58:06'),(488,321,16,28,1302,'2020-12-13 12:47:20','2022-02-22 22:26:07'),(489,272,73,11,619,'2021-02-04 05:49:41','2020-12-27 04:17:46'),(490,22,70,20,2767,'2022-02-26 20:04:01','2021-09-26 00:20:46'),(491,138,35,11,2386,'2022-02-23 19:57:24','2022-05-05 14:46:16'),(492,413,71,23,1721,'2020-11-28 18:50:49','2022-02-02 17:27:59'),(493,149,12,4,2480,'2021-07-21 19:41:27','2022-03-18 10:06:56'),(494,490,50,12,2981,'2022-05-27 11:43:54','2022-04-12 08:22:11'),(495,339,1,2,693,'2020-09-24 16:00:21','2022-03-14 07:19:30'),(496,273,10,12,1182,'2021-11-30 08:49:53','2021-07-20 21:03:20'),(497,156,89,19,1077,'2021-11-29 22:03:16','2022-05-22 21:45:48'),(498,107,55,19,1481,'2021-07-15 19:41:36','2021-08-17 14:29:48'),(499,75,5,1,545,'2022-03-14 22:03:15','2022-08-05 23:13:17'),(500,594,75,23,1140,'2020-12-09 01:49:28','2021-10-11 11:06:54'),(501,481,92,2,544,'2020-10-22 22:43:22','2022-06-10 09:07:01'),(502,166,77,17,2657,'2021-10-29 03:52:22','2021-12-27 23:29:46'),(503,235,56,19,2840,'2022-01-17 15:19:57','2020-10-24 02:42:51'),(504,111,25,12,2694,'2022-05-09 19:50:42','2021-12-16 01:31:20'),(505,100,47,5,694,'2021-05-25 11:23:45','2021-02-23 19:50:36'),(506,225,53,13,1042,'2021-09-09 05:43:14','2022-08-14 07:42:30'),(507,94,59,4,1081,'2021-05-05 06:45:42','2022-09-04 08:05:25'),(508,352,40,27,1442,'2021-02-07 07:30:45','2021-05-27 21:34:12'),(509,576,86,11,744,'2021-04-17 07:17:09','2021-08-09 02:53:48'),(510,92,32,19,2327,'2022-03-22 04:46:11','2021-11-04 20:13:40'),(511,142,94,16,2213,'2020-11-24 02:05:54','2021-03-16 23:31:07'),(512,346,63,27,1207,'2021-08-09 01:07:36','2022-06-24 20:40:42'),(513,140,25,26,1812,'2022-06-21 13:00:10','2021-02-26 06:26:09'),(514,65,63,12,654,'2021-05-28 04:55:14','2021-11-26 20:37:28'),(515,168,74,13,605,'2020-12-18 17:28:13','2020-09-28 23:02:10'),(516,514,71,25,1897,'2022-05-31 03:14:04','2020-12-29 17:54:50'),(517,367,52,26,2389,'2022-05-06 14:36:51','2022-02-19 05:31:16'),(518,560,96,13,685,'2020-12-29 09:58:51','2020-10-28 06:12:17'),(519,544,77,17,1700,'2021-12-25 08:27:10','2021-11-21 17:35:43'),(520,303,13,7,514,'2021-12-03 21:31:46','2021-02-21 04:29:49'),(521,534,77,15,1965,'2022-06-27 00:30:15','2021-05-15 15:20:49'),(522,451,61,3,1095,'2020-10-17 23:57:34','2021-11-30 15:30:50'),(523,255,46,8,536,'2020-09-26 19:46:31','2021-05-14 01:40:58'),(524,545,88,20,1778,'2022-06-06 11:08:50','2021-06-30 08:36:33'),(525,572,38,15,2062,'2020-09-12 20:13:59','2022-02-08 13:31:29'),(526,355,35,3,2120,'2021-07-27 23:23:38','2022-06-07 07:59:19'),(527,393,70,1,1867,'2021-01-11 02:12:36','2022-05-09 05:49:24'),(528,409,51,12,1440,'2021-12-27 19:37:29','2021-06-22 07:46:37'),(529,423,29,2,2712,'2021-09-22 00:51:37','2022-04-24 11:58:44'),(530,192,72,11,1157,'2021-04-17 15:46:58','2021-01-04 18:57:50'),(531,475,67,12,669,'2022-07-24 07:17:12','2021-07-30 22:21:43'),(532,596,99,11,883,'2022-06-13 14:52:54','2021-03-25 11:01:36'),(533,121,19,15,2024,'2022-07-20 11:38:52','2021-08-16 04:41:50'),(534,514,50,19,1769,'2022-05-20 01:13:30','2022-01-13 01:44:34'),(535,155,72,3,1333,'2021-04-16 19:51:17','2021-04-14 11:12:58'),(536,406,47,11,1422,'2022-03-10 09:29:43','2021-12-12 10:51:12'),(537,68,15,11,866,'2021-06-13 18:29:52','2022-05-01 18:41:02'),(538,230,92,27,1230,'2021-02-05 04:32:11','2021-03-05 21:53:48'),(539,336,82,12,1272,'2021-06-11 07:30:12','2020-09-12 09:57:52'),(540,591,61,22,653,'2021-01-03 09:47:57','2021-08-22 16:07:29'),(541,43,9,4,2570,'2022-05-01 04:58:21','2021-09-12 05:40:28'),(542,97,58,3,1473,'2021-10-22 08:51:32','2022-01-16 18:56:16'),(543,423,94,26,1952,'2021-11-15 00:48:33','2021-05-15 09:54:51'),(544,153,75,3,2976,'2021-04-10 11:59:24','2022-02-02 22:25:22'),(545,283,45,23,2355,'2021-11-03 21:05:17','2022-09-01 01:02:43'),(546,173,38,6,1507,'2022-06-12 14:37:43','2020-09-09 21:57:44'),(547,386,33,23,2528,'2022-04-23 03:02:42','2021-05-12 01:43:00'),(548,268,47,3,809,'2020-12-20 10:39:37','2020-12-04 09:36:58'),(549,96,46,12,1431,'2022-07-07 15:04:56','2020-10-07 22:14:35'),(550,456,81,25,2758,'2021-03-09 01:41:25','2021-05-08 15:40:11'),(551,494,93,6,1048,'2021-07-02 10:51:15','2021-07-15 18:14:19'),(552,477,17,7,879,'2021-05-21 05:05:47','2021-07-30 00:29:57'),(553,526,71,6,2607,'2021-05-09 05:17:07','2022-03-17 02:37:28'),(554,15,64,4,676,'2022-08-25 05:19:16','2022-05-24 12:08:31'),(555,583,2,17,815,'2020-11-05 17:12:29','2021-11-10 05:21:52'),(556,535,6,29,921,'2022-01-29 03:20:08','2021-06-09 00:50:51'),(557,47,15,7,1734,'2022-02-09 04:33:39','2021-02-27 04:41:58'),(558,341,74,9,2744,'2021-04-30 03:17:05','2021-05-05 12:05:18'),(559,476,74,3,641,'2022-07-15 12:52:07','2022-04-04 02:49:50'),(560,361,93,23,2083,'2022-07-21 23:41:06','2022-08-25 23:51:21'),(561,256,49,15,2947,'2022-08-06 19:53:00','2021-05-26 16:01:56'),(562,105,35,29,1774,'2022-08-14 06:43:57','2021-01-18 09:16:20'),(563,43,14,3,1456,'2021-06-15 04:58:33','2021-04-03 12:47:37'),(564,295,32,5,1973,'2021-07-24 13:44:24','2022-04-30 18:50:59'),(565,288,76,12,2852,'2021-11-08 01:05:33','2020-10-30 20:09:16'),(566,454,42,17,1667,'2022-04-28 10:22:13','2022-05-27 09:12:19'),(567,345,86,2,1761,'2021-12-24 20:49:23','2022-05-12 13:11:39'),(568,276,66,20,1406,'2021-12-06 14:38:37','2022-04-06 10:40:37'),(569,278,56,21,1628,'2020-09-21 18:59:12','2022-01-07 23:07:57'),(570,550,19,15,2142,'2022-02-18 08:56:53','2022-02-26 23:17:15'),(571,15,95,22,1254,'2021-01-02 19:26:44','2021-04-05 14:26:48'),(572,115,40,22,2646,'2020-11-09 20:45:34','2022-01-23 21:57:42'),(573,68,74,23,2508,'2021-07-21 21:56:51','2022-08-04 17:24:31'),(574,26,54,5,2659,'2020-10-24 14:52:56','2022-08-25 14:12:41'),(575,557,99,7,1327,'2021-05-04 06:48:18','2021-02-19 07:03:28'),(576,121,84,15,1990,'2021-07-11 08:14:57','2021-09-01 15:25:35'),(577,7,36,16,2991,'2021-10-13 18:50:51','2022-04-17 23:01:41'),(578,312,81,10,2059,'2021-07-26 13:21:13','2022-02-07 11:48:38'),(579,169,34,2,1484,'2021-02-14 04:11:53','2020-10-31 03:13:27'),(580,246,98,22,838,'2022-08-18 18:43:37','2021-07-11 11:49:36'),(581,11,33,18,1267,'2021-11-25 22:20:47','2021-05-05 23:36:57'),(582,144,8,1,671,'2021-02-12 12:21:50','2022-08-18 20:35:38'),(583,273,40,26,796,'2021-08-06 14:17:39','2020-12-18 02:00:58'),(584,95,32,18,2721,'2022-06-22 13:55:43','2021-05-09 19:57:00'),(585,281,74,23,1363,'2022-06-26 12:52:27','2021-12-08 11:39:11'),(586,141,87,8,1794,'2021-02-05 11:25:41','2022-02-19 20:13:07'),(587,7,91,25,699,'2022-06-26 15:28:06','2021-04-20 12:28:52'),(588,174,93,13,994,'2022-02-07 17:26:57','2022-03-08 10:11:30'),(589,376,9,15,551,'2020-09-25 09:07:28','2022-02-05 02:48:57'),(590,271,73,27,1739,'2022-08-28 14:53:09','2021-11-13 04:49:52'),(591,247,58,17,2023,'2021-03-24 19:24:25','2022-04-30 01:27:06'),(592,546,29,19,1769,'2022-04-27 14:46:08','2022-06-19 21:04:14'),(593,113,48,14,2981,'2022-08-21 17:29:14','2021-12-24 21:40:50'),(594,548,67,25,1327,'2021-07-30 03:02:15','2021-05-15 06:25:40'),(595,526,82,4,2178,'2022-01-29 20:56:33','2021-09-19 07:41:58'),(596,300,39,20,2129,'2022-04-06 19:22:07','2021-12-20 10:17:36'),(597,382,37,6,1490,'2020-12-23 04:22:16','2022-02-04 11:30:58'),(598,81,61,19,1602,'2020-12-29 00:21:27','2020-12-28 09:02:20'),(599,226,17,26,2924,'2020-10-18 07:55:02','2021-04-07 14:41:34'),(600,56,19,7,721,'2021-05-03 15:27:22','2021-04-17 14:53:38');
/*!40000 ALTER TABLE `orders_products` ENABLE KEYS */;
UNLOCK TABLES;
/*!40103 SET TIME_ZONE=@OLD_TIME_ZONE */;

/*!40101 SET SQL_MODE=@OLD_SQL_MODE */;
/*!40014 SET FOREIGN_KEY_CHECKS=@OLD_FOREIGN_KEY_CHECKS */;
/*!40014 SET UNIQUE_CHECKS=@OLD_UNIQUE_CHECKS */;
/*!40101 SET CHARACTER_SET_CLIENT=@OLD_CHARACTER_SET_CLIENT */;
/*!40101 SET CHARACTER_SET_RESULTS=@OLD_CHARACTER_SET_RESULTS */;
/*!40101 SET COLLATION_CONNECTION=@OLD_COLLATION_CONNECTION */;
/*!40111 SET SQL_NOTES=@OLD_SQL_NOTES */;

-- Dump completed on 2022-09-14 19:50:14



###Orders Products creation and data import end###


###Delivery status creation and data import start###


-- MySQL dump 10.13  Distrib 8.0.30, for Win64 (x86_64)
--
-- Host: 127.0.0.1    Database: online_clothing_store
-- ------------------------------------------------------
-- Server version	8.0.30

/*!40101 SET @OLD_CHARACTER_SET_CLIENT=@@CHARACTER_SET_CLIENT */;
/*!40101 SET @OLD_CHARACTER_SET_RESULTS=@@CHARACTER_SET_RESULTS */;
/*!40101 SET @OLD_COLLATION_CONNECTION=@@COLLATION_CONNECTION */;
/*!50503 SET NAMES utf8 */;
/*!40103 SET @OLD_TIME_ZONE=@@TIME_ZONE */;
/*!40103 SET TIME_ZONE='+00:00' */;
/*!40014 SET @OLD_UNIQUE_CHECKS=@@UNIQUE_CHECKS, UNIQUE_CHECKS=0 */;
/*!40014 SET @OLD_FOREIGN_KEY_CHECKS=@@FOREIGN_KEY_CHECKS, FOREIGN_KEY_CHECKS=0 */;
/*!40101 SET @OLD_SQL_MODE=@@SQL_MODE, SQL_MODE='NO_AUTO_VALUE_ON_ZERO' */;
/*!40111 SET @OLD_SQL_NOTES=@@SQL_NOTES, SQL_NOTES=0 */;

--
-- Table structure for table `delivery_status`
--

DROP TABLE IF EXISTS `delivery_status`;
/*!40101 SET @saved_cs_client     = @@character_set_client */;
/*!50503 SET character_set_client = utf8mb4 */;
CREATE TABLE `delivery_status` (
  `delivery_id` bigint NOT NULL AUTO_INCREMENT,
  `order_id` bigint NOT NULL,
  `delivered_date` datetime DEFAULT NULL,
  `delivery_status` enum('new','processed','shipped','delivered','cancelled','delayed','returned') NOT NULL,
  `createdAt` datetime DEFAULT NULL,
  `updatedAt` datetime DEFAULT NULL,
  `payment_status` tinyint NOT NULL DEFAULT '0',
  `returned_reason` enum('none','damaged goods','wrong size','wrong product') DEFAULT NULL,
  `returned_date` datetime DEFAULT NULL,
  PRIMARY KEY (`delivery_id`),
  KEY `fk_order_status` (`order_id`),
  CONSTRAINT `fk_order_status` FOREIGN KEY (`order_id`) REFERENCES `orders` (`order_id`),
  CONSTRAINT `CK_Delivery_Date` CHECK ((`returned_date` <= (`delivered_date` + interval 7 day)))
) ENGINE=InnoDB AUTO_INCREMENT=601 DEFAULT CHARSET=utf8mb4 COLLATE=utf8mb4_0900_ai_ci;
/*!40101 SET character_set_client = @saved_cs_client */;

--
-- Dumping data for table `delivery_status`
--

LOCK TABLES `delivery_status` WRITE;
/*!40000 ALTER TABLE `delivery_status` DISABLE KEYS */;
INSERT INTO `delivery_status` VALUES (1,71,'2021-06-14 06:15:22','delivered','2021-06-04 06:15:22','2021-06-21 06:15:22',1,'none',NULL),(2,110,'2009-02-06 17:20:13','returned','2009-01-27 17:20:13','2009-02-13 17:20:13',0,'wrong size','2009-02-11 17:20:13'),(3,125,'2014-09-10 21:11:19','delayed','2014-08-31 21:11:19','2014-09-17 21:11:19',0,'none',NULL),(4,48,'2002-01-11 22:06:39','delayed','2002-01-01 22:06:39','2002-01-18 22:06:39',0,'none',NULL),(5,184,'2020-05-27 04:17:12','delivered','2020-05-17 04:17:12','2020-06-03 04:17:12',1,'none',NULL),(6,543,'2010-02-03 19:36:38','delivered','2010-01-24 19:36:38','2010-02-10 19:36:38',0,'none',NULL),(7,78,'2018-03-23 13:17:37','cancelled','2018-03-13 13:17:37','2018-03-30 13:17:37',0,'none',NULL),(8,376,'2022-01-10 15:23:05','cancelled','2021-12-31 15:23:05','2022-01-17 15:23:05',0,'none',NULL),(9,455,'2015-01-08 14:52:36','delivered','2014-12-29 14:52:36','2015-01-15 14:52:36',1,'none',NULL),(10,238,'2012-09-14 14:53:23','shipped','2012-09-04 14:53:23','2012-09-21 14:53:23',0,'none',NULL),(11,523,'2021-05-23 05:23:24','new','2021-05-13 05:23:24',NULL,0,'none',NULL),(12,67,'2015-05-05 08:13:08','new','2015-04-25 08:13:08',NULL,0,'none',NULL),(13,272,'2021-07-05 05:46:52','delayed','2021-06-25 05:46:52','2021-07-12 05:46:52',0,'none',NULL),(14,451,'2008-02-27 01:35:25','cancelled','2008-02-17 01:35:25','2008-03-05 01:35:25',0,'none',NULL),(15,379,'2022-02-27 09:14:43','delivered','2022-02-17 09:14:43','2022-03-06 09:14:43',1,'none',NULL),(16,434,'2005-01-04 22:39:01','processed','2004-12-25 22:39:01','2005-01-11 22:39:01',0,'none',NULL),(17,111,'2000-11-30 00:09:16','new','2000-11-20 00:09:16',NULL,0,'none',NULL),(18,565,'2010-04-14 22:27:17','delivered','2010-04-04 22:27:17','2010-04-21 22:27:17',1,'none',NULL),(19,176,'2012-05-11 20:12:17','processed','2012-05-01 20:12:17','2012-05-18 20:12:17',0,'none',NULL),(20,312,'2022-04-07 22:30:18','shipped','2022-03-28 22:30:18','2022-04-14 22:30:18',0,'none',NULL),(21,367,'2010-04-28 13:50:27','delivered','2010-04-18 13:50:27','2010-05-05 13:50:27',0,'none',NULL),(22,148,'2022-07-09 21:08:54','shipped','2022-06-29 21:08:54','2022-07-16 21:08:54',0,'none',NULL),(23,4,'2003-08-16 12:46:46','processed','2003-08-06 12:46:46','2003-08-23 12:46:46',0,'none',NULL),(24,189,'2013-07-17 03:18:28','delivered','2013-07-07 03:18:28','2013-07-24 03:18:28',0,'none',NULL),(25,66,'2014-01-15 20:04:50','new','2014-01-05 20:04:50',NULL,0,'none',NULL),(26,120,'2016-12-25 15:05:14','processed','2016-12-15 15:05:14','2017-01-01 15:05:14',0,'none',NULL),(27,357,'2006-09-18 13:16:40','shipped','2006-09-08 13:16:40','2006-09-25 13:16:40',0,'none',NULL),(28,26,'2020-04-16 20:15:13','delayed','2020-04-06 20:15:13','2020-04-23 20:15:13',0,'none',NULL),(29,357,'2004-01-20 22:47:51','delayed','2004-01-10 22:47:51','2004-01-27 22:47:51',0,'none',NULL),(30,426,'2000-03-06 17:08:06','new','2000-02-25 17:08:06',NULL,0,'none',NULL),(31,177,'2007-11-13 07:10:31','delivered','2007-11-03 07:10:31','2007-11-20 07:10:31',0,'none',NULL),(32,308,'2005-02-19 03:16:08','shipped','2005-02-09 03:16:08','2005-02-26 03:16:08',0,'none',NULL),(33,215,'2014-01-28 20:04:51','cancelled','2014-01-18 20:04:51','2014-02-04 20:04:51',0,'none',NULL),(34,28,'2002-11-11 05:54:44','delayed','2002-11-01 05:54:44','2002-11-18 05:54:44',0,'none',NULL),(35,441,'2012-10-24 22:55:27','delayed','2012-10-14 22:55:27','2012-10-31 22:55:27',0,'none',NULL),(36,15,'2011-07-09 09:16:42','cancelled','2011-06-29 09:16:42','2011-07-16 09:16:42',0,'none',NULL),(37,172,'2008-07-30 06:13:48','delayed','2008-07-20 06:13:48','2008-08-06 06:13:48',0,'none',NULL),(38,80,'2015-08-22 08:49:05','processed','2015-08-12 08:49:05','2015-08-29 08:49:05',0,'none',NULL),(39,264,'2012-01-18 05:30:11','delivered','2012-01-08 05:30:11','2012-01-25 05:30:11',0,'none',NULL),(40,488,'2019-07-26 14:46:19','delayed','2019-07-16 14:46:19','2019-08-02 14:46:19',0,'none',NULL),(41,333,'2005-01-07 16:32:58','shipped','2004-12-28 16:32:58','2005-01-14 16:32:58',0,'none',NULL),(42,375,'2017-05-11 15:07:09','delayed','2017-05-01 15:07:09','2017-05-18 15:07:09',0,'none',NULL),(43,530,'2019-07-16 09:49:30','new','2019-07-06 09:49:30',NULL,0,'none',NULL),(44,125,'2014-01-31 10:31:31','new','2014-01-21 10:31:31',NULL,0,'none',NULL),(45,451,'2011-12-28 08:38:51','delivered','2011-12-18 08:38:51','2012-01-04 08:38:51',1,'none',NULL),(46,448,'2012-11-12 01:26:27','cancelled','2012-11-02 01:26:27','2012-11-19 01:26:27',0,'none',NULL),(47,333,'2019-08-25 16:26:37','shipped','2019-08-15 16:26:37','2019-09-01 16:26:37',0,'none',NULL),(48,391,'2018-10-18 14:43:06','new','2018-10-08 14:43:06',NULL,0,'none',NULL),(49,557,'2017-10-30 04:09:17','processed','2017-10-20 04:09:17','2017-11-06 04:09:17',0,'none',NULL),(50,566,'2002-02-24 03:46:55','delayed','2002-02-14 03:46:55','2002-03-03 03:46:55',0,'none',NULL),(51,213,'2006-10-21 01:06:20','shipped','2006-10-11 01:06:20','2006-10-28 01:06:20',0,'none',NULL),(52,372,'2005-08-05 08:13:04','cancelled','2005-07-26 08:13:04','2005-08-12 08:13:04',0,'none',NULL),(53,466,'2001-02-24 16:30:54','processed','2001-02-14 16:30:54','2001-03-03 16:30:54',0,'none',NULL),(54,444,'2012-07-27 00:27:30','delayed','2012-07-17 00:27:30','2012-08-03 00:27:30',0,'none',NULL),(55,346,'2003-05-22 20:12:18','shipped','2003-05-12 20:12:18','2003-05-29 20:12:18',0,'none',NULL),(56,150,'2010-12-21 03:02:15','delayed','2010-12-11 03:02:15','2010-12-28 03:02:15',0,'none',NULL),(57,559,'2015-03-23 21:52:21','shipped','2015-03-13 21:52:21','2015-03-30 21:52:21',0,'none',NULL),(58,325,'2019-07-10 13:04:07','delivered','2019-06-30 13:04:07','2019-07-17 13:04:07',1,'none',NULL),(59,185,'2005-12-07 02:52:58','delivered','2005-11-27 02:52:58','2005-12-14 02:52:58',0,'none',NULL),(60,35,'2013-11-14 11:36:18','cancelled','2013-11-04 11:36:18','2013-11-21 11:36:18',0,'none',NULL),(61,196,'2004-01-30 13:30:09','new','2004-01-20 13:30:09',NULL,0,'none',NULL),(62,379,'2019-02-02 18:00:04','processed','2019-01-23 18:00:04','2019-02-09 18:00:04',0,'none',NULL),(63,380,'2003-09-05 18:28:11','processed','2003-08-26 18:28:11','2003-09-12 18:28:11',0,'none',NULL),(64,232,'2016-06-13 02:17:30','delayed','2016-06-03 02:17:30','2016-06-20 02:17:30',0,'none',NULL),(65,193,'2007-06-18 22:29:16','cancelled','2007-06-08 22:29:16','2007-06-25 22:29:16',0,'none',NULL),(66,7,'2011-01-02 04:17:29','delayed','2010-12-23 04:17:29','2011-01-09 04:17:29',0,'none',NULL),(67,528,'2021-02-14 01:24:18','cancelled','2021-02-04 01:24:18','2021-02-21 01:24:18',0,'none',NULL),(68,598,'2007-02-25 14:32:48','new','2007-02-15 14:32:48',NULL,0,'none',NULL),(69,121,'2018-04-15 12:56:44','delayed','2018-04-05 12:56:44','2018-04-22 12:56:44',0,'none',NULL),(70,41,'2013-04-11 15:18:32','shipped','2013-04-01 15:18:32','2013-04-18 15:18:32',0,'none',NULL),(71,555,'2011-06-10 16:24:31','delivered','2011-05-31 16:24:31','2011-06-17 16:24:31',1,'none',NULL),(72,588,'2020-01-28 03:37:31','new','2020-01-18 03:37:31',NULL,0,'none',NULL),(73,438,'2010-09-11 21:36:07','new','2010-09-01 21:36:07',NULL,0,'none',NULL),(74,480,'2020-08-20 13:13:41','delivered','2020-08-10 13:13:41','2020-08-27 13:13:41',0,'none',NULL),(75,45,'2015-02-15 11:57:03','processed','2015-02-05 11:57:03','2015-02-22 11:57:03',0,'none',NULL),(76,589,'2013-12-27 03:52:25','cancelled','2013-12-17 03:52:25','2014-01-03 03:52:25',0,'none',NULL),(77,3,'2013-10-16 10:30:53','cancelled','2013-10-06 10:30:53','2013-10-23 10:30:53',0,'none',NULL),(78,240,'2015-09-21 12:24:51','new','2015-09-11 12:24:51',NULL,0,'none',NULL),(79,165,'2006-01-02 19:08:25','processed','2005-12-23 19:08:25','2006-01-09 19:08:25',0,'none',NULL),(80,240,'2012-05-12 18:20:08','cancelled','2012-05-02 18:20:08','2012-05-19 18:20:08',0,'none',NULL),(81,68,'2016-05-04 18:01:39','processed','2016-04-24 18:01:39','2016-05-11 18:01:39',0,'none',NULL),(82,426,'2019-07-02 02:37:02','delivered','2019-06-22 02:37:02','2019-07-09 02:37:02',1,'none',NULL),(83,345,'2013-01-24 02:40:15','delivered','2013-01-14 02:40:15','2013-01-31 02:40:15',1,'none',NULL),(84,569,'2016-02-10 08:01:07','delayed','2016-01-31 08:01:07','2016-02-17 08:01:07',0,'none',NULL),(85,271,'2022-05-31 13:57:15','returned','2022-05-21 13:57:15','2022-06-07 13:57:15',0,'wrong size','2022-06-05 13:57:15'),(86,37,'2019-11-23 22:00:18','delayed','2019-11-13 22:00:18','2019-11-30 22:00:18',0,'none',NULL),(87,301,'2018-02-19 16:38:39','cancelled','2018-02-09 16:38:39','2018-02-26 16:38:39',0,'none',NULL),(88,520,'2008-04-14 02:14:06','processed','2008-04-04 02:14:06','2008-04-21 02:14:06',0,'none',NULL),(89,213,'2001-05-25 20:05:09','delayed','2001-05-15 20:05:09','2001-06-01 20:05:09',0,'none',NULL),(90,282,'2021-11-30 18:26:14','processed','2021-11-20 18:26:14','2021-12-07 18:26:14',0,'none',NULL),(91,407,'2018-04-01 07:53:49','cancelled','2018-03-22 07:53:49','2018-04-08 07:53:49',0,'none',NULL),(92,144,'2020-07-04 08:42:46','processed','2020-06-24 08:42:46','2020-07-11 08:42:46',0,'none',NULL),(93,357,'2015-01-17 12:37:31','delayed','2015-01-07 12:37:31','2015-01-24 12:37:31',0,'none',NULL),(94,357,'2006-12-04 19:38:17','delayed','2006-11-24 19:38:17','2006-12-11 19:38:17',0,'none',NULL),(95,14,'2020-06-26 12:25:26','cancelled','2020-06-16 12:25:26','2020-07-03 12:25:26',0,'none',NULL),(96,293,'2012-10-26 00:41:51','shipped','2012-10-16 00:41:51','2012-11-02 00:41:51',0,'none',NULL),(97,457,'2005-08-02 21:18:18','delivered','2005-07-23 21:18:18','2005-08-09 21:18:18',1,'none',NULL),(98,236,'2010-10-08 14:35:13','shipped','2010-09-28 14:35:13','2010-10-15 14:35:13',0,'none',NULL),(99,551,'2011-04-12 16:40:58','delayed','2011-04-02 16:40:58','2011-04-19 16:40:58',0,'none',NULL),(100,404,'2012-01-03 08:33:29','delivered','2011-12-24 08:33:29','2012-01-10 08:33:29',0,'none',NULL),(101,18,'2003-02-06 21:50:53','cancelled','2003-01-27 21:50:53','2003-02-13 21:50:53',0,'none',NULL),(102,447,'2005-12-19 04:56:56','delayed','2005-12-09 04:56:56','2005-12-26 04:56:56',0,'none',NULL),(103,397,'2022-05-02 04:32:28','delayed','2022-04-22 04:32:28','2022-05-09 04:32:28',0,'none',NULL),(104,567,'2021-05-12 21:43:21','shipped','2021-05-02 21:43:21','2021-05-19 21:43:21',0,'none',NULL),(105,536,'2017-11-22 05:22:11','delivered','2017-11-12 05:22:11','2017-11-29 05:22:11',1,'none',NULL),(106,440,'2005-12-28 17:34:32','shipped','2005-12-18 17:34:32','2006-01-04 17:34:32',0,'none',NULL),(107,287,'2022-06-20 09:18:38','new','2022-06-10 09:18:38',NULL,0,'none',NULL),(108,201,'2001-04-28 12:23:11','shipped','2001-04-18 12:23:11','2001-05-05 12:23:11',0,'none',NULL),(109,194,'2000-06-15 16:20:46','shipped','2000-06-05 16:20:46','2000-06-22 16:20:46',0,'none',NULL),(110,279,'2005-12-25 06:17:04','cancelled','2005-12-15 06:17:04','2006-01-01 06:17:04',0,'none',NULL),(111,109,'2012-12-02 20:53:53','delivered','2012-11-22 20:53:53','2012-12-09 20:53:53',1,'none',NULL),(112,231,'2006-06-01 20:40:31','processed','2006-05-22 20:40:31','2006-06-08 20:40:31',0,'none',NULL),(113,589,'2021-01-13 16:53:40','processed','2021-01-03 16:53:40','2021-01-20 16:53:40',0,'none',NULL),(114,509,'2014-12-19 05:37:08','processed','2014-12-09 05:37:08','2014-12-26 05:37:08',0,'none',NULL),(115,503,'2021-11-13 16:18:29','delivered','2021-11-03 16:18:29','2021-11-20 16:18:29',0,'none',NULL),(116,453,'2020-02-12 09:50:21','delayed','2020-02-02 09:50:21','2020-02-19 09:50:21',0,'none',NULL),(117,503,'2001-05-03 06:40:22','processed','2001-04-23 06:40:22','2001-05-10 06:40:22',0,'none',NULL),(118,170,'2002-07-28 16:03:01','cancelled','2002-07-18 16:03:01','2002-08-04 16:03:01',0,'none',NULL),(119,27,'2018-02-19 20:44:26','new','2018-02-09 20:44:26',NULL,0,'none',NULL),(120,333,'2016-07-15 13:38:38','delivered','2016-07-05 13:38:38','2016-07-22 13:38:38',1,'none',NULL),(121,443,'2011-04-04 05:01:42','processed','2011-03-25 05:01:42','2011-04-11 05:01:42',0,'none',NULL),(122,254,'2003-01-01 19:38:31','delayed','2002-12-22 19:38:31','2003-01-08 19:38:31',0,'none',NULL),(123,113,'2017-11-04 05:11:57','cancelled','2017-10-25 05:11:57','2017-11-11 05:11:57',0,'none',NULL),(124,366,'2018-11-28 01:01:20','processed','2018-11-18 01:01:20','2018-12-05 01:01:20',0,'none',NULL),(125,49,'2001-09-01 17:10:28','delayed','2001-08-22 17:10:28','2001-09-08 17:10:28',0,'none',NULL),(126,151,'2014-06-30 19:18:31','new','2014-06-20 19:18:31',NULL,0,'none',NULL),(127,324,'2019-07-24 19:29:15','new','2019-07-14 19:29:15',NULL,0,'none',NULL),(128,150,'2017-01-26 18:47:20','cancelled','2017-01-16 18:47:20','2017-02-02 18:47:20',0,'none',NULL),(129,327,'2003-04-12 14:34:55','delivered','2003-04-02 14:34:55','2003-04-19 14:34:55',1,'none',NULL),(130,475,'2007-01-20 16:36:58','shipped','2007-01-10 16:36:58','2007-01-27 16:36:58',0,'none',NULL),(131,362,'2018-08-05 16:11:11','new','2018-07-26 16:11:11',NULL,0,'none',NULL),(132,97,'2006-07-11 06:41:44','shipped','2006-07-01 06:41:44','2006-07-18 06:41:44',0,'none',NULL),(133,198,'2000-07-11 12:15:49','delayed','2000-07-01 12:15:49','2000-07-18 12:15:49',0,'none',NULL),(134,229,'2004-10-16 20:10:25','delivered','2004-10-06 20:10:25','2004-10-23 20:10:25',0,'none',NULL),(135,173,'2004-10-10 14:17:24','shipped','2004-09-30 14:17:24','2004-10-17 14:17:24',0,'none',NULL),(136,199,'2003-11-02 12:42:26','shipped','2003-10-23 12:42:26','2003-11-09 12:42:26',0,'none',NULL),(137,341,'2003-11-12 08:48:55','cancelled','2003-11-02 08:48:55','2003-11-19 08:48:55',0,'none',NULL),(138,360,'2020-05-28 06:51:07','cancelled','2020-05-18 06:51:07','2020-06-04 06:51:07',0,'none',NULL),(139,3,'2005-04-29 13:04:54','new','2005-04-19 13:04:54',NULL,0,'none',NULL),(140,235,'2015-04-20 16:51:28','delivered','2015-04-10 16:51:28','2015-04-27 16:51:28',1,'none',NULL),(141,50,'2007-05-27 12:14:45','new','2007-05-17 12:14:45',NULL,0,'none',NULL),(142,87,'2022-03-26 22:39:35','processed','2022-03-16 22:39:35','2022-04-02 22:39:35',0,'none',NULL),(143,453,'2004-03-02 13:25:46','cancelled','2004-02-21 13:25:46','2004-03-09 13:25:46',0,'none',NULL),(144,310,'2014-02-23 19:01:13','delivered','2014-02-13 19:01:13','2014-03-02 19:01:13',0,'none',NULL),(145,332,'2003-03-27 04:18:10','cancelled','2003-03-17 04:18:10','2003-04-03 04:18:10',0,'none',NULL),(146,498,'2014-01-26 22:49:08','delayed','2014-01-16 22:49:08','2014-02-02 22:49:08',0,'none',NULL),(147,424,'2021-02-24 03:53:33','delivered','2021-02-14 03:53:33','2021-03-03 03:53:33',1,'none',NULL),(148,29,'2019-11-13 15:38:44','new','2019-11-03 15:38:44',NULL,0,'none',NULL),(149,12,'2021-01-10 17:55:33','delivered','2020-12-31 17:55:33','2021-01-17 17:55:33',0,'none',NULL),(150,117,'2008-10-13 16:28:00','delayed','2008-10-03 16:28:00','2008-10-20 16:28:00',0,'none',NULL),(151,4,'2014-03-20 08:32:02','delayed','2014-03-10 08:32:02','2014-03-27 08:32:02',0,'none',NULL),(152,328,'2009-02-03 08:53:58','cancelled','2009-01-24 08:53:58','2009-02-10 08:53:58',0,'none',NULL),(153,228,'2004-02-28 22:00:48','delayed','2004-02-18 22:00:48','2004-03-06 22:00:48',0,'none',NULL),(154,171,'2002-03-21 04:41:45','new','2002-03-11 04:41:45',NULL,0,'none',NULL),(155,276,'2006-10-21 08:04:53','delayed','2006-10-11 08:04:53','2006-10-28 08:04:53',0,'none',NULL),(156,525,'2009-12-06 06:29:25','processed','2009-11-26 06:29:25','2009-12-13 06:29:25',0,'none',NULL),(157,184,'2013-05-10 21:32:43','delayed','2013-04-30 21:32:43','2013-05-17 21:32:43',0,'none',NULL),(158,219,'2016-06-13 15:15:23','processed','2016-06-03 15:15:23','2016-06-20 15:15:23',0,'none',NULL),(159,374,'2018-06-17 21:45:42','delayed','2018-06-07 21:45:42','2018-06-24 21:45:42',0,'none',NULL),(160,164,'2013-04-15 01:00:45','delivered','2013-04-05 01:00:45','2013-04-22 01:00:45',1,'none',NULL),(161,102,'2000-08-09 22:38:55','processed','2000-07-30 22:38:55','2000-08-16 22:38:55',0,'none',NULL),(162,130,'2002-12-18 02:08:25','cancelled','2002-12-08 02:08:25','2002-12-25 02:08:25',0,'none',NULL),(163,441,'2017-11-03 14:29:14','shipped','2017-10-24 14:29:14','2017-11-10 14:29:14',0,'none',NULL),(164,2,'2006-01-25 05:02:29','delayed','2006-01-15 05:02:29','2006-02-01 05:02:29',0,'none',NULL),(165,32,'2014-10-16 16:22:23','new','2014-10-06 16:22:23',NULL,0,'none',NULL),(166,184,'2016-09-18 09:14:18','delivered','2016-09-08 09:14:18','2016-09-25 09:14:18',0,'none',NULL),(167,376,'2015-12-01 01:01:21','delivered','2015-11-21 01:01:21','2015-12-08 01:01:21',1,'none',NULL),(168,574,'2012-05-13 06:29:49','processed','2012-05-03 06:29:49','2012-05-20 06:29:49',0,'none',NULL),(169,97,'2009-06-01 01:36:08','returned','2009-05-22 01:36:08','2009-06-08 01:36:08',0,'damaged goods','2009-06-06 01:36:08'),(170,431,'2004-11-17 17:52:02','delivered','2004-11-07 17:52:02','2004-11-24 17:52:02',0,'none',NULL),(171,40,'2010-04-20 11:37:29','delivered','2010-04-10 11:37:29','2010-04-27 11:37:29',0,'none',NULL),(172,165,'2022-04-19 03:32:12','new','2022-04-09 03:32:12',NULL,0,'none',NULL),(173,480,'2019-01-23 04:00:22','cancelled','2019-01-13 04:00:22','2019-01-30 04:00:22',0,'none',NULL),(174,195,'2021-08-13 18:29:06','new','2021-08-03 18:29:06',NULL,0,'none',NULL),(175,292,'2021-03-01 20:37:21','delivered','2021-02-19 20:37:21','2021-03-08 20:37:21',1,'none',NULL),(176,467,'2002-04-07 02:47:48','cancelled','2002-03-28 02:47:48','2002-04-14 02:47:48',0,'none',NULL),(177,115,'2022-06-04 15:27:10','shipped','2022-05-25 15:27:10','2022-06-11 15:27:10',0,'none',NULL),(178,112,'2005-04-03 10:27:14','processed','2005-03-24 10:27:14','2005-04-10 10:27:14',0,'none',NULL),(179,219,'2018-12-04 09:29:52','cancelled','2018-11-24 09:29:52','2018-12-11 09:29:52',0,'none',NULL),(180,361,'2018-01-08 03:58:19','delayed','2017-12-29 03:58:19','2018-01-15 03:58:19',0,'none',NULL),(181,155,'2013-11-11 13:15:57','delayed','2013-11-01 13:15:57','2013-11-18 13:15:57',0,'none',NULL),(182,384,'2002-04-19 09:46:39','new','2002-04-09 09:46:39',NULL,0,'none',NULL),(183,508,'2012-01-11 19:10:17','delayed','2012-01-01 19:10:17','2012-01-18 19:10:17',0,'none',NULL),(184,223,'2010-01-12 04:29:13','cancelled','2010-01-02 04:29:13','2010-01-19 04:29:13',0,'none',NULL),(185,68,'2010-03-07 01:07:05','shipped','2010-02-25 01:07:05','2010-03-14 01:07:05',0,'none',NULL),(186,407,'2006-06-23 18:57:58','delivered','2006-06-13 18:57:58','2006-06-30 18:57:58',0,'none',NULL),(187,163,'2004-08-31 04:56:37','cancelled','2004-08-21 04:56:37','2004-09-07 04:56:37',0,'none',NULL),(188,249,'2018-02-07 06:54:00','delivered','2018-01-28 06:54:00','2018-02-14 06:54:00',0,'none',NULL),(189,550,'2016-12-21 17:39:48','delivered','2016-12-11 17:39:48','2016-12-28 17:39:48',1,'none',NULL),(190,156,'2003-07-05 19:17:43','shipped','2003-06-25 19:17:43','2003-07-12 19:17:43',0,'none',NULL),(191,539,'2001-01-18 08:57:44','new','2001-01-08 08:57:44',NULL,0,'none',NULL),(192,315,'2000-05-12 04:19:39','shipped','2000-05-02 04:19:39','2000-05-19 04:19:39',0,'none',NULL),(193,543,'2010-08-22 21:39:52','new','2010-08-12 21:39:52',NULL,0,'none',NULL),(194,340,'2010-08-01 01:54:07','delivered','2010-07-22 01:54:07','2010-08-08 01:54:07',1,'none',NULL),(195,396,'2002-01-15 08:29:36','delayed','2002-01-05 08:29:36','2002-01-22 08:29:36',0,'none',NULL),(196,419,'2012-05-06 11:54:32','processed','2012-04-26 11:54:32','2012-05-13 11:54:32',0,'none',NULL),(197,520,'2008-11-28 15:39:01','cancelled','2008-11-18 15:39:01','2008-12-05 15:39:01',0,'none',NULL),(198,103,'2002-10-18 07:55:53','processed','2002-10-08 07:55:53','2002-10-25 07:55:53',0,'none',NULL),(199,586,'2015-11-05 20:03:07','new','2015-10-26 20:03:07',NULL,0,'none',NULL),(200,359,'2020-08-12 10:24:27','cancelled','2020-08-02 10:24:27','2020-08-19 10:24:27',0,'none',NULL),(201,546,'2004-11-15 07:20:19','shipped','2004-11-05 07:20:19','2004-11-22 07:20:19',0,'none',NULL),(202,369,'2001-12-11 12:45:30','delayed','2001-12-01 12:45:30','2001-12-18 12:45:30',0,'none',NULL),(203,477,'2011-05-11 04:22:35','shipped','2011-05-01 04:22:35','2011-05-18 04:22:35',0,'none',NULL),(204,108,'2014-02-24 09:22:50','processed','2014-02-14 09:22:50','2014-03-03 09:22:50',0,'none',NULL),(205,24,'2015-10-10 16:14:50','processed','2015-09-30 16:14:50','2015-10-17 16:14:50',0,'none',NULL),(206,522,'2018-12-06 20:18:16','cancelled','2018-11-26 20:18:16','2018-12-13 20:18:16',0,'none',NULL),(207,541,'2020-11-17 01:42:44','delivered','2020-11-07 01:42:44','2020-11-24 01:42:44',1,'none',NULL),(208,150,'2018-02-25 11:46:45','delivered','2018-02-15 11:46:45','2018-03-04 11:46:45',1,'none',NULL),(209,377,'2002-11-27 07:16:20','delayed','2002-11-17 07:16:20','2002-12-04 07:16:20',0,'none',NULL),(210,525,'2006-09-13 10:58:07','processed','2006-09-03 10:58:07','2006-09-20 10:58:07',0,'none',NULL),(211,290,'2016-08-29 02:07:33','delayed','2016-08-19 02:07:33','2016-09-05 02:07:33',0,'none',NULL),(212,375,'2002-02-19 13:23:27','new','2002-02-09 13:23:27',NULL,0,'none',NULL),(213,69,'2011-05-04 03:20:12','processed','2011-04-24 03:20:12','2011-05-11 03:20:12',0,'none',NULL),(214,150,'2016-10-09 18:26:51','returned','2016-09-29 18:26:51','2016-10-16 18:26:51',0,'wrong size','2016-10-14 18:26:51'),(215,544,'2020-02-13 20:52:28','shipped','2020-02-03 20:52:28','2020-02-20 20:52:28',0,'none',NULL),(216,82,'2006-12-26 13:21:50','delivered','2006-12-16 13:21:50','2007-01-02 13:21:50',0,'none',NULL),(217,134,'2009-04-10 10:12:19','shipped','2009-03-31 10:12:19','2009-04-17 10:12:19',0,'none',NULL),(218,47,'2008-12-30 09:55:17','shipped','2008-12-20 09:55:17','2009-01-06 09:55:17',0,'none',NULL),(219,216,'2005-01-22 17:18:31','cancelled','2005-01-12 17:18:31','2005-01-29 17:18:31',0,'none',NULL),(220,445,'2013-08-09 10:27:52','delayed','2013-07-30 10:27:52','2013-08-16 10:27:52',0,'none',NULL),(221,171,'2017-04-12 16:37:19','cancelled','2017-04-02 16:37:19','2017-04-19 16:37:19',0,'none',NULL),(222,557,'2014-06-05 15:08:27','delayed','2014-05-26 15:08:27','2014-06-12 15:08:27',0,'none',NULL),(223,310,'2011-12-28 04:04:56','cancelled','2011-12-18 04:04:56','2012-01-04 04:04:56',0,'none',NULL),(224,405,'2009-04-22 02:40:20','new','2009-04-12 02:40:20',NULL,0,'none',NULL),(225,484,'2018-07-22 20:23:57','returned','2018-07-12 20:23:57','2018-07-29 20:23:57',0,'wrong product','2018-07-27 20:23:57'),(226,347,'2015-05-10 09:14:38','delayed','2015-04-30 09:14:38','2015-05-17 09:14:38',0,'none',NULL),(227,497,'2022-07-21 03:45:09','delayed','2022-07-11 03:45:09','2022-07-28 03:45:09',0,'none',NULL),(228,554,'2018-03-06 10:56:14','cancelled','2018-02-24 10:56:14','2018-03-13 10:56:14',0,'none',NULL),(229,120,'2007-01-07 21:58:23','processed','2006-12-28 21:58:23','2007-01-14 21:58:23',0,'none',NULL),(230,46,'2001-02-04 03:55:48','delayed','2001-01-25 03:55:48','2001-02-11 03:55:48',0,'none',NULL),(231,448,'2011-03-13 08:58:31','processed','2011-03-03 08:58:31','2011-03-20 08:58:31',0,'none',NULL),(232,419,'2001-10-04 10:16:16','delayed','2001-09-24 10:16:16','2001-10-11 10:16:16',0,'none',NULL),(233,437,'2012-05-04 01:50:16','new','2012-04-24 01:50:16',NULL,0,'none',NULL),(234,234,'2015-11-27 12:31:24','processed','2015-11-17 12:31:24','2015-12-04 12:31:24',0,'none',NULL),(235,558,'2019-09-16 21:30:49','new','2019-09-06 21:30:49',NULL,0,'none',NULL),(236,414,'2011-10-04 05:34:21','delivered','2011-09-24 05:34:21','2011-10-11 05:34:21',0,'none',NULL),(237,584,'2013-08-07 06:33:38','cancelled','2013-07-28 06:33:38','2013-08-14 06:33:38',0,'none',NULL),(238,400,'2012-02-04 01:31:58','delayed','2012-01-25 01:31:58','2012-02-11 01:31:58',0,'none',NULL),(239,518,'2009-03-09 09:49:33','delayed','2009-02-27 09:49:33','2009-03-16 09:49:33',0,'none',NULL),(240,324,'2019-07-09 19:05:14','new','2019-06-29 19:05:14',NULL,0,'none',NULL),(241,334,'2018-09-27 04:43:48','delayed','2018-09-17 04:43:48','2018-10-04 04:43:48',0,'none',NULL),(242,16,'2017-02-10 06:09:01','processed','2017-01-31 06:09:01','2017-02-17 06:09:01',0,'none',NULL),(243,75,'2013-01-09 01:12:16','processed','2012-12-30 01:12:16','2013-01-16 01:12:16',0,'none',NULL),(244,295,'2006-09-30 21:31:26','shipped','2006-09-20 21:31:26','2006-10-07 21:31:26',0,'none',NULL),(245,504,'2006-12-09 08:56:48','delivered','2006-11-29 08:56:48','2006-12-16 08:56:48',0,'none',NULL),(246,548,'2010-09-13 09:20:43','shipped','2010-09-03 09:20:43','2010-09-20 09:20:43',0,'none',NULL),(247,298,'2018-04-29 22:09:19','cancelled','2018-04-19 22:09:19','2018-05-06 22:09:19',0,'none',NULL),(248,280,'2004-04-21 08:27:51','cancelled','2004-04-11 08:27:51','2004-04-28 08:27:51',0,'none',NULL),(249,185,'2002-06-08 17:54:20','delayed','2002-05-29 17:54:20','2002-06-15 17:54:20',0,'none',NULL),(250,125,'2001-09-20 21:34:28','delivered','2001-09-10 21:34:28','2001-09-27 21:34:28',1,'none',NULL),(251,67,'2007-02-22 05:39:55','delivered','2007-02-12 05:39:55','2007-03-01 05:39:55',1,'none',NULL),(252,277,'2019-01-17 21:01:24','delivered','2019-01-07 21:01:24','2019-01-24 21:01:24',0,'none',NULL),(253,352,'2000-05-15 21:52:53','shipped','2000-05-05 21:52:53','2000-05-22 21:52:53',0,'none',NULL),(254,315,'2007-05-14 06:38:27','new','2007-05-04 06:38:27',NULL,0,'none',NULL),(255,539,'2019-09-06 06:26:37','shipped','2019-08-27 06:26:37','2019-09-13 06:26:37',0,'none',NULL),(256,371,'2021-10-20 08:09:15','processed','2021-10-10 08:09:15','2021-10-27 08:09:15',0,'none',NULL),(257,539,'2002-01-26 12:29:14','delivered','2002-01-16 12:29:14','2002-02-02 12:29:14',1,'none',NULL),(258,120,'2007-11-17 06:17:46','delayed','2007-11-07 06:17:46','2007-11-24 06:17:46',0,'none',NULL),(259,450,'2003-06-08 05:22:35','shipped','2003-05-29 05:22:35','2003-06-15 05:22:35',0,'none',NULL),(260,336,'2003-09-03 13:41:21','processed','2003-08-24 13:41:21','2003-09-10 13:41:21',0,'none',NULL),(261,63,'2000-06-19 10:01:52','delivered','2000-06-09 10:01:52','2000-06-26 10:01:52',1,'none',NULL),(262,108,'2009-03-30 12:15:00','delivered','2009-03-20 12:15:00','2009-04-06 12:15:00',1,'none',NULL),(263,60,'2013-12-07 04:03:14','new','2013-11-27 04:03:14',NULL,0,'none',NULL),(264,595,'2003-09-30 12:58:47','new','2003-09-20 12:58:47',NULL,0,'none',NULL),(265,12,'2015-01-09 22:15:10','delayed','2014-12-30 22:15:10','2015-01-16 22:15:10',0,'none',NULL),(266,560,'2008-09-10 20:28:57','shipped','2008-08-31 20:28:57','2008-09-17 20:28:57',0,'none',NULL),(267,262,'2000-04-26 10:52:41','delivered','2000-04-16 10:52:41','2000-05-03 10:52:41',0,'none',NULL),(268,387,'2001-08-26 08:03:12','delivered','2001-08-16 08:03:12','2001-09-02 08:03:12',1,'none',NULL),(269,136,'2001-10-08 07:44:15','shipped','2001-09-28 07:44:15','2001-10-15 07:44:15',0,'none',NULL),(270,81,'2019-05-10 17:00:52','new','2019-04-30 17:00:52',NULL,0,'none',NULL),(271,564,'2007-09-24 07:38:13','new','2007-09-14 07:38:13',NULL,0,'none',NULL),(272,74,'2000-03-14 01:45:13','new','2000-03-04 01:45:13',NULL,0,'none',NULL),(273,451,'2014-12-09 04:18:47','delivered','2014-11-29 04:18:47','2014-12-16 04:18:47',0,'none',NULL),(274,386,'2020-02-16 11:56:16','cancelled','2020-02-06 11:56:16','2020-02-23 11:56:16',0,'none',NULL),(275,236,'2004-09-12 05:03:40','delayed','2004-09-02 05:03:40','2004-09-19 05:03:40',0,'none',NULL),(276,509,'2014-07-15 03:02:54','delivered','2014-07-05 03:02:54','2014-07-22 03:02:54',0,'none',NULL),(277,131,'2021-09-05 05:08:35','new','2021-08-26 05:08:35',NULL,0,'none',NULL),(278,280,'2007-10-17 06:25:22','new','2007-10-07 06:25:22',NULL,0,'none',NULL),(279,253,'2013-07-11 09:15:05','new','2013-07-01 09:15:05',NULL,0,'none',NULL),(280,38,'2016-03-18 00:04:17','new','2016-03-08 00:04:17',NULL,0,'none',NULL),(281,349,'2019-01-13 19:19:45','delivered','2019-01-03 19:19:45','2019-01-20 19:19:45',0,'none',NULL),(282,32,'2019-12-01 01:18:24','shipped','2019-11-21 01:18:24','2019-12-08 01:18:24',0,'none',NULL),(283,82,'2012-04-09 13:38:22','delivered','2012-03-30 13:38:22','2012-04-16 13:38:22',0,'none',NULL),(284,195,'2011-07-12 10:56:08','delivered','2011-07-02 10:56:08','2011-07-19 10:56:08',1,'none',NULL),(285,96,'2007-10-10 06:44:27','delivered','2007-09-30 06:44:27','2007-10-17 06:44:27',1,'none',NULL),(286,169,'2021-08-10 20:51:34','returned','2021-07-31 20:51:34','2021-08-17 20:51:34',0,'wrong product','2021-08-15 20:51:34'),(287,498,'2005-09-09 19:49:22','processed','2005-08-30 19:49:22','2005-09-16 19:49:22',0,'none',NULL),(288,70,'2006-11-11 05:41:28','delivered','2006-11-01 05:41:28','2006-11-18 05:41:28',0,'none',NULL),(289,510,'2021-12-29 12:17:28','returned','2021-12-19 12:17:28','2022-01-05 12:17:28',0,'wrong size','2022-01-03 12:17:28'),(290,427,'2006-03-07 13:22:43','returned','2006-02-25 13:22:43','2006-03-14 13:22:43',0,'wrong product','2006-03-12 13:22:43'),(291,264,'2008-05-11 05:26:37','shipped','2008-05-01 05:26:37','2008-05-18 05:26:37',0,'none',NULL),(292,500,'2012-06-19 13:35:01','delayed','2012-06-09 13:35:01','2012-06-26 13:35:01',0,'none',NULL),(293,191,'2022-08-22 19:21:45','new','2022-08-12 19:21:45',NULL,0,'none',NULL),(294,230,'2008-07-01 19:24:03','cancelled','2008-06-21 19:24:03','2008-07-08 19:24:03',0,'none',NULL),(295,486,'2005-10-20 12:33:07','shipped','2005-10-10 12:33:07','2005-10-27 12:33:07',0,'none',NULL),(296,329,'2011-01-19 14:01:01','delivered','2011-01-09 14:01:01','2011-01-26 14:01:01',1,'none',NULL),(297,511,'2005-06-21 20:19:06','shipped','2005-06-11 20:19:06','2005-06-28 20:19:06',0,'none',NULL),(298,72,'2014-10-03 20:01:56','shipped','2014-09-23 20:01:56','2014-10-10 20:01:56',0,'none',NULL),(299,336,'2008-10-07 17:58:41','returned','2008-09-27 17:58:41','2008-10-14 17:58:41',0,'wrong product','2008-10-12 17:58:41'),(300,179,'2010-10-29 19:49:36','returned','2010-10-19 19:49:36','2010-11-05 19:49:36',0,'wrong size','2010-11-03 19:49:36'),(301,90,'2022-05-06 13:51:56','shipped','2022-04-26 13:51:56','2022-05-13 13:51:56',0,'none',NULL),(302,26,'2003-01-26 09:05:26','delayed','2003-01-16 09:05:26','2003-02-02 09:05:26',0,'none',NULL),(303,202,'2003-11-17 04:05:30','processed','2003-11-07 04:05:30','2003-11-24 04:05:30',0,'none',NULL),(304,228,'2015-05-16 00:10:23','new','2015-05-06 00:10:23',NULL,0,'none',NULL),(305,313,'2018-04-12 21:34:58','returned','2018-04-02 21:34:58','2018-04-19 21:34:58',0,'damaged goods','2018-04-17 21:34:58'),(306,353,'2011-05-17 00:38:00','returned','2011-05-07 00:38:00','2011-05-24 00:38:00',0,'damaged goods','2011-05-22 00:38:00'),(307,480,'2022-08-07 04:19:29','cancelled','2022-07-28 04:19:29','2022-08-14 04:19:29',0,'none',NULL),(308,363,'2009-02-05 21:12:28','new','2009-01-26 21:12:28',NULL,0,'none',NULL),(309,101,'2009-08-08 04:53:29','returned','2009-07-29 04:53:29','2009-08-15 04:53:29',0,'wrong size','2009-08-13 04:53:29'),(310,31,'2007-05-31 10:50:05','delayed','2007-05-21 10:50:05','2007-06-07 10:50:05',0,'none',NULL),(311,373,'2005-04-07 17:23:21','delayed','2005-03-28 17:23:21','2005-04-14 17:23:21',0,'none',NULL),(312,535,'2013-01-27 17:36:38','shipped','2013-01-17 17:36:38','2013-02-03 17:36:38',0,'none',NULL),(313,355,'2010-10-27 17:42:51','delivered','2010-10-17 17:42:51','2010-11-03 17:42:51',1,'none',NULL),(314,165,'2018-12-26 19:13:02','new','2018-12-16 19:13:02',NULL,0,'none',NULL),(315,223,'2000-04-25 00:39:24','delayed','2000-04-15 00:39:24','2000-05-02 00:39:24',0,'none',NULL),(316,595,'2007-04-24 05:12:34','new','2007-04-14 05:12:34',NULL,0,'none',NULL),(317,525,'2011-08-01 08:38:10','delayed','2011-07-22 08:38:10','2011-08-08 08:38:10',0,'none',NULL),(318,151,'2016-03-07 13:04:18','new','2016-02-26 13:04:18',NULL,0,'none',NULL),(319,589,'2017-06-11 14:44:27','delayed','2017-06-01 14:44:27','2017-06-18 14:44:27',0,'none',NULL),(320,259,'2004-04-19 10:25:48','processed','2004-04-09 10:25:48','2004-04-26 10:25:48',0,'none',NULL),(321,134,'2013-09-02 03:20:47','delayed','2013-08-23 03:20:47','2013-09-09 03:20:47',0,'none',NULL),(322,349,'2001-05-05 22:44:21','returned','2001-04-25 22:44:21','2001-05-12 22:44:21',0,'damaged goods','2001-05-10 22:44:21'),(323,214,'2012-05-09 15:05:25','processed','2012-04-29 15:05:25','2012-05-16 15:05:25',0,'none',NULL),(324,41,'2014-05-03 19:44:02','returned','2014-04-23 19:44:02','2014-05-10 19:44:02',0,'damaged goods','2014-05-08 19:44:02'),(325,350,'2000-05-17 05:53:39','processed','2000-05-07 05:53:39','2000-05-24 05:53:39',0,'none',NULL),(326,213,'2013-03-15 18:44:41','delivered','2013-03-05 18:44:41','2013-03-22 18:44:41',0,'none',NULL),(327,2,'2010-07-04 02:20:24','delayed','2010-06-24 02:20:24','2010-07-11 02:20:24',0,'none',NULL),(328,261,'2020-04-15 14:01:15','processed','2020-04-05 14:01:15','2020-04-22 14:01:15',0,'none',NULL),(329,329,'2011-08-12 04:32:06','returned','2011-08-02 04:32:06','2011-08-19 04:32:06',0,'wrong size','2011-08-17 04:32:06'),(330,85,'2013-10-04 05:57:22','cancelled','2013-09-24 05:57:22','2013-10-11 05:57:22',0,'none',NULL),(331,32,'2008-04-24 12:12:24','new','2008-04-14 12:12:24',NULL,0,'none',NULL),(332,511,'2012-11-23 20:24:06','processed','2012-11-13 20:24:06','2012-11-30 20:24:06',0,'none',NULL),(333,84,'2010-02-24 09:28:46','delivered','2010-02-14 09:28:46','2010-03-03 09:28:46',0,'none',NULL),(334,416,'2014-03-03 22:02:08','new','2014-02-21 22:02:08',NULL,0,'none',NULL),(335,195,'2015-08-04 08:07:46','shipped','2015-07-25 08:07:46','2015-08-11 08:07:46',0,'none',NULL),(336,149,'2006-08-26 13:46:33','returned','2006-08-16 13:46:33','2006-09-02 13:46:33',0,'wrong size','2006-08-31 13:46:33'),(337,51,'2015-01-25 08:09:11','cancelled','2015-01-15 08:09:11','2015-02-01 08:09:11',0,'none',NULL),(338,430,'2009-05-31 15:42:58','shipped','2009-05-21 15:42:58','2009-06-07 15:42:58',0,'none',NULL),(339,241,'2000-10-30 20:11:58','processed','2000-10-20 20:11:58','2000-11-06 20:11:58',0,'none',NULL),(340,145,'2017-11-07 11:32:25','delayed','2017-10-28 11:32:25','2017-11-14 11:32:25',0,'none',NULL),(341,513,'2010-05-14 22:20:47','delayed','2010-05-04 22:20:47','2010-05-21 22:20:47',0,'none',NULL),(342,43,'2016-03-28 19:18:40','delayed','2016-03-18 19:18:40','2016-04-04 19:18:40',0,'none',NULL),(343,120,'2008-04-29 07:24:49','returned','2008-04-19 07:24:49','2008-05-06 07:24:49',0,'damaged goods','2008-05-04 07:24:49'),(344,376,'2019-10-13 21:19:58','new','2019-10-03 21:19:58',NULL,0,'none',NULL),(345,452,'2012-03-10 03:38:47','new','2012-02-29 03:38:47',NULL,0,'none',NULL),(346,266,'2016-11-23 13:51:55','processed','2016-11-13 13:51:55','2016-11-30 13:51:55',0,'none',NULL),(347,444,'2003-08-26 19:46:14','cancelled','2003-08-16 19:46:14','2003-09-02 19:46:14',0,'none',NULL),(348,236,'2020-10-01 12:06:16','cancelled','2020-09-21 12:06:16','2020-10-08 12:06:16',0,'none',NULL),(349,8,'2010-01-03 17:03:30','cancelled','2009-12-24 17:03:30','2010-01-10 17:03:30',0,'none',NULL),(350,218,'2017-04-02 14:21:30','processed','2017-03-23 14:21:30','2017-04-09 14:21:30',0,'none',NULL),(351,530,'2000-11-16 14:56:51','processed','2000-11-06 14:56:51','2000-11-23 14:56:51',0,'none',NULL),(352,350,'2017-02-13 18:08:54','shipped','2017-02-03 18:08:54','2017-02-20 18:08:54',0,'none',NULL),(353,304,'2004-12-14 05:54:06','shipped','2004-12-04 05:54:06','2004-12-21 05:54:06',0,'none',NULL),(354,401,'2010-10-12 06:32:27','returned','2010-10-02 06:32:27','2010-10-19 06:32:27',0,'wrong size','2010-10-17 06:32:27'),(355,115,'2004-02-18 18:29:56','delivered','2004-02-08 18:29:56','2004-02-25 18:29:56',1,'none',NULL),(356,593,'2011-09-15 21:55:58','delayed','2011-09-05 21:55:58','2011-09-22 21:55:58',0,'none',NULL),(357,163,'2001-04-30 22:36:38','returned','2001-04-20 22:36:38','2001-05-07 22:36:38',0,'damaged goods','2001-05-05 22:36:38'),(358,161,'2017-04-23 00:18:25','returned','2017-04-13 00:18:25','2017-04-30 00:18:25',0,'wrong size','2017-04-28 00:18:25'),(359,517,'2002-06-02 14:49:15','cancelled','2002-05-23 14:49:15','2002-06-09 14:49:15',0,'none',NULL),(360,464,'2020-11-04 10:36:11','cancelled','2020-10-25 10:36:11','2020-11-11 10:36:11',0,'none',NULL),(361,122,'2003-12-23 07:09:12','delivered','2003-12-13 07:09:12','2003-12-30 07:09:12',0,'none',NULL),(362,502,'2010-08-22 10:16:16','delivered','2010-08-12 10:16:16','2010-08-29 10:16:16',0,'none',NULL),(363,562,'2003-12-14 08:49:01','cancelled','2003-12-04 08:49:01','2003-12-21 08:49:01',0,'none',NULL),(364,4,'2002-01-05 07:33:02','new','2001-12-26 07:33:02',NULL,0,'none',NULL),(365,497,'2010-08-12 09:31:25','delivered','2010-08-02 09:31:25','2010-08-19 09:31:25',1,'none',NULL),(366,146,'2016-03-11 06:52:56','shipped','2016-03-01 06:52:56','2016-03-18 06:52:56',0,'none',NULL),(367,252,'2008-12-03 11:49:50','new','2008-11-23 11:49:50',NULL,0,'none',NULL),(368,290,'2003-10-07 16:49:35','processed','2003-09-27 16:49:35','2003-10-14 16:49:35',0,'none',NULL),(369,208,'2006-06-29 18:53:57','shipped','2006-06-19 18:53:57','2006-07-06 18:53:57',0,'none',NULL),(370,68,'2006-01-05 14:12:21','shipped','2005-12-26 14:12:21','2006-01-12 14:12:21',0,'none',NULL),(371,77,'2020-05-09 11:16:00','delivered','2020-04-29 11:16:00','2020-05-16 11:16:00',0,'none',NULL),(372,397,'2022-05-07 07:21:52','delivered','2022-04-27 07:21:52','2022-05-14 07:21:52',1,'none',NULL),(373,571,'2016-09-26 10:24:58','cancelled','2016-09-16 10:24:58','2016-10-03 10:24:58',0,'none',NULL),(374,259,'2016-01-02 03:50:26','new','2015-12-23 03:50:26',NULL,0,'none',NULL),(375,390,'2013-02-09 21:37:56','shipped','2013-01-30 21:37:56','2013-02-16 21:37:56',0,'none',NULL),(376,565,'2006-11-26 05:05:26','delivered','2006-11-16 05:05:26','2006-12-03 05:05:26',1,'none',NULL),(377,226,'2018-10-04 00:40:14','delayed','2018-09-24 00:40:14','2018-10-11 00:40:14',0,'none',NULL),(378,201,'2010-08-30 06:44:48','new','2010-08-20 06:44:48',NULL,0,'none',NULL),(379,298,'2000-08-31 17:25:45','delayed','2000-08-21 17:25:45','2000-09-07 17:25:45',0,'none',NULL),(380,79,'2000-02-05 05:06:03','new','2000-01-26 05:06:03',NULL,0,'none',NULL),(381,429,'2013-12-17 20:07:01','delivered','2013-12-07 20:07:01','2013-12-24 20:07:01',0,'none',NULL),(382,61,'2021-03-24 02:46:54','returned','2021-03-14 02:46:54','2021-03-31 02:46:54',0,'damaged goods','2021-03-29 02:46:54'),(383,406,'2022-08-11 03:44:56','delayed','2022-08-01 03:44:56','2022-08-18 03:44:56',0,'none',NULL),(384,427,'2010-04-08 10:43:11','cancelled','2010-03-29 10:43:11','2010-04-15 10:43:11',0,'none',NULL),(385,15,'2015-09-19 18:43:35','delayed','2015-09-09 18:43:35','2015-09-26 18:43:35',0,'none',NULL),(386,216,'2010-01-12 15:43:32','shipped','2010-01-02 15:43:32','2010-01-19 15:43:32',0,'none',NULL),(387,575,'2010-05-10 03:41:45','cancelled','2010-04-30 03:41:45','2010-05-17 03:41:45',0,'none',NULL),(388,52,'2010-02-01 04:07:53','new','2010-01-22 04:07:53',NULL,0,'none',NULL),(389,122,'2012-12-16 16:25:21','shipped','2012-12-06 16:25:21','2012-12-23 16:25:21',0,'none',NULL),(390,370,'2018-10-16 01:55:09','new','2018-10-06 01:55:09',NULL,0,'none',NULL),(391,205,'2003-10-08 11:52:11','shipped','2003-09-28 11:52:11','2003-10-15 11:52:11',0,'none',NULL),(392,532,'2003-07-20 00:32:54','processed','2003-07-10 00:32:54','2003-07-27 00:32:54',0,'none',NULL),(393,106,'2003-04-28 21:43:37','delayed','2003-04-18 21:43:37','2003-05-05 21:43:37',0,'none',NULL),(394,542,'2009-05-11 15:23:34','delayed','2009-05-01 15:23:34','2009-05-18 15:23:34',0,'none',NULL),(395,103,'2005-02-08 06:33:53','cancelled','2005-01-29 06:33:53','2005-02-15 06:33:53',0,'none',NULL),(396,369,'2001-01-10 21:08:49','delayed','2000-12-31 21:08:49','2001-01-17 21:08:49',0,'none',NULL),(397,201,'2004-05-13 19:20:11','delayed','2004-05-03 19:20:11','2004-05-20 19:20:11',0,'none',NULL),(398,20,'2019-10-27 04:48:05','delayed','2019-10-17 04:48:05','2019-11-03 04:48:05',0,'none',NULL),(399,582,'2022-07-14 09:01:22','processed','2022-07-04 09:01:22','2022-07-21 09:01:22',0,'none',NULL),(400,597,'2014-07-04 22:17:18','delayed','2014-06-24 22:17:18','2014-07-11 22:17:18',0,'none',NULL),(401,572,'2010-06-10 16:00:17','delivered','2010-05-31 16:00:17','2010-06-17 16:00:17',1,'none',NULL),(402,542,'2022-07-07 04:08:17','new','2022-06-27 04:08:17',NULL,0,'none',NULL),(403,46,'2016-01-06 15:14:56','cancelled','2015-12-27 15:14:56','2016-01-13 15:14:56',0,'none',NULL),(404,456,'2001-10-05 00:46:46','new','2001-09-25 00:46:46',NULL,0,'none',NULL),(405,274,'2005-01-27 18:26:10','delayed','2005-01-17 18:26:10','2005-02-03 18:26:10',0,'none',NULL),(406,123,'2013-06-03 16:03:15','processed','2013-05-24 16:03:15','2013-06-10 16:03:15',0,'none',NULL),(407,144,'2000-08-15 14:43:42','delivered','2000-08-05 14:43:42','2000-08-22 14:43:42',0,'none',NULL),(408,490,'2020-09-04 13:18:07','cancelled','2020-08-25 13:18:07','2020-09-11 13:18:07',0,'none',NULL),(409,335,'2007-08-10 16:16:11','cancelled','2007-07-31 16:16:11','2007-08-17 16:16:11',0,'none',NULL),(410,568,'2007-05-03 15:38:06','delivered','2007-04-23 15:38:06','2007-05-10 15:38:06',0,'none',NULL),(411,194,'2020-06-18 13:40:35','shipped','2020-06-08 13:40:35','2020-06-25 13:40:35',0,'none',NULL),(412,1,'2015-07-16 19:20:56','delivered','2015-07-06 19:20:56','2015-07-23 19:20:56',1,'none',NULL),(413,230,'2014-01-07 22:41:58','shipped','2013-12-28 22:41:58','2014-01-14 22:41:58',0,'none',NULL),(414,425,'2005-06-02 05:02:00','shipped','2005-05-23 05:02:00','2005-06-09 05:02:00',0,'none',NULL),(415,569,'2005-06-15 00:38:23','cancelled','2005-06-05 00:38:23','2005-06-22 00:38:23',0,'none',NULL),(416,115,'2019-04-25 22:28:51','delivered','2019-04-15 22:28:51','2019-05-02 22:28:51',1,'none',NULL),(417,9,'2012-04-08 11:30:37','processed','2012-03-29 11:30:37','2012-04-15 11:30:37',0,'none',NULL),(418,433,'2000-02-16 00:42:22','delayed','2000-02-06 00:42:22','2000-02-23 00:42:22',0,'none',NULL),(419,48,'2021-02-21 17:09:50','new','2021-02-11 17:09:50',NULL,0,'none',NULL),(420,515,'2022-05-15 16:50:39','delivered','2022-05-05 16:50:39','2022-05-22 16:50:39',0,'none',NULL),(421,255,'2017-06-15 18:00:01','new','2017-06-05 18:00:01',NULL,0,'none',NULL),(422,554,'2018-12-21 11:21:45','processed','2018-12-11 11:21:45','2018-12-28 11:21:45',0,'none',NULL),(423,81,'2017-08-22 15:01:21','returned','2017-08-12 15:01:21','2017-08-29 15:01:21',0,'damaged goods','2017-08-27 15:01:21'),(424,104,'2007-10-17 15:46:41','cancelled','2007-10-07 15:46:41','2007-10-24 15:46:41',0,'none',NULL),(425,214,'2018-08-29 18:03:53','delayed','2018-08-19 18:03:53','2018-09-05 18:03:53',0,'none',NULL),(426,387,'2001-09-10 10:58:33','new','2001-08-31 10:58:33',NULL,0,'none',NULL),(427,35,'2010-12-19 12:21:00','shipped','2010-12-09 12:21:00','2010-12-26 12:21:00',0,'none',NULL),(428,140,'2011-09-08 01:39:58','cancelled','2011-08-29 01:39:58','2011-09-15 01:39:58',0,'none',NULL),(429,317,'2015-05-01 05:18:54','shipped','2015-04-21 05:18:54','2015-05-08 05:18:54',0,'none',NULL),(430,96,'2015-09-14 08:47:46','new','2015-09-04 08:47:46',NULL,0,'none',NULL),(431,426,'2018-08-08 08:47:51','delivered','2018-07-29 08:47:51','2018-08-15 08:47:51',0,'none',NULL),(432,450,'2009-04-17 14:25:09','delivered','2009-04-07 14:25:09','2009-04-24 14:25:09',1,'none',NULL),(433,269,'2015-07-18 22:20:10','delayed','2015-07-08 22:20:10','2015-07-25 22:20:10',0,'none',NULL),(434,586,'2013-05-18 12:57:01','processed','2013-05-08 12:57:01','2013-05-25 12:57:01',0,'none',NULL),(435,49,'2019-12-14 06:04:44','shipped','2019-12-04 06:04:44','2019-12-21 06:04:44',0,'none',NULL),(436,324,'2013-11-07 08:09:44','shipped','2013-10-28 08:09:44','2013-11-14 08:09:44',0,'none',NULL),(437,241,'2003-07-12 08:46:58','delivered','2003-07-02 08:46:58','2003-07-19 08:46:58',1,'none',NULL),(438,280,'2014-03-20 09:44:41','new','2014-03-10 09:44:41',NULL,0,'none',NULL),(439,205,'2007-03-12 15:38:56','shipped','2007-03-02 15:38:56','2007-03-19 15:38:56',0,'none',NULL),(440,233,'2005-07-22 15:50:33','delivered','2005-07-12 15:50:33','2005-07-29 15:50:33',1,'none',NULL),(441,195,'2012-03-12 11:52:28','processed','2012-03-02 11:52:28','2012-03-19 11:52:28',0,'none',NULL),(442,308,'2002-09-08 04:56:24','processed','2002-08-29 04:56:24','2002-09-15 04:56:24',0,'none',NULL),(443,262,'2019-08-28 02:33:29','delayed','2019-08-18 02:33:29','2019-09-04 02:33:29',0,'none',NULL),(444,221,'2003-06-12 19:18:56','cancelled','2003-06-02 19:18:56','2003-06-19 19:18:56',0,'none',NULL),(445,296,'2007-10-15 09:56:38','processed','2007-10-05 09:56:38','2007-10-22 09:56:38',0,'none',NULL),(446,434,'2001-07-03 07:37:14','shipped','2001-06-23 07:37:14','2001-07-10 07:37:14',0,'none',NULL),(447,221,'2018-10-05 14:18:20','cancelled','2018-09-25 14:18:20','2018-10-12 14:18:20',0,'none',NULL),(448,323,'2008-06-09 08:29:43','cancelled','2008-05-30 08:29:43','2008-06-16 08:29:43',0,'none',NULL),(449,380,'2010-12-22 16:06:09','delayed','2010-12-12 16:06:09','2010-12-29 16:06:09',0,'none',NULL),(450,292,'2017-03-08 15:46:25','cancelled','2017-02-26 15:46:25','2017-03-15 15:46:25',0,'none',NULL),(451,19,'2005-05-10 17:34:03','cancelled','2005-04-30 17:34:03','2005-05-17 17:34:03',0,'none',NULL),(452,531,'2000-03-27 11:15:55','delayed','2000-03-17 11:15:55','2000-04-03 11:15:55',0,'none',NULL),(453,92,'2017-08-29 05:09:30','processed','2017-08-19 05:09:30','2017-09-05 05:09:30',0,'none',NULL),(454,173,'2016-11-02 00:39:28','delayed','2016-10-23 00:39:28','2016-11-09 00:39:28',0,'none',NULL),(455,411,'2021-08-11 18:35:10','delivered','2021-08-01 18:35:10','2021-08-18 18:35:10',0,'none',NULL),(456,561,'2013-08-15 17:27:19','delivered','2013-08-05 17:27:19','2013-08-22 17:27:19',1,'none',NULL),(457,122,'2000-10-31 08:02:04','delayed','2000-10-21 08:02:04','2000-11-07 08:02:04',0,'none',NULL),(458,438,'2002-02-01 14:57:41','new','2002-01-22 14:57:41',NULL,0,'none',NULL),(459,593,'2014-09-30 09:21:44','cancelled','2014-09-20 09:21:44','2014-10-07 09:21:44',0,'none',NULL),(460,53,'2016-05-12 05:10:19','delivered','2016-05-02 05:10:19','2016-05-19 05:10:19',0,'none',NULL),(461,280,'2017-04-10 19:49:39','shipped','2017-03-31 19:49:39','2017-04-17 19:49:39',0,'none',NULL),(462,475,'2022-07-17 20:40:30','cancelled','2022-07-07 20:40:30','2022-07-24 20:40:30',0,'none',NULL),(463,213,'2000-04-09 12:10:09','new','2000-03-30 12:10:09',NULL,0,'none',NULL),(464,120,'2019-12-16 06:20:25','cancelled','2019-12-06 06:20:25','2019-12-23 06:20:25',0,'none',NULL),(465,446,'2014-09-13 17:21:27','delivered','2014-09-03 17:21:27','2014-09-20 17:21:27',0,'none',NULL),(466,379,'2008-10-06 05:07:54','shipped','2008-09-26 05:07:54','2008-10-13 05:07:54',0,'none',NULL),(467,179,'2008-11-11 05:18:21','new','2008-11-01 05:18:21',NULL,0,'none',NULL),(468,263,'2012-08-15 05:22:29','cancelled','2012-08-05 05:22:29','2012-08-22 05:22:29',0,'none',NULL),(469,494,'2014-03-09 07:41:48','delivered','2014-02-27 07:41:48','2014-03-16 07:41:48',1,'none',NULL),(470,314,'2010-12-19 20:55:01','cancelled','2010-12-09 20:55:01','2010-12-26 20:55:01',0,'none',NULL),(471,188,'2021-11-13 12:43:57','shipped','2021-11-03 12:43:57','2021-11-20 12:43:57',0,'none',NULL),(472,108,'2015-09-01 22:23:17','delayed','2015-08-22 22:23:17','2015-09-08 22:23:17',0,'none',NULL),(473,483,'2002-02-01 09:08:40','new','2002-01-22 09:08:40',NULL,0,'none',NULL),(474,444,'2002-12-07 08:42:01','delayed','2002-11-27 08:42:01','2002-12-14 08:42:01',0,'none',NULL),(475,323,'2017-12-17 19:41:38','new','2017-12-07 19:41:38',NULL,0,'none',NULL),(476,567,'2021-06-18 01:10:02','new','2021-06-08 01:10:02',NULL,0,'none',NULL),(477,225,'2015-05-11 20:13:55','delayed','2015-05-01 20:13:55','2015-05-18 20:13:55',0,'none',NULL),(478,543,'2004-01-24 15:51:48','new','2004-01-14 15:51:48',NULL,0,'none',NULL),(479,256,'2004-05-20 14:25:02','cancelled','2004-05-10 14:25:02','2004-05-27 14:25:02',0,'none',NULL),(480,112,'2017-07-28 16:31:40','delayed','2017-07-18 16:31:40','2017-08-04 16:31:40',0,'none',NULL),(481,570,'2018-03-31 00:17:40','cancelled','2018-03-21 00:17:40','2018-04-07 00:17:40',0,'none',NULL),(482,524,'2011-03-16 14:07:42','processed','2011-03-06 14:07:42','2011-03-23 14:07:42',0,'none',NULL),(483,16,'2012-02-12 01:24:16','processed','2012-02-02 01:24:16','2012-02-19 01:24:16',0,'none',NULL),(484,135,'2018-02-27 11:33:05','delivered','2018-02-17 11:33:05','2018-03-06 11:33:05',0,'none',NULL),(485,191,'2022-05-19 09:58:29','cancelled','2022-05-09 09:58:29','2022-05-26 09:58:29',0,'none',NULL),(486,69,'2017-04-09 01:03:28','delivered','2017-03-30 01:03:28','2017-04-16 01:03:28',0,'none',NULL),(487,171,'2021-10-23 18:28:09','delivered','2021-10-13 18:28:09','2021-10-30 18:28:09',1,'none',NULL),(488,559,'2016-04-03 09:46:29','shipped','2016-03-24 09:46:29','2016-04-10 09:46:29',0,'none',NULL),(489,111,'2005-09-13 05:31:32','delivered','2005-09-03 05:31:32','2005-09-20 05:31:32',0,'none',NULL),(490,114,'2015-08-13 07:07:31','processed','2015-08-03 07:07:31','2015-08-20 07:07:31',0,'none',NULL),(491,174,'2001-02-21 12:06:08','new','2001-02-11 12:06:08',NULL,0,'none',NULL),(492,155,'2004-12-17 05:45:53','delayed','2004-12-07 05:45:53','2004-12-24 05:45:53',0,'none',NULL),(493,33,'2005-03-16 21:51:19','delivered','2005-03-06 21:51:19','2005-03-23 21:51:19',1,'none',NULL),(494,84,'2021-03-10 20:44:24','cancelled','2021-02-28 20:44:24','2021-03-17 20:44:24',0,'none',NULL),(495,419,'2003-07-21 13:46:22','new','2003-07-11 13:46:22',NULL,0,'none',NULL),(496,110,'2020-05-16 01:05:39','cancelled','2020-05-06 01:05:39','2020-05-23 01:05:39',0,'none',NULL),(497,558,'2008-05-28 09:56:11','processed','2008-05-18 09:56:11','2008-06-04 09:56:11',0,'none',NULL),(498,365,'2021-11-17 18:46:08','processed','2021-11-07 18:46:08','2021-11-24 18:46:08',0,'none',NULL),(499,146,'2018-02-12 17:58:14','new','2018-02-02 17:58:14',NULL,0,'none',NULL),(500,80,'2005-05-08 14:12:29','cancelled','2005-04-28 14:12:29','2005-05-15 14:12:29',0,'none',NULL),(501,558,'2012-07-03 18:39:34','delayed','2012-06-23 18:39:34','2012-07-10 18:39:34',0,'none',NULL),(502,539,'2007-08-23 00:23:15','shipped','2007-08-13 00:23:15','2007-08-30 00:23:15',0,'none',NULL),(503,428,'2006-05-30 19:21:01','new','2006-05-20 19:21:01',NULL,0,'none',NULL),(504,494,'2010-05-17 17:10:41','processed','2010-05-07 17:10:41','2010-05-24 17:10:41',0,'none',NULL),(505,86,'2012-05-20 04:30:34','delivered','2012-05-10 04:30:34','2012-05-27 04:30:34',1,'none',NULL),(506,148,'2021-05-02 15:42:49','delayed','2021-04-22 15:42:49','2021-05-09 15:42:49',0,'none',NULL),(507,427,'2019-04-28 21:32:52','delayed','2019-04-18 21:32:52','2019-05-05 21:32:52',0,'none',NULL),(508,221,'2021-07-11 18:53:46','delivered','2021-07-01 18:53:46','2021-07-18 18:53:46',1,'none',NULL),(509,471,'2014-06-29 08:37:36','processed','2014-06-19 08:37:36','2014-07-06 08:37:36',0,'none',NULL),(510,338,'2016-01-14 00:05:25','new','2016-01-04 00:05:25',NULL,0,'none',NULL),(511,594,'2014-11-18 01:50:34','new','2014-11-08 01:50:34',NULL,0,'none',NULL),(512,522,'2008-09-04 13:05:11','delivered','2008-08-25 13:05:11','2008-09-11 13:05:11',1,'none',NULL),(513,198,'2009-01-03 13:27:43','new','2008-12-24 13:27:43',NULL,0,'none',NULL),(514,97,'2006-05-01 09:56:26','delivered','2006-04-21 09:56:26','2006-05-08 09:56:26',1,'none',NULL),(515,557,'2001-08-25 02:44:45','new','2001-08-15 02:44:45',NULL,0,'none',NULL),(516,62,'2010-09-09 09:26:44','cancelled','2010-08-30 09:26:44','2010-09-16 09:26:44',0,'none',NULL),(517,184,'2004-03-09 07:49:42','processed','2004-02-28 07:49:42','2004-03-16 07:49:42',0,'none',NULL),(518,222,'2007-03-28 09:15:33','cancelled','2007-03-18 09:15:33','2007-04-04 09:15:33',0,'none',NULL),(519,28,'2011-12-06 15:39:48','shipped','2011-11-26 15:39:48','2011-12-13 15:39:48',0,'none',NULL),(520,303,'2020-02-28 10:00:29','cancelled','2020-02-18 10:00:29','2020-03-06 10:00:29',0,'none',NULL),(521,537,'2010-11-28 10:31:04','cancelled','2010-11-18 10:31:04','2010-12-05 10:31:04',0,'none',NULL),(522,484,'2004-08-26 11:46:23','processed','2004-08-16 11:46:23','2004-09-02 11:46:23',0,'none',NULL),(523,26,'2006-05-13 00:05:08','cancelled','2006-05-03 00:05:08','2006-05-20 00:05:08',0,'none',NULL),(524,143,'2006-06-27 04:18:09','delivered','2006-06-17 04:18:09','2006-07-04 04:18:09',1,'none',NULL),(525,355,'2017-10-25 01:42:33','cancelled','2017-10-15 01:42:33','2017-11-01 01:42:33',0,'none',NULL),(526,174,'2016-08-14 00:09:12','cancelled','2016-08-04 00:09:12','2016-08-21 00:09:12',0,'none',NULL),(527,236,'2004-05-10 06:46:41','delayed','2004-04-30 06:46:41','2004-05-17 06:46:41',0,'none',NULL),(528,543,'2006-09-05 08:05:46','processed','2006-08-26 08:05:46','2006-09-12 08:05:46',0,'none',NULL),(529,484,'2009-09-06 09:48:51','delayed','2009-08-27 09:48:51','2009-09-13 09:48:51',0,'none',NULL),(530,104,'2003-09-09 09:47:48','processed','2003-08-30 09:47:48','2003-09-16 09:47:48',0,'none',NULL),(531,6,'2014-09-10 04:34:20','cancelled','2014-08-31 04:34:20','2014-09-17 04:34:20',0,'none',NULL),(532,231,'2001-12-31 14:18:42','cancelled','2001-12-21 14:18:42','2002-01-07 14:18:42',0,'none',NULL),(533,222,'2019-10-20 13:06:57','new','2019-10-10 13:06:57',NULL,0,'none',NULL),(534,142,'2015-10-01 10:21:38','new','2015-09-21 10:21:38',NULL,0,'none',NULL),(535,586,'2021-11-15 03:46:34','delivered','2021-11-05 03:46:34','2021-11-22 03:46:34',0,'none',NULL),(536,332,'2011-08-19 07:42:52','processed','2011-08-09 07:42:52','2011-08-26 07:42:52',0,'none',NULL),(537,335,'2019-07-22 05:46:42','cancelled','2019-07-12 05:46:42','2019-07-29 05:46:42',0,'none',NULL),(538,363,'2009-06-02 21:38:52','cancelled','2009-05-23 21:38:52','2009-06-09 21:38:52',0,'none',NULL),(539,80,'2001-08-13 05:00:55','delayed','2001-08-03 05:00:55','2001-08-20 05:00:55',0,'none',NULL),(540,211,'2021-12-11 06:18:19','delayed','2021-12-01 06:18:19','2021-12-18 06:18:19',0,'none',NULL),(541,519,'2004-01-20 06:28:13','delayed','2004-01-10 06:28:13','2004-01-27 06:28:13',0,'none',NULL),(542,581,'2021-09-24 10:09:40','delayed','2021-09-14 10:09:40','2021-10-01 10:09:40',0,'none',NULL),(543,445,'2000-05-14 22:42:09','cancelled','2000-05-04 22:42:09','2000-05-21 22:42:09',0,'none',NULL),(544,186,'2018-12-31 14:03:18','new','2018-12-21 14:03:18',NULL,0,'none',NULL),(545,440,'2009-08-29 07:31:27','cancelled','2009-08-19 07:31:27','2009-09-05 07:31:27',0,'none',NULL),(546,225,'2011-11-29 10:13:12','processed','2011-11-19 10:13:12','2011-12-06 10:13:12',0,'none',NULL),(547,364,'2015-07-03 05:57:07','shipped','2015-06-23 05:57:07','2015-07-10 05:57:07',0,'none',NULL),(548,269,'2005-03-02 13:16:53','shipped','2005-02-20 13:16:53','2005-03-09 13:16:53',0,'none',NULL),(549,167,'2001-07-07 00:11:22','processed','2001-06-27 00:11:22','2001-07-14 00:11:22',0,'none',NULL),(550,192,'2002-08-26 12:26:14','new','2002-08-16 12:26:14',NULL,0,'none',NULL),(551,41,'2017-06-29 13:43:07','shipped','2017-06-19 13:43:07','2017-07-06 13:43:07',0,'none',NULL),(552,212,'2020-12-07 05:36:10','processed','2020-11-27 05:36:10','2020-12-14 05:36:10',0,'none',NULL),(553,413,'2011-09-30 17:10:05','delayed','2011-09-20 17:10:05','2011-10-07 17:10:05',0,'none',NULL),(554,74,'2013-08-22 07:25:42','cancelled','2013-08-12 07:25:42','2013-08-29 07:25:42',0,'none',NULL),(555,455,'2000-02-18 00:15:23','processed','2000-02-08 00:15:23','2000-02-25 00:15:23',0,'none',NULL),(556,320,'2017-04-19 15:17:24','delivered','2017-04-09 15:17:24','2017-04-26 15:17:24',1,'none',NULL),(557,405,'2015-04-12 22:05:24','cancelled','2015-04-02 22:05:24','2015-04-19 22:05:24',0,'none',NULL),(558,105,'2017-05-13 02:13:39','cancelled','2017-05-03 02:13:39','2017-05-20 02:13:39',0,'none',NULL),(559,567,'2021-11-19 12:00:21','delayed','2021-11-09 12:00:21','2021-11-26 12:00:21',0,'none',NULL),(560,393,'2000-08-26 00:52:47','shipped','2000-08-16 00:52:47','2000-09-02 00:52:47',0,'none',NULL),(561,81,'2014-09-12 05:35:40','cancelled','2014-09-02 05:35:40','2014-09-19 05:35:40',0,'none',NULL),(562,568,'2020-11-13 08:32:06','shipped','2020-11-03 08:32:06','2020-11-20 08:32:06',0,'none',NULL),(563,132,'2018-08-14 09:21:12','delivered','2018-08-04 09:21:12','2018-08-21 09:21:12',1,'none',NULL),(564,313,'2000-10-07 17:32:18','processed','2000-09-27 17:32:18','2000-10-14 17:32:18',0,'none',NULL),(565,523,'2001-12-07 18:09:55','shipped','2001-11-27 18:09:55','2001-12-14 18:09:55',0,'none',NULL),(566,212,'2002-09-24 04:48:40','delivered','2002-09-14 04:48:40','2002-10-01 04:48:40',1,'none',NULL),(567,99,'2020-09-14 21:42:14','shipped','2020-09-04 21:42:14','2020-09-21 21:42:14',0,'none',NULL),(568,410,'2013-10-07 10:25:04','cancelled','2013-09-27 10:25:04','2013-10-14 10:25:04',0,'none',NULL),(569,23,'2011-07-15 11:07:40','cancelled','2011-07-05 11:07:40','2011-07-22 11:07:40',0,'none',NULL),(570,512,'2009-03-06 22:48:40','delayed','2009-02-24 22:48:40','2009-03-13 22:48:40',0,'none',NULL),(571,561,'2014-03-21 13:15:44','new','2014-03-11 13:15:44',NULL,0,'none',NULL),(572,95,'2005-08-09 17:01:05','new','2005-07-30 17:01:05',NULL,0,'none',NULL),(573,233,'2019-01-10 11:49:34','cancelled','2018-12-31 11:49:34','2019-01-17 11:49:34',0,'none',NULL),(574,378,'2007-10-21 07:24:33','shipped','2007-10-11 07:24:33','2007-10-28 07:24:33',0,'none',NULL),(575,509,'2006-01-26 21:20:13','processed','2006-01-16 21:20:13','2006-02-02 21:20:13',0,'none',NULL),(576,155,'2013-10-29 08:39:08','delivered','2013-10-19 08:39:08','2013-11-05 08:39:08',1,'none',NULL),(577,548,'2014-11-06 11:54:13','cancelled','2014-10-27 11:54:13','2014-11-13 11:54:13',0,'none',NULL),(578,100,'2004-06-23 10:04:08','cancelled','2004-06-13 10:04:08','2004-06-30 10:04:08',0,'none',NULL),(579,510,'2011-10-26 10:36:32','new','2011-10-16 10:36:32',NULL,0,'none',NULL),(580,8,'2020-09-20 10:18:04','delivered','2020-09-10 10:18:04','2020-09-27 10:18:04',1,'none',NULL),(581,322,'2008-04-11 11:15:49','new','2008-04-01 11:15:49',NULL,0,'none',NULL),(582,292,'2022-03-13 11:17:38','shipped','2022-03-03 11:17:38','2022-03-20 11:17:38',0,'none',NULL),(583,376,'2006-03-10 04:12:04','shipped','2006-02-28 04:12:04','2006-03-17 04:12:04',0,'none',NULL),(584,531,'2011-06-27 04:00:44','delayed','2011-06-17 04:00:44','2011-07-04 04:00:44',0,'none',NULL),(585,158,'2016-03-16 08:03:27','delayed','2016-03-06 08:03:27','2016-03-23 08:03:27',0,'none',NULL),(586,441,'2019-10-09 22:05:10','cancelled','2019-09-29 22:05:10','2019-10-16 22:05:10',0,'none',NULL),(587,410,'2008-02-02 14:09:42','delayed','2008-01-23 14:09:42','2008-02-09 14:09:42',0,'none',NULL),(588,145,'2015-08-20 13:35:38','processed','2015-08-10 13:35:38','2015-08-27 13:35:38',0,'none',NULL),(589,106,'2014-06-23 19:29:45','delivered','2014-06-13 19:29:45','2014-06-30 19:29:45',1,'none',NULL),(590,98,'2020-05-13 18:25:07','cancelled','2020-05-03 18:25:07','2020-05-20 18:25:07',0,'none',NULL),(591,244,'2005-03-12 11:14:14','cancelled','2005-03-02 11:14:14','2005-03-19 11:14:14',0,'none',NULL),(592,139,'2016-05-10 00:16:07','shipped','2016-04-30 00:16:07','2016-05-17 00:16:07',0,'none',NULL),(593,419,'2013-11-06 12:48:37','shipped','2013-10-27 12:48:37','2013-11-13 12:48:37',0,'none',NULL),(594,545,'2008-01-21 18:54:38','delivered','2008-01-11 18:54:38','2008-01-28 18:54:38',1,'none',NULL),(595,138,'2015-11-08 17:57:52','processed','2015-10-29 17:57:52','2015-11-15 17:57:52',0,'none',NULL),(596,581,'2010-05-08 11:15:20','delivered','2010-04-28 11:15:20','2010-05-15 11:15:20',1,'none',NULL),(597,282,'2008-06-04 19:31:33','cancelled','2008-05-25 19:31:33','2008-06-11 19:31:33',0,'none',NULL),(598,88,'2010-11-08 01:03:10','shipped','2010-10-29 01:03:10','2010-11-15 01:03:10',0,'none',NULL),(599,335,'2011-10-17 01:00:34','shipped','2011-10-07 01:00:34','2011-10-24 01:00:34',0,'none',NULL),(600,37,'2015-07-25 20:42:47','processed','2015-07-15 20:42:47','2015-08-01 20:42:47',0,'none',NULL);
/*!40000 ALTER TABLE `delivery_status` ENABLE KEYS */;
UNLOCK TABLES;
/*!40103 SET TIME_ZONE=@OLD_TIME_ZONE */;

/*!40101 SET SQL_MODE=@OLD_SQL_MODE */;
/*!40014 SET FOREIGN_KEY_CHECKS=@OLD_FOREIGN_KEY_CHECKS */;
/*!40014 SET UNIQUE_CHECKS=@OLD_UNIQUE_CHECKS */;
/*!40101 SET CHARACTER_SET_CLIENT=@OLD_CHARACTER_SET_CLIENT */;
/*!40101 SET CHARACTER_SET_RESULTS=@OLD_CHARACTER_SET_RESULTS */;
/*!40101 SET COLLATION_CONNECTION=@OLD_COLLATION_CONNECTION */;
/*!40111 SET SQL_NOTES=@OLD_SQL_NOTES */;

-- Dump completed on 2022-09-14 19:50:14



###Delivery status creation and data import end###


